"date","total_value","km","category_name","quantity","cost_type","observation","vehicle_model","plate","unit","category_id","supplier","cost_name","invoice_number","id","created_date","updated_date","created_by_id","created_by","is_sample"
"2026-06-25","814.67","61505","","116.55","DIESEL (P)","","","ERG1E95","LT","","POSTO CRISTOVAO COLOMBO LTDA","COMBUSTÍVEIS","3170","6a564285dec857502abe2e05","2026-07-14T14:07:01.608000","2026-07-14T14:07:01.608000","service_ee02f896-97ac-4ee7-b74a-be74c961f91f","service+ee02f896-97ac-4ee7-b74a-be74c961f91f@no-reply.base44.com","false"
"2026-06-25","502.97","118203","","73","DIESEL (P)","","","SDK8F89","LT","","REDE DE POSTOS MARAJO RIANAPOLIS LTDA","COMBUSTÍVEIS","3772","6a564285dec857502abe2e06","2026-07-14T14:07:01.608000","2026-07-14T14:07:01.608000","service_ee02f896-97ac-4ee7-b74a-be74c961f91f","service+ee02f896-97ac-4ee7-b74a-be74c961f91f@no-reply.base44.com","false"
"2026-06-25","12.57","118203","","3","ARLA","","","SDK8F89","LT","","REDE DE POSTOS MARAJO RIANAPOLIS LTDA","COMBUSTÍVEIS","3773","6a564285dec857502abe2e07","2026-07-14T14:07:01.608000","2026-07-14T14:07:01.608000","service_ee02f896-97ac-4ee7-b74a-be74c961f91f","service+ee02f896-97ac-4ee7-b74a-be74c961f91f@no-reply.base44.com","false"
"2026-06-25","3427.95","104998","","429.03","DIESEL (P)","","","SCB8F89","LT","","POSTO MEIRA COMERCIO DE COMBUSTIVEIS LTDA","COMBUSTÍVEIS","8497","6a564285dec857502abe2e08","2026-07-14T14:07:01.608000","2026-07-14T14:07:01.608000","service_ee02f896-97ac-4ee7-b74a-be74c961f91f","service+ee02f896-97ac-4ee7-b74a-be74c961f91f@no-reply.base44.com","false"
"2026-06-25","119.56","104998","","28","ARLA","","","SCB8F89","LT","","POSTO MEIRA COMERCIO DE COMBUSTIVEIS LTDA","COMBUSTÍVEIS","8498","6a564285dec857502abe2e09","2026-07-14T14:07:01.608000","2026-07-14T14:07:01.608000","service_ee02f896-97ac-4ee7-b74a-be74c961f91f","service+ee02f896-97ac-4ee7-b74a-be74c961f91f@no-reply.base44.com","false"
"2026-06-25","4014.07","136206","","600.01","DIESEL (P)","","","SCE8F89","LT","","AUTO POSTO MASUT LTDA","COMBUSTÍVEIS","48679","6a564285dec857502abe2e0a","2026-07-14T14:07:01.608000","2026-07-14T14:07:01.608000","service_ee02f896-97ac-4ee7-b74a-be74c961f91f","service+ee02f896-97ac-4ee7-b74a-be74c961f91f@no-reply.base44.com","false"
"2026-06-25","29.54","110042","","5.92","ARLA","COMBUSTIVEL 16-06 A 30-06 FROTA","","SDF8F89","LT","","POSTO ALDEIA LTDA","COMBUSTÍVEIS","52574","6a564285dec857502abe2e0b","2026-07-14T14:07:01.608000","2026-07-14T14:07:01.608000","service_ee02f896-97ac-4ee7-b74a-be74c961f91f","service+ee02f896-97ac-4ee7-b74a-be74c961f91f@no-reply.base44.com","false"
"2026-06-25","868.23","110042","","118.61","DIESEL (P)","COMBUSTIVEL 16-06 A 30-06 FROTA","","SDF8F89","LT","","POSTO ALDEIA LTDA","COMBUSTÍVEIS","52576","6a564285dec857502abe2e0c","2026-07-14T14:07:01.608000","2026-07-14T14:07:01.608000","service_ee02f896-97ac-4ee7-b74a-be74c961f91f","service+ee02f896-97ac-4ee7-b74a-be74c961f91f@no-reply.base44.com","false"
"2026-06-25","313.37","360965","","74.79","ARLA","","","RCJ1E32","LT","","REDE DE POSTOS MARAJO RIO VERDE LTDA","COMBUSTÍVEIS","102553","6a564285dec857502abe2e0d","2026-07-14T14:07:01.608000","2026-07-14T14:07:01.608000","service_ee02f896-97ac-4ee7-b74a-be74c961f91f","service+ee02f896-97ac-4ee7-b74a-be74c961f91f@no-reply.base44.com","false"
"2026-06-25","3501.99","360965","","501","DIESEL (P)","","","RCJ1E32","LT","","REDE DE POSTOS MARAJO RIO VERDE LTDA","COMBUSTÍVEIS","102554","6a564285dec857502abe2e0e","2026-07-14T14:07:01.608000","2026-07-14T14:07:01.608000","service_ee02f896-97ac-4ee7-b74a-be74c961f91f","service+ee02f896-97ac-4ee7-b74a-be74c961f91f@no-reply.base44.com","false"
"2026-06-25","195.71","442371","SAVEIROS","44.58","ETANOL","COMBUSTIVEL 16-06 A 30-06 FROTA","VW SAVEIRO","NKV6598","LT","6a0720885c9dd6ed8a22760b","AUTO POSTO NOVO MILLENIUM LTDA","COMBUSTÍVEIS","216122","6a564285dec857502abe2e0f","2026-07-14T14:07:01.608000","2026-07-15T14:40:45.239000","service_ee02f896-97ac-4ee7-b74a-be74c961f91f","service+ee02f896-97ac-4ee7-b74a-be74c961f91f@no-reply.base44.com","false"
"2026-06-25","188.59","47220","","42","ETANOL","COMBUSTIVEL FROTA 16-06 A 30-06","","TGD8F88","LT","","AUTO POSTO PAINEIRAS LTDA","COMBUSTÍVEIS","320156","6a564285dec857502abe2e10","2026-07-14T14:07:01.608000","2026-07-14T14:07:01.608000","service_ee02f896-97ac-4ee7-b74a-be74c961f91f","service+ee02f896-97ac-4ee7-b74a-be74c961f91f@no-reply.base44.com","false"
"2026-06-25","281.18","82502","","40.22","DIESEL (P)","COMBUSTIVEL VILA VELHA 16-06 A 30-06","","RBT2A64","LT","","POSTO CRISTOVAO COLOMBO LTDA","COMBUSTÍVEIS","424527","6a564285dec857502abe2e11","2026-07-14T14:07:01.608000","2026-07-14T14:07:01.608000","service_ee02f896-97ac-4ee7-b74a-be74c961f91f","service+ee02f896-97ac-4ee7-b74a-be74c961f91f@no-reply.base44.com","false"
"2026-06-26","914.71","62384","","130.86","DIESEL (P)","","","FON1F81","LT","","POSTO CRISTOVAO COLOMBO LTDA","COMBUSTÍVEIS","3187","6a564285dec857502abe2e12","2026-07-14T14:07:01.608000","2026-07-14T14:07:01.608000","service_ee02f896-97ac-4ee7-b74a-be74c961f91f","service+ee02f896-97ac-4ee7-b74a-be74c961f91f@no-reply.base44.com","false"
"2026-06-26","658.9","105230","","94.26","DIESEL (P)","","","RBX9D43","LT","","POSTO CRISTOVAO COLOMBO LTDA","COMBUSTÍVEIS","3212","6a564285dec857502abe2e13","2026-07-14T14:07:01.608000","2026-07-14T14:07:01.608000","service_ee02f896-97ac-4ee7-b74a-be74c961f91f","service+ee02f896-97ac-4ee7-b74a-be74c961f91f@no-reply.base44.com","false"
"2026-06-26","468.7","119024","","62.58","DIESEL (P)","","","SDK8F89","LT","","POSTO MARRA LTDA","COMBUSTÍVEIS","6592","6a564285dec857502abe2e14","2026-07-14T14:07:01.608000","2026-07-14T14:07:01.608000","service_ee02f896-97ac-4ee7-b74a-be74c961f91f","service+ee02f896-97ac-4ee7-b74a-be74c961f91f@no-reply.base44.com","false"
"2026-06-26","38.75","119024","","9.71","ARLA","","","SDK8F89","LT","","POSTO MARRA LTDA","COMBUSTÍVEIS","6593","6a564285dec857502abe2e15","2026-07-14T14:07:01.608000","2026-07-14T14:07:01.608000","service_ee02f896-97ac-4ee7-b74a-be74c961f91f","service+ee02f896-97ac-4ee7-b74a-be74c961f91f@no-reply.base44.com","false"
"2026-06-26","101.33","97582","","26.05","ARLA","","","SCN8F89","LT","","AUTO POSTO URUGUAI LTDA","COMBUSTÍVEIS","7885","6a564285dec857502abe2e16","2026-07-14T14:07:01.608000","2026-07-14T14:07:01.608000","service_ee02f896-97ac-4ee7-b74a-be74c961f91f","service+ee02f896-97ac-4ee7-b74a-be74c961f91f@no-reply.base44.com","false"
"2026-06-26","2722.79","97582","","401","DIESEL (P)","","","SCN8F89","LT","","AUTO POSTO URUGUAI LTDA","COMBUSTÍVEIS","7886","6a564285dec857502abe2e17","2026-07-14T14:07:01.608000","2026-07-14T14:07:01.608000","service_ee02f896-97ac-4ee7-b74a-be74c961f91f","service+ee02f896-97ac-4ee7-b74a-be74c961f91f@no-reply.base44.com","false"
"2026-06-26","165.61","183045","","39.06","ETANOL","","","SDF7I44","LT","","TRÊS BARRAS COMBUSTÍVEIS LTDA","COMBUSTÍVEIS","37826","6a564285dec857502abe2e18","2026-07-14T14:07:01.608000","2026-07-14T14:07:01.608000","service_ee02f896-97ac-4ee7-b74a-be74c961f91f","service+ee02f896-97ac-4ee7-b74a-be74c961f91f@no-reply.base44.com","false"
"2026-06-27","620.31","119487","","90.03","DIESEL (P)","","","SDK8F89","LT","","REDE DE POSTOS MARAJO RIANAPOLIS LTDA","COMBUSTÍVEIS","3879","6a564285dec857502abe2e19","2026-07-14T14:07:01.608000","2026-07-14T14:07:01.608000","service_ee02f896-97ac-4ee7-b74a-be74c961f91f","service+ee02f896-97ac-4ee7-b74a-be74c961f91f@no-reply.base44.com","false"
"2026-06-27","17.61","119487","","4.2","ARLA","","","SDK8F89","LT","","REDE DE POSTOS MARAJO RIANAPOLIS LTDA","COMBUSTÍVEIS","3880","6a564285dec857502abe2e1a","2026-07-14T14:07:01.608000","2026-07-14T14:07:01.608000","service_ee02f896-97ac-4ee7-b74a-be74c961f91f","service+ee02f896-97ac-4ee7-b74a-be74c961f91f@no-reply.base44.com","false"
"2026-06-27","4000.62","324305","","598","DIESEL (P)","","","RCN5F85","LT","","AUTO POSTO MASUT LTDA","COMBUSTÍVEIS","48797","6a564285dec857502abe2e1b","2026-07-14T14:07:01.608000","2026-07-14T14:07:01.608000","service_ee02f896-97ac-4ee7-b74a-be74c961f91f","service+ee02f896-97ac-4ee7-b74a-be74c961f91f@no-reply.base44.com","false"
"2026-06-27","69.59","43281","","10.1","GASOLINA","","","SCU8F80","LT","","AUTO POSTO INDIANAPOLIS LTDA","COMBUSTÍVEIS","68627","6a564285dec857502abe2e1c","2026-07-14T14:07:01.608000","2026-07-14T14:07:01.608000","service_ee02f896-97ac-4ee7-b74a-be74c961f91f","service+ee02f896-97ac-4ee7-b74a-be74c961f91f@no-reply.base44.com","false"
"2026-06-27","530.25","32145","","79.26","DIESEL (P)","","","JAC4I67","LT","","SANTA MARIA DERIVADOS DE PETROLEO LTDA","COMBUSTÍVEIS","92139","6a564285dec857502abe2e1d","2026-07-14T14:07:01.608000","2026-07-14T14:07:01.608000","service_ee02f896-97ac-4ee7-b74a-be74c961f91f","service+ee02f896-97ac-4ee7-b74a-be74c961f91f@no-reply.base44.com","false"
"2026-06-27","61.96","32145","","12.42","ARLA","","","JAC4I67","LT","","SANTA MARIA DERIVADOS DE PETROLEO LTDA","COMBUSTÍVEIS","92140","6a564285dec857502abe2e1e","2026-07-14T14:07:01.608000","2026-07-14T14:07:01.608000","service_ee02f896-97ac-4ee7-b74a-be74c961f91f","service+ee02f896-97ac-4ee7-b74a-be74c961f91f@no-reply.base44.com","false"
"2026-06-27","461.14","43281","","66.16","GASOLINA","COMBUSTIVEL FROTA 16-06 A 30-06","","SCU8F80","LT","","POSTO Z+Z HOUSING LTDA","COMBUSTÍVEIS","1374831","6a564285dec857502abe2e1f","2026-07-14T14:07:01.608000","2026-07-14T14:07:01.608000","service_ee02f896-97ac-4ee7-b74a-be74c961f91f","service+ee02f896-97ac-4ee7-b74a-be74c961f91f@no-reply.base44.com","false"
"2026-06-28","300.07","55987","","43.87","GASOLINA","COMBUSTIVEL FROTA 16-06 A 30-06","","TGB8F88","LT","","POSTO GERAR LTDA","COMBUSTÍVEIS","55988","6a564285dec857502abe2e20","2026-07-14T14:07:01.608000","2026-07-14T14:07:01.608000","service_ee02f896-97ac-4ee7-b74a-be74c961f91f","service+ee02f896-97ac-4ee7-b74a-be74c961f91f@no-reply.base44.com","false"
"2026-06-28","165.38","47667","","38.55","ETANOL","COMBUSTIVEL FROTA 16-06 A 30-06","","TGD8F88","LT","","DECIO COMERCIO E SERVICOS RODOVIARIOS LTDA","COMBUSTÍVEIS","199298","6a564285dec857502abe2e21","2026-07-14T14:07:01.608000","2026-07-14T14:07:01.608000","service_ee02f896-97ac-4ee7-b74a-be74c961f91f","service+ee02f896-97ac-4ee7-b74a-be74c961f91f@no-reply.base44.com","false"
"2026-06-28","168.68","48047","","38.96","ETANOL","COMBUSTIVEL FROTA 16-06 A 30-06","","TGD8F88","LT","","GHANDI SECAF & CIA LT","COMBUSTÍVEIS","271787","6a564285dec857502abe2e22","2026-07-14T14:07:01.608000","2026-07-14T14:07:01.608000","service_ee02f896-97ac-4ee7-b74a-be74c961f91f","service+ee02f896-97ac-4ee7-b74a-be74c961f91f@no-reply.base44.com","false"
"2026-06-28","75.36","47335","","16.86","ETANOL","COMBUSTIVEL FROTA 16-06 A 30-06","","TGD8F88","LT","","AUTO POSTO URUGUAI LTDA","COMBUSTÍVEIS","308042","6a564285dec857502abe2e23","2026-07-14T14:07:01.608000","2026-07-14T14:07:01.608000","service_ee02f896-97ac-4ee7-b74a-be74c961f91f","service+ee02f896-97ac-4ee7-b74a-be74c961f91f@no-reply.base44.com","false"
"2026-06-29","241.21","40066","","53.13","ETANOL","","","SDB0G19","LT","","AUTO POSTO CASTELO LTDA","COMBUSTÍVEIS","33226","6a564285dec857502abe2e24","2026-07-14T14:07:01.608000","2026-07-14T14:07:01.608000","service_ee02f896-97ac-4ee7-b74a-be74c961f91f","service+ee02f896-97ac-4ee7-b74a-be74c961f91f@no-reply.base44.com","false"
"2026-06-29","138.62","48328","","28.94","ETANOL","COMBUSTIVEL FROTA 16-06 A 30-06","","TGD8F88","LT","","CENTRO DE SERVS FRANGO ASSADO NORTE LT","COMBUSTÍVEIS","95926","6a564285dec857502abe2e25","2026-07-14T14:07:01.608000","2026-07-14T14:07:01.608000","service_ee02f896-97ac-4ee7-b74a-be74c961f91f","service+ee02f896-97ac-4ee7-b74a-be74c961f91f@no-reply.base44.com","false"
"2026-06-29","121.95","56272","","27.16","ETANOL","","","TGB8F88","LT","","AUGUSTO URIAS DA CRUZ E FILHOS LTDA","COMBUSTÍVEIS","267728","6a564285dec857502abe2e26","2026-07-14T14:07:01.608000","2026-07-14T14:07:01.608000","service_ee02f896-97ac-4ee7-b74a-be74c961f91f","service+ee02f896-97ac-4ee7-b74a-be74c961f91f@no-reply.base44.com","false"
"2026-06-29","145","56888","","33.03","ETANOL","COMBUSTIVEL FROTA 16-06 A 30-06","","TGB8F88","LT","","POSTO UNIVERSAL LTDA","COMBUSTÍVEIS","747833","6a564285dec857502abe2e27","2026-07-14T14:07:01.608000","2026-07-14T14:07:01.608000","service_ee02f896-97ac-4ee7-b74a-be74c961f91f","service+ee02f896-97ac-4ee7-b74a-be74c961f91f@no-reply.base44.com","false"
"2026-06-29","127.24","56560","","29.66","ETANOL","COMBUSTIVEL FROTA 16-06 A 30-06","","TGB8F88","LT","","POSTO SANTA EDWIGES PETROLEO LTDA","COMBUSTÍVEIS","763140","6a564285dec857502abe2e28","2026-07-14T14:07:01.608000","2026-07-14T14:07:01.608000","service_ee02f896-97ac-4ee7-b74a-be74c961f91f","service+ee02f896-97ac-4ee7-b74a-be74c961f91f@no-reply.base44.com","false"
"2026-06-29","857.34","65062","CESTO AÉREO","119.24","DIESEL (P)","COMBUSTIVEL VILA VELHA 16-06 A 30-06","VW 9-170","FCG0F18","LT","6a0720885c9dd6ed8a227605","POSTO CRISTOVAO COLOMBO LTDA","COMBUSTÍVEIS","928602","6a564285dec857502abe2e29","2026-07-14T14:07:01.608000","2026-07-15T14:45:53.890000","service_ee02f896-97ac-4ee7-b74a-be74c961f91f","service+ee02f896-97ac-4ee7-b74a-be74c961f91f@no-reply.base44.com","false"
"2026-06-30","873.7","49149","","124.99","DIESEL (P)","","","RET5E47","LT","","POSTO CRISTOVAO COLOMBO LTDA","COMBUSTÍVEIS","3258","6a564285dec857502abe2e2a","2026-07-14T14:07:01.608000","2026-07-14T14:07:01.608000","service_ee02f896-97ac-4ee7-b74a-be74c961f91f","service+ee02f896-97ac-4ee7-b74a-be74c961f91f@no-reply.base44.com","false"
"2026-06-30","475.8","82708","","68.07","DIESEL (P)","","","RBT2A64","LT","","POSTO CRISTOVAO COLOMBO LTDA","COMBUSTÍVEIS","3263","6a564285dec857502abe2e2b","2026-07-14T14:07:01.608000","2026-07-14T14:07:01.608000","service_ee02f896-97ac-4ee7-b74a-be74c961f91f","service+ee02f896-97ac-4ee7-b74a-be74c961f91f@no-reply.base44.com","false"
"2026-06-30","1492.71","42968","","219.84","DIESEL (P)","","","SCK8F89","LT","","AUTO POSTO URUGUAI LTDA","COMBUSTÍVEIS","8037","6a564285dec857502abe2e2c","2026-07-14T14:07:01.608000","2026-07-14T14:07:01.608000","service_ee02f896-97ac-4ee7-b74a-be74c961f91f","service+ee02f896-97ac-4ee7-b74a-be74c961f91f@no-reply.base44.com","false"
"2026-06-30","150.02","49247","","36.67","ETANOL","COMBUSTIVEL FROTA 16-06 A 30-06","","TGD8F88","LT","","REDE DE POSTOS MARAJÓ MORRINHOS LTDA","COMBUSTÍVEIS","39459","6a564285dec857502abe2e2d","2026-07-14T14:07:01.608000","2026-07-14T14:07:01.608000","service_ee02f896-97ac-4ee7-b74a-be74c961f91f","service+ee02f896-97ac-4ee7-b74a-be74c961f91f@no-reply.base44.com","false"
"2026-06-30","185.14","48740","","46.4","ETANOL","COMBUSTIVEL FROTA 16-06 A 30-06","","TGD8F88","LT","","POSTO CALIFORNIA DE JABOTICABAL LTDA","COMBUSTÍVEIS","180263","6a564285dec857502abe2e2e","2026-07-14T14:07:01.608000","2026-07-14T14:07:01.608000","service_ee02f896-97ac-4ee7-b74a-be74c961f91f","service+ee02f896-97ac-4ee7-b74a-be74c961f91f@no-reply.base44.com","false"
"2026-06-30","719.44","141621","","102.92","DIESEL (P)","COMBUSTIVEL VILA VELHA 16-06 A 30-06","","LUE3B05","LT","","POSTO CRISTOVAO COLOMBO LTDA","COMBUSTÍVEIS","426073","6a564285dec857502abe2e2f","2026-07-14T14:07:01.608000","2026-07-14T14:07:01.608000","service_ee02f896-97ac-4ee7-b74a-be74c961f91f","service+ee02f896-97ac-4ee7-b74a-be74c961f91f@no-reply.base44.com","false"
"2026-06-30","100","49027","","15.9","GASOLINA","COMBUSTIVEL FROTA 16-06 A 30-06","","TGD8F88","LT","","POSTO LOS PAMPAS","COMBUSTÍVEIS","427265","6a564285dec857502abe2e30","2026-07-14T14:07:01.608000","2026-07-14T14:07:01.608000","service_ee02f896-97ac-4ee7-b74a-be74c961f91f","service+ee02f896-97ac-4ee7-b74a-be74c961f91f@no-reply.base44.com","false"
"2026-06-30","200.02","57293","","42.83","ETANOL","COMBUSTIVEL FROTA 16-06 A 30-06","","TGB8F88","LT","","REDE SOUZA","COMBUSTÍVEIS","783270","6a564285dec857502abe2e31","2026-07-14T14:07:01.608000","2026-07-14T14:07:01.608000","service_ee02f896-97ac-4ee7-b74a-be74c961f91f","service+ee02f896-97ac-4ee7-b74a-be74c961f91f@no-reply.base44.com","false"
"2026-06-17","40.26","106552","","10.35","ARLA","COMBUSTIVEL 16-06 A 30-06 FROTA","","SDF8F89","LT","","POSTO TREVO","COMBUSTÍVEIS","2902648","6a564285dec857502abe2dc2","2026-07-14T14:07:01.607000","2026-07-14T14:07:01.607000","service_ee02f896-97ac-4ee7-b74a-be74c961f91f","service+ee02f896-97ac-4ee7-b74a-be74c961f91f@no-reply.base44.com","false"
"2026-06-17","642.04","106552","","85.72","DIESEL (P)","COMBUSTIVEL 16-06 A 30-06 FROTA","","SDF8F89","LT","","POSTO TREVO","COMBUSTÍVEIS","2902648","6a564285dec857502abe2dc3","2026-07-14T14:07:01.607000","2026-07-14T14:07:01.607000","service_ee02f896-97ac-4ee7-b74a-be74c961f91f","service+ee02f896-97ac-4ee7-b74a-be74c961f91f@no-reply.base44.com","false"
"2026-06-18","777.28","64533","CESTO AÉREO","111.2","DIESEL (P)","","VW 9-170","FCG0F18","LT","6a0720885c9dd6ed8a227605","POSTO CRISTOVAO COLOMBO LTDA","COMBUSTÍVEIS","3024","6a564285dec857502abe2dc4","2026-07-14T14:07:01.607000","2026-07-15T14:46:36.142000","service_ee02f896-97ac-4ee7-b74a-be74c961f91f","service+ee02f896-97ac-4ee7-b74a-be74c961f91f@no-reply.base44.com","false"
"2026-06-18","720.56","61100","","103.09","DIESEL (P)","","","ERG1E95","LT","","POSTO CRISTOVAO COLOMBO LTDA","COMBUSTÍVEIS","3025","6a564285dec857502abe2dc5","2026-07-14T14:07:01.607000","2026-07-14T14:07:01.607000","service_ee02f896-97ac-4ee7-b74a-be74c961f91f","service+ee02f896-97ac-4ee7-b74a-be74c961f91f@no-reply.base44.com","false"
"2026-06-18","512.12","31375","","74.33","DIESEL (P)","","","JAC4I67","LT","","AUTO POSTO K 44 LTDA","COMBUSTÍVEIS","8704","6a564285dec857502abe2dc6","2026-07-14T14:07:01.607000","2026-07-14T14:07:01.607000","service_ee02f896-97ac-4ee7-b74a-be74c961f91f","service+ee02f896-97ac-4ee7-b74a-be74c961f91f@no-reply.base44.com","false"
"2026-06-18","189.49","50118","","47.49","ETANOL","COMBUSTIVEL 16-06 A 30-06 FROTA","","TGA8F88","LT","","AUTO POSTO ROTA 222 LTDA","COMBUSTÍVEIS","28957","6a564285dec857502abe2dc7","2026-07-14T14:07:01.607000","2026-07-14T14:07:01.607000","service_ee02f896-97ac-4ee7-b74a-be74c961f91f","service+ee02f896-97ac-4ee7-b74a-be74c961f91f@no-reply.base44.com","false"
"2026-06-18","202.89","181978","","44.69","ETANOL","COMBUSTIVEL 16-06 A 30-06 FROTA","","SDF7I44","LT","","TRÊS BARRAS COMBUSTÍVEIS LTDA","COMBUSTÍVEIS","36972","6a564285dec857502abe2dc8","2026-07-14T14:07:01.607000","2026-07-14T14:07:01.607000","service_ee02f896-97ac-4ee7-b74a-be74c961f91f","service+ee02f896-97ac-4ee7-b74a-be74c961f91f@no-reply.base44.com","false"
"2026-06-18","4475.88","322545","","669.04","DIESEL (P)","","","RCN5F85","LT","","AUTO POSTO MASUT LTDA","COMBUSTÍVEIS","48103","6a564285dec857502abe2dc9","2026-07-14T14:07:01.607000","2026-07-14T14:07:01.607000","service_ee02f896-97ac-4ee7-b74a-be74c961f91f","service+ee02f896-97ac-4ee7-b74a-be74c961f91f@no-reply.base44.com","false"
"2026-06-18","122.1","322545","","34.01","ARLA","","","RCN5F85","LT","","AUTO POSTO MASUT LTDA","COMBUSTÍVEIS","48104","6a564285dec857502abe2dca","2026-07-14T14:07:01.607000","2026-07-14T14:07:01.607000","service_ee02f896-97ac-4ee7-b74a-be74c961f91f","service+ee02f896-97ac-4ee7-b74a-be74c961f91f@no-reply.base44.com","false"
"2026-06-18","4352.85","359691","","650.65","DIESEL (P)","","","RCJ1E32","LT","","AUTO POSTO MASUT LTDA","COMBUSTÍVEIS","48138","6a564285dec857502abe2dcb","2026-07-14T14:07:01.607000","2026-07-14T14:07:01.607000","service_ee02f896-97ac-4ee7-b74a-be74c961f91f","service+ee02f896-97ac-4ee7-b74a-be74c961f91f@no-reply.base44.com","false"
"2026-06-18","753.24","107777","","114.3","DIESEL (P)","COMBUSTIVEL 16-06 A 30-06 FROTA","","SDF8F89","LT","","AUTO POSTO BRAMBILA LTDA","COMBUSTÍVEIS","97265","6a564285dec857502abe2dcc","2026-07-14T14:07:01.607000","2026-07-14T14:07:01.607000","service_ee02f896-97ac-4ee7-b74a-be74c961f91f","service+ee02f896-97ac-4ee7-b74a-be74c961f91f@no-reply.base44.com","false"
"2026-06-18","34.45","116248","","9.19","ARLA","","","SDK8F89","LT","","COMERCIAL DERIV PETROLEO SAO CARLOS LTDA","COMBUSTÍVEIS","117388","6a564285dec857502abe2dcd","2026-07-14T14:07:01.607000","2026-07-14T14:07:01.607000","service_ee02f896-97ac-4ee7-b74a-be74c961f91f","service+ee02f896-97ac-4ee7-b74a-be74c961f91f@no-reply.base44.com","false"
"2026-06-18","584.64","107103","","96","DIESEL (P)","COMBUSTIVEL 16-06 A 30-06 FROTA","","SDF8F89","LT","","POSTO AGRICOPEL","COMBUSTÍVEIS","134998","6a564285dec857502abe2dce","2026-07-14T14:07:01.607000","2026-07-14T14:07:01.607000","service_ee02f896-97ac-4ee7-b74a-be74c961f91f","service+ee02f896-97ac-4ee7-b74a-be74c961f91f@no-reply.base44.com","false"
"2026-06-18","22.89","107103","","6.04","ARLA","COMBUSTIVEL 16-06 A 30-06 FROTA","","SDF8F89","LT","","POSTO AGRICOPEL","COMBUSTÍVEIS","134999","6a564285dec857502abe2dcf","2026-07-14T14:07:01.607000","2026-07-14T14:07:01.607000","service_ee02f896-97ac-4ee7-b74a-be74c961f91f","service+ee02f896-97ac-4ee7-b74a-be74c961f91f@no-reply.base44.com","false"
"2026-06-18","102.91","38659","","22.92","ETANOL","COMBUSTIVEL FROTA 16-06 A 30-06","","SDB0G19","LT","","AUTO POSTO URUGUAI LTDA","COMBUSTÍVEIS","304141","6a564285dec857502abe2dd0","2026-07-14T14:07:01.607000","2026-07-14T14:07:01.607000","service_ee02f896-97ac-4ee7-b74a-be74c961f91f","service+ee02f896-97ac-4ee7-b74a-be74c961f91f@no-reply.base44.com","false"
"2026-06-18","729.85","116600","","91.46","DIESEL (P)","COMBUSTIVEL FROTA 16-06 A 30-06","","SDK8F89","LT","","HEIDER GUTEMBERG CAMPOS LTDA","COMBUSTÍVEIS","314260","6a564285dec857502abe2dd1","2026-07-14T14:07:01.607000","2026-07-14T14:07:01.607000","service_ee02f896-97ac-4ee7-b74a-be74c961f91f","service+ee02f896-97ac-4ee7-b74a-be74c961f91f@no-reply.base44.com","false"
"2026-06-18","1158.79","54867","","145.03","DIESEL (P)","","","SCP8F89","LT","","G & G AUTO POSTO LTDA","COMBUSTÍVEIS","332419","6a564285dec857502abe2dd2","2026-07-14T14:07:01.607000","2026-07-14T14:07:01.607000","service_ee02f896-97ac-4ee7-b74a-be74c961f91f","service+ee02f896-97ac-4ee7-b74a-be74c961f91f@no-reply.base44.com","false"
"2026-06-18","23.64","54867","","8.18","ARLA","","","SCP8F89","LT","","G & G AUTO POSTO LTDA","COMBUSTÍVEIS","332420","6a564285dec857502abe2dd3","2026-07-14T14:07:01.607000","2026-07-14T14:07:01.607000","service_ee02f896-97ac-4ee7-b74a-be74c961f91f","service+ee02f896-97ac-4ee7-b74a-be74c961f91f@no-reply.base44.com","false"
"2026-06-19","1360.01","41263","","197.39","DIESEL (P)","","","SCK8F89","LT","","AUTO POSTO NOVO MILLENIUM LTDA","COMBUSTÍVEIS","1269","6a564285dec857502abe2dd4","2026-07-14T14:07:01.607000","2026-07-14T14:07:01.607000","service_ee02f896-97ac-4ee7-b74a-be74c961f91f","service+ee02f896-97ac-4ee7-b74a-be74c961f91f@no-reply.base44.com","false"
"2026-06-19","695.14","82345","","99.45","DIESEL (P)","","","RBT2A64","LT","","POSTO CRISTOVAO COLOMBO LTDA","COMBUSTÍVEIS","3061","6a564285dec857502abe2dd5","2026-07-14T14:07:01.607000","2026-07-14T14:07:01.607000","service_ee02f896-97ac-4ee7-b74a-be74c961f91f","service+ee02f896-97ac-4ee7-b74a-be74c961f91f@no-reply.base44.com","false"
"2026-06-19","595.61","140748","","85.21","DIESEL (P)","","","LUE3B05","LT","","POSTO CRISTOVAO COLOMBO LTDA","COMBUSTÍVEIS","3062","6a564285dec857502abe2dd6","2026-07-14T14:07:01.607000","2026-07-14T14:07:01.607000","service_ee02f896-97ac-4ee7-b74a-be74c961f91f","service+ee02f896-97ac-4ee7-b74a-be74c961f91f@no-reply.base44.com","false"
"2026-06-19","36.37","117148","","10.73","ARLA","COMBUSTIVEL FROTA 16-06 A 30-06","","SDK8F89","LT","","COMERCIAL DERIVADOS PETROLEO NAVES LTDA","COMBUSTÍVEIS","30087","6a564285dec857502abe2dd7","2026-07-14T14:07:01.607000","2026-07-14T14:07:01.607000","service_ee02f896-97ac-4ee7-b74a-be74c961f91f","service+ee02f896-97ac-4ee7-b74a-be74c961f91f@no-reply.base44.com","false"
"2026-06-19","732.36","108713","","102","DIESEL (P)","COMBUSTIVEL 16-06 A 30-06 FROTA","","SDF8F89","LT","","AUTO POSTO BIZUNGAO ILHA VERDE LTDA","COMBUSTÍVEIS","55534","6a564285dec857502abe2dd8","2026-07-14T14:07:01.607000","2026-07-14T14:07:01.607000","service_ee02f896-97ac-4ee7-b74a-be74c961f91f","service+ee02f896-97ac-4ee7-b74a-be74c961f91f@no-reply.base44.com","false"
"2026-06-19","228.16","39086","","47.13","ETANOL","COMBUSTIVEL FROTA 16-06 A 30-06","","SDB0G19","LT","","POSTO DAKAR LTDA","COMBUSTÍVEIS","120558","6a564285dec857502abe2dd9","2026-07-14T14:07:01.607000","2026-07-14T14:07:01.607000","service_ee02f896-97ac-4ee7-b74a-be74c961f91f","service+ee02f896-97ac-4ee7-b74a-be74c961f91f@no-reply.base44.com","false"
"2026-06-19","426.85","108117","","65.77","DIESEL (P)","COMBUSTIVEL 16-06 A 30-06 FROTA","","SDF8F89","LT","","REDE DE POSTOS APOLO LTDA","COMBUSTÍVEIS","248149","6a564285dec857502abe2dda","2026-07-14T14:07:01.607000","2026-07-14T14:07:01.607000","service_ee02f896-97ac-4ee7-b74a-be74c961f91f","service+ee02f896-97ac-4ee7-b74a-be74c961f91f@no-reply.base44.com","false"
"2026-06-19","35.86","108117","","10.9","ARLA","COMBUSTIVEL 16-06 A 30-06 FROTA","","SDF8F89","LT","","REDE DE POSTOS APOLO LTDA","COMBUSTÍVEIS","248153","6a564285dec857502abe2ddb","2026-07-14T14:07:01.607000","2026-07-14T14:07:01.607000","service_ee02f896-97ac-4ee7-b74a-be74c961f91f","service+ee02f896-97ac-4ee7-b74a-be74c961f91f@no-reply.base44.com","false"
"2026-06-19","826.85","117148","","112.65","DIESEL (P)","COMBUSTIVEL FROTA 16-06 A 30-06","","SDK8F89","LT","","COMERCIAL DERIVADOS PETROLEO NAVES LTDA","COMBUSTÍVEIS","300085","6a564285dec857502abe2ddc","2026-07-14T14:07:01.607000","2026-07-14T14:07:01.607000","service_ee02f896-97ac-4ee7-b74a-be74c961f91f","service+ee02f896-97ac-4ee7-b74a-be74c961f91f@no-reply.base44.com","false"
"2026-06-19","119.97","69610","","26.72","ETANOL","COMBUSTIVEL 16-06 A 30-06 FROTA","","SDN9A99","LT","","AUTO POSTO URUGUAI LTDA","COMBUSTÍVEIS","304571","6a564285dec857502abe2ddd","2026-07-14T14:07:01.607000","2026-07-14T14:07:01.607000","service_ee02f896-97ac-4ee7-b74a-be74c961f91f","service+ee02f896-97ac-4ee7-b74a-be74c961f91f@no-reply.base44.com","false"
"2026-06-19","205.5","54456","","46.81","ETANOL","COMBUSTIVEL FROTA 16-06 A 30-06","","TGB8F88","LT","","POSTO GERAR LTDA","COMBUSTÍVEIS","1828641","6a564285dec857502abe2dde","2026-07-14T14:07:01.607000","2026-07-14T14:07:01.607000","service_ee02f896-97ac-4ee7-b74a-be74c961f91f","service+ee02f896-97ac-4ee7-b74a-be74c961f91f@no-reply.base44.com","false"
"2026-06-20","2732.04","94656","","427.55","DIESEL (P)","","","SCN8F89","LT","","POSTO SABADIN II LTDA","COMBUSTÍVEIS","16688","6a564285dec857502abe2ddf","2026-07-14T14:07:01.607000","2026-07-14T14:07:01.607000","service_ee02f896-97ac-4ee7-b74a-be74c961f91f","service+ee02f896-97ac-4ee7-b74a-be74c961f91f@no-reply.base44.com","false"
"2026-06-20","109.26","94656","","32.23","ARLA","","","SCN8F89","LT","","POSTO SABADIN II LTDA","COMBUSTÍVEIS","16689","6a564285dec857502abe2de0","2026-07-14T14:07:01.607000","2026-07-14T14:07:01.607000","service_ee02f896-97ac-4ee7-b74a-be74c961f91f","service+ee02f896-97ac-4ee7-b74a-be74c961f91f@no-reply.base44.com","false"
"2026-06-20","184.38","46249","","42","ETANOL","COMBUSTIVEL FROTA 16-06 A 30-06","","TGD8F88","LT","","AUTO POSTO MADAGASCAR LTDA","COMBUSTÍVEIS","355678","6a564285dec857502abe2de1","2026-07-14T14:07:01.607000","2026-07-14T14:07:01.607000","service_ee02f896-97ac-4ee7-b74a-be74c961f91f","service+ee02f896-97ac-4ee7-b74a-be74c961f91f@no-reply.base44.com","false"
"2026-06-20","1138.71","55508","","165.27","DIESEL (P)","","","SCP8F89","LT","","POSTO DO TREVO LTDA","COMBUSTÍVEIS","1030707","6a564285dec857502abe2de2","2026-07-14T14:07:01.607000","2026-07-14T14:07:01.607000","service_ee02f896-97ac-4ee7-b74a-be74c961f91f","service+ee02f896-97ac-4ee7-b74a-be74c961f91f@no-reply.base44.com","false"
"2026-06-20","31.9","55508","","10.67","ARLA","","","SCP8F89","LT","","POSTO DO TREVO LTDA","COMBUSTÍVEIS","1030708","6a564285dec857502abe2de3","2026-07-14T14:07:01.607000","2026-07-14T14:07:01.607000","service_ee02f896-97ac-4ee7-b74a-be74c961f91f","service+ee02f896-97ac-4ee7-b74a-be74c961f91f@no-reply.base44.com","false"
"2026-06-20","1623.36","104596","","232.24","DIESEL (P)","COMBUSTIVEL 16-06 A 30-06 FROTA","","SCA8F89","LT","","POSTO Z+Z HOUSING LTDA","COMBUSTÍVEIS","1370887","6a564285dec857502abe2de4","2026-07-14T14:07:01.607000","2026-07-14T14:07:01.607000","service_ee02f896-97ac-4ee7-b74a-be74c961f91f","service+ee02f896-97ac-4ee7-b74a-be74c961f91f@no-reply.base44.com","false"
"2026-06-20","201.92","160905","","44.97","ETANOL","COMBUSTIVEL 16-06 A 30-06 FROTA","","SCD6D92","LT","","AUTO POSTO SANTA LUZIA LTDA","COMBUSTÍVEIS","1450100","6a564285dec857502abe2de5","2026-07-14T14:07:01.607000","2026-07-14T14:07:01.607000","service_ee02f896-97ac-4ee7-b74a-be74c961f91f","service+ee02f896-97ac-4ee7-b74a-be74c961f91f@no-reply.base44.com","false"
"2026-06-21","3071.49","95973","","415.63","DIESEL (P)","","","SCN8F89","LT","","AUTO SERVICO VENTURIM LTDA","COMBUSTÍVEIS","101453","6a564285dec857502abe2de6","2026-07-14T14:07:01.607000","2026-07-14T14:07:01.607000","service_ee02f896-97ac-4ee7-b74a-be74c961f91f","service+ee02f896-97ac-4ee7-b74a-be74c961f91f@no-reply.base44.com","false"
"2026-06-21","123.75","95973","","28.85","ARLA","","","SCN8F89","LT","","AUTO SERVICO VENTURIM LTDA","COMBUSTÍVEIS","101454","6a564285dec857502abe2de7","2026-07-14T14:07:01.607000","2026-07-14T14:07:01.607000","service_ee02f896-97ac-4ee7-b74a-be74c961f91f","service+ee02f896-97ac-4ee7-b74a-be74c961f91f@no-reply.base44.com","false"
"2026-06-21","150.06","54713","","33.42","ETANOL","COMBUSTIVEL FROTA 16-06 A 30-06","","TGB8F88","LT","","AUTO POSTO URUGUAI LTDA","COMBUSTÍVEIS","305268","6a564285dec857502abe2de8","2026-07-14T14:07:01.607000","2026-07-14T14:07:01.607000","service_ee02f896-97ac-4ee7-b74a-be74c961f91f","service+ee02f896-97ac-4ee7-b74a-be74c961f91f@no-reply.base44.com","false"
"2026-06-22","800.01","109291","","114.45","DIESEL (P)","COMBUSTIVEL 16-06 A 30-06 FROTA","","SDF8F89","LT","","AUTO POSTO DO BOSQUE LTDA","COMBUSTÍVEIS","3150","6a564285dec857502abe2de9","2026-07-14T14:07:01.607000","2026-07-14T14:07:01.607000","service_ee02f896-97ac-4ee7-b74a-be74c961f91f","service+ee02f896-97ac-4ee7-b74a-be74c961f91f@no-reply.base44.com","false"
"2026-06-22","163.68","46707","","41.65","ETANOL","","","TGD8F88","LT","","AUTO POSTO TAMANDUA LTDA","COMBUSTÍVEIS","36286","6a564285dec857502abe2dea","2026-07-14T14:07:01.607000","2026-07-14T14:07:01.607000","service_ee02f896-97ac-4ee7-b74a-be74c961f91f","service+ee02f896-97ac-4ee7-b74a-be74c961f91f@no-reply.base44.com","false"
"2026-06-22","26.31","109291","","8.8","ARLA","COMBUSTIVEL 16-06 A 30-06 FROTA","","SDF8F89","LT","","AUTO POSTO DO BOSQUE LTDA","COMBUSTÍVEIS","84767","6a564285dec857502abe2deb","2026-07-14T14:07:01.607000","2026-07-14T14:07:01.607000","service_ee02f896-97ac-4ee7-b74a-be74c961f91f","service+ee02f896-97ac-4ee7-b74a-be74c961f91f@no-reply.base44.com","false"
"2026-06-22","152.02","55024","","35.02","ETANOL","COMBUSTIVEL FROTA 16-06 A 30-06","","TGB8F88","LT","","PAES LEME E LEME LTDA.","COMBUSTÍVEIS","92883","6a564285dec857502abe2dec","2026-07-14T14:07:01.607000","2026-07-14T14:07:01.607000","service_ee02f896-97ac-4ee7-b74a-be74c961f91f","service+ee02f896-97ac-4ee7-b74a-be74c961f91f@no-reply.base44.com","false"
"2026-06-22","66.82","104825","","23.12","ARLA","COMBUSTIVEL 16-06 A 30-06 FROTA","","SCA8F89","LT","","060 COMERCIO DE COMBUSTIVEIS LTDA","COMBUSTÍVEIS","603195","6a564285dec857502abe2ded","2026-07-14T14:07:01.607000","2026-07-14T14:07:01.607000","service_ee02f896-97ac-4ee7-b74a-be74c961f91f","service+ee02f896-97ac-4ee7-b74a-be74c961f91f@no-reply.base44.com","false"
"2026-06-22","946.28","48613","","131.6","DIESEL (P)","COMBUSTIVEL VILA VELHA 16-06 A 30-06","","RET5E47","LT","","POSTO CRISTOVAO COLOMBO LTDA","COMBUSTÍVEIS","926073","6a564285dec857502abe2dee","2026-07-14T14:07:01.607000","2026-07-14T14:07:01.607000","service_ee02f896-97ac-4ee7-b74a-be74c961f91f","service+ee02f896-97ac-4ee7-b74a-be74c961f91f@no-reply.base44.com","false"
"2026-06-22","166.66","182413","","41.77","ETANOL","COMBUSTIVEL 16-06 A 30-06 FROTA","","SDF7I44","LT","","ALVES E ROCHA LTDA","COMBUSTÍVEIS","1289077","6a564285dec857502abe2def","2026-07-14T14:07:01.607000","2026-07-14T14:07:01.607000","service_ee02f896-97ac-4ee7-b74a-be74c961f91f","service+ee02f896-97ac-4ee7-b74a-be74c961f91f@no-reply.base44.com","false"
"2026-06-23","1645.94","56264","","235.47","DIESEL (P)","COMBUSTIVEL 16-06 A 30-06 FROTA","","SCP8F89","LT","","OJAYME PETROLEO AP GYN LTDA","COMBUSTÍVEIS","3919","6a564285dec857502abe2df0","2026-07-14T14:07:01.607000","2026-07-14T14:07:01.607000","service_ee02f896-97ac-4ee7-b74a-be74c961f91f","service+ee02f896-97ac-4ee7-b74a-be74c961f91f@no-reply.base44.com","false"
"2026-06-23","2630.17","103393","","387.36","DIESEL (P)","","","SCB8F89","LT","","AUTO POSTO URUGUAI LTDA","COMBUSTÍVEIS","7713","6a564285dec857502abe2df1","2026-07-14T14:07:01.607000","2026-07-14T14:07:01.607000","service_ee02f896-97ac-4ee7-b74a-be74c961f91f","service+ee02f896-97ac-4ee7-b74a-be74c961f91f@no-reply.base44.com","false"
"2026-06-23","94.77","103393","","24.37","ARLA","","","SCB8F89","LT","","AUTO POSTO URUGUAI LTDA","COMBUSTÍVEIS","7714","6a564285dec857502abe2df2","2026-07-14T14:07:01.607000","2026-07-14T14:07:01.607000","service_ee02f896-97ac-4ee7-b74a-be74c961f91f","service+ee02f896-97ac-4ee7-b74a-be74c961f91f@no-reply.base44.com","false"
"2026-06-23","876.93","117845","","129.15","DIESEL (P)","","","SDK8F89","LT","","AUTO POSTO URUGUAI LTDA","COMBUSTÍVEIS","7720","6a564285dec857502abe2df3","2026-07-14T14:07:01.607000","2026-07-14T14:07:01.607000","service_ee02f896-97ac-4ee7-b74a-be74c961f91f","service+ee02f896-97ac-4ee7-b74a-be74c961f91f@no-reply.base44.com","false"
"2026-06-23","23.25","117845","","5.98","ARLA","","","SDK8F89","LT","","AUTO POSTO URUGUAI LTDA","COMBUSTÍVEIS","7721","6a564285dec857502abe2df4","2026-07-14T14:07:01.607000","2026-07-14T14:07:01.607000","service_ee02f896-97ac-4ee7-b74a-be74c961f91f","service+ee02f896-97ac-4ee7-b74a-be74c961f91f@no-reply.base44.com","false"
"2026-06-23","421.96","42996","","60.54","GASOLINA","COMBUSTIVEL REMBOLSO PARA ALESSANDRO","","SCU8F80","LT","","ALPHA COMERCIO DE COMBUSTIVEIS E LUBRIFICANTES LTDA","COMBUSTÍVEIS","13647","6a564285dec857502abe2df5","2026-07-14T14:07:01.607000","2026-07-14T14:07:01.607000","service_ee02f896-97ac-4ee7-b74a-be74c961f91f","service+ee02f896-97ac-4ee7-b74a-be74c961f91f@no-reply.base44.com","false"
"2026-06-23","747.37","98275","","110.07","DIESEL (P)","","","SDN8F89","LT","","POSTO SABADIN II LTDA","COMBUSTÍVEIS","16795","6a564285dec857502abe2df6","2026-07-14T14:07:01.607000","2026-07-14T14:07:01.607000","service_ee02f896-97ac-4ee7-b74a-be74c961f91f","service+ee02f896-97ac-4ee7-b74a-be74c961f91f@no-reply.base44.com","false"
"2026-06-23","23.39","98275","","6.9","ARLA","","","SDN8F89","LT","","POSTO SABADIN II LTDA","COMBUSTÍVEIS","16796","6a564285dec857502abe2df7","2026-07-14T14:07:01.607000","2026-07-14T14:07:01.607000","service_ee02f896-97ac-4ee7-b74a-be74c961f91f","service+ee02f896-97ac-4ee7-b74a-be74c961f91f@no-reply.base44.com","false"
"2026-06-23","2535.9","323377","","395","DIESEL (P)","","","RCN5F85","LT","","POSTO MANGUEIRÃO LTDA","COMBUSTÍVEIS","34344","6a564285dec857502abe2df8","2026-07-14T14:07:01.607000","2026-07-14T14:07:01.607000","service_ee02f896-97ac-4ee7-b74a-be74c961f91f","service+ee02f896-97ac-4ee7-b74a-be74c961f91f@no-reply.base44.com","false"
"2026-06-23","3478.93","135149","","520.02","DIESEL (P)","","","SCE8F89","LT","","AUTO POSTO MASUT LTDA","COMBUSTÍVEIS","48471","6a564285dec857502abe2df9","2026-07-14T14:07:01.607000","2026-07-14T14:07:01.607000","service_ee02f896-97ac-4ee7-b74a-be74c961f91f","service+ee02f896-97ac-4ee7-b74a-be74c961f91f@no-reply.base44.com","false"
"2026-06-23","125.72","135149","","35.02","ARLA","","","SCE8F89","LT","","AUTO POSTO MASUT LTDA","COMBUSTÍVEIS","48472","6a564285dec857502abe2dfa","2026-07-14T14:07:01.607000","2026-07-14T14:07:01.607000","service_ee02f896-97ac-4ee7-b74a-be74c961f91f","service+ee02f896-97ac-4ee7-b74a-be74c961f91f@no-reply.base44.com","false"
"2026-06-23","501.68","31781","","74.99","DIESEL (P)","","","JAC4I67","LT","","SANTA MARIA DERIVADOS DE PETROLEO LTDA","COMBUSTÍVEIS","91916","6a564285dec857502abe2dfb","2026-07-14T14:07:01.607000","2026-07-14T14:07:01.607000","service_ee02f896-97ac-4ee7-b74a-be74c961f91f","service+ee02f896-97ac-4ee7-b74a-be74c961f91f@no-reply.base44.com","false"
"2026-06-23","82.18","41989","","21.12","ARLA","COMBUSTIVEL FROTA 16-06 A 30-06","","SCK8F89","LT","","AUTO POSTO URUGUAI LTDA","COMBUSTÍVEIS","306026","6a564285dec857502abe2dfc","2026-07-14T14:07:01.607000","2026-07-14T14:07:01.607000","service_ee02f896-97ac-4ee7-b74a-be74c961f91f","service+ee02f896-97ac-4ee7-b74a-be74c961f91f@no-reply.base44.com","false"
"2026-06-23","1347.68","41989","","198.48","DIESEL (P)","COMBUSTIVEL FROTA 16-06 A 30-06","","SCK8F89","LT","","AUTO POSTO URUGUAI LTDA","COMBUSTÍVEIS","306029","6a564285dec857502abe2dfd","2026-07-14T14:07:01.607000","2026-07-14T14:07:01.607000","service_ee02f896-97ac-4ee7-b74a-be74c961f91f","service+ee02f896-97ac-4ee7-b74a-be74c961f91f@no-reply.base44.com","false"
"2026-06-23","138.02","55299","","30.66","ETANOL","COMBUSTIVEL FROTA 16-06 A 30-06","","TGB8F88","LT","","AMADOR FERREIRA LOPES E CIA LTDA","COMBUSTÍVEIS","842434","6a564285dec857502abe2dfe","2026-07-14T14:07:01.607000","2026-07-14T14:07:01.607000","service_ee02f896-97ac-4ee7-b74a-be74c961f91f","service+ee02f896-97ac-4ee7-b74a-be74c961f91f@no-reply.base44.com","false"
"2026-06-24","137.8","182705","","32.5","ETANOL","COMBUSTIVEL 16-06 A 30-06 FROTA","","SDF7I44","LT","","TRÊS BARRAS COMBUSTÍVEIS LTDA","COMBUSTÍVEIS","37594","6a564285dec857502abe2dff","2026-07-14T14:07:01.607000","2026-07-14T14:07:01.607000","service_ee02f896-97ac-4ee7-b74a-be74c961f91f","service+ee02f896-97ac-4ee7-b74a-be74c961f91f@no-reply.base44.com","false"
"2026-06-24","139.53","55613","","34.96","ETANOL","COMBUSTIVEL FROTA 16-06 A 30-06","","TGB8F88","LT","","PAES LEME E LEME LTDA.","COMBUSTÍVEIS","92927","6a564285dec857502abe2e00","2026-07-14T14:07:01.607000","2026-07-14T14:07:01.607000","service_ee02f896-97ac-4ee7-b74a-be74c961f91f","service+ee02f896-97ac-4ee7-b74a-be74c961f91f@no-reply.base44.com","false"
"2026-06-24","140","65585","","20.62","GASOLINA","","","TGE8F88","LT","","POSTO PRATAO JARAGUA LTDA","COMBUSTÍVEIS","299069","6a564285dec857502abe2e01","2026-07-14T14:07:01.607000","2026-07-14T14:07:01.607000","service_ee02f896-97ac-4ee7-b74a-be74c961f91f","service+ee02f896-97ac-4ee7-b74a-be74c961f91f@no-reply.base44.com","false"
"2026-06-24","184.96","65795","","27.24","GASOLINA","","","TGE8F88","LT","","POSTO PRATAO JARAGUA LTDA","COMBUSTÍVEIS","299172","6a564285dec857502abe2e02","2026-07-14T14:07:01.607000","2026-07-14T14:07:01.607000","service_ee02f896-97ac-4ee7-b74a-be74c961f91f","service+ee02f896-97ac-4ee7-b74a-be74c961f91f@no-reply.base44.com","false"
"2026-06-24","221.51","39516","","47.23","ETANOL","","","SDB0G19","LT","","POSTO SABADIN II LTDA","COMBUSTÍVEIS","506480","6a564285dec857502abe2e03","2026-07-14T14:07:01.607000","2026-07-14T14:07:01.607000","service_ee02f896-97ac-4ee7-b74a-be74c961f91f","service+ee02f896-97ac-4ee7-b74a-be74c961f91f@no-reply.base44.com","false"
"2026-06-25","575.95","141173","","82.4","DIESEL (P)","","","LUE3B05","LT","","POSTO CRISTOVAO COLOMBO LTDA","COMBUSTÍVEIS","3162","6a564285dec857502abe2e04","2026-07-14T14:07:01.607000","2026-07-14T14:07:01.607000","service_ee02f896-97ac-4ee7-b74a-be74c961f91f","service+ee02f896-97ac-4ee7-b74a-be74c961f91f@no-reply.base44.com","false"
"2026-06-16","214.16","288822","","48.78","ETANOL","","","RBK2G21","LT","","AUTO POSTO NOVO MILLENIUM LTDA","COMBUSTÍVEIS","1244","6a564285dec857502abe2daa","2026-07-14T14:07:01.606000","2026-07-14T14:07:01.606000","service_ee02f896-97ac-4ee7-b74a-be74c961f91f","service+ee02f896-97ac-4ee7-b74a-be74c961f91f@no-reply.base44.com","false"
"2026-06-16","869.22","48141","","124.35","DIESEL (P)","","","RET5E47","LT","","POSTO CRISTOVAO COLOMBO LTDA","COMBUSTÍVEIS","2983","6a564285dec857502abe2dab","2026-07-14T14:07:01.606000","2026-07-14T14:07:01.606000","service_ee02f896-97ac-4ee7-b74a-be74c961f91f","service+ee02f896-97ac-4ee7-b74a-be74c961f91f@no-reply.base44.com","false"
"2026-06-16","812.01","104848","","116.17","DIESEL (P)","","","RBX9D43","LT","","POSTO CRISTOVAO COLOMBO LTDA","COMBUSTÍVEIS","2986","6a564285dec857502abe2dac","2026-07-14T14:07:01.606000","2026-07-14T14:07:01.606000","service_ee02f896-97ac-4ee7-b74a-be74c961f91f","service+ee02f896-97ac-4ee7-b74a-be74c961f91f@no-reply.base44.com","false"
"2026-06-16","1214.65","103920","","167.54","DIESEL (P)","","","SCA8F89","LT","","AUTO POSTO TUCANO LTDA","COMBUSTÍVEIS","28387","6a564285dec857502abe2dad","2026-07-14T14:07:01.606000","2026-07-14T14:07:01.606000","service_ee02f896-97ac-4ee7-b74a-be74c961f91f","service+ee02f896-97ac-4ee7-b74a-be74c961f91f@no-reply.base44.com","false"
"2026-06-16","109.56","103920","","27.39","ARLA","","","SCA8F89","LT","","AUTO POSTO TUCANO LTDA","COMBUSTÍVEIS","28387","6a564285dec857502abe2dae","2026-07-14T14:07:01.606000","2026-07-14T14:07:01.606000","service_ee02f896-97ac-4ee7-b74a-be74c961f91f","service+ee02f896-97ac-4ee7-b74a-be74c961f91f@no-reply.base44.com","false"
"2026-06-16","662.38","106105","","99.01","DIESEL (P)","COMBUSTIVEL 16-06 A 30-06 FROTA","","SDF8F89","LT","","AUTO POSTO MACEDAO LTDA","COMBUSTÍVEIS","107990","6a564285dec857502abe2daf","2026-07-14T14:07:01.606000","2026-07-14T14:07:01.606000","service_ee02f896-97ac-4ee7-b74a-be74c961f91f","service+ee02f896-97ac-4ee7-b74a-be74c961f91f@no-reply.base44.com","false"
"2026-06-16","168.58","44571","","24.61","GASOLINA","","","TGD8F88","LT","","AUGUSTO URIAS DA CRUZ E FILHOS LTDA","COMBUSTÍVEIS","265718","6a564285dec857502abe2db0","2026-07-14T14:07:01.606000","2026-07-14T14:07:01.606000","service_ee02f896-97ac-4ee7-b74a-be74c961f91f","service+ee02f896-97ac-4ee7-b74a-be74c961f91f@no-reply.base44.com","false"
"2026-06-16","724.15","105538","","106.65","DIESEL (P)","COMBUSTIVEL 16-06 A 30-06 FROTA","","SDF8F89","LT","","AUTO POSTO URUGUAI LTDA","COMBUSTÍVEIS","303563","6a564285dec857502abe2db1","2026-07-14T14:07:01.606000","2026-07-14T14:07:01.606000","service_ee02f896-97ac-4ee7-b74a-be74c961f91f","service+ee02f896-97ac-4ee7-b74a-be74c961f91f@no-reply.base44.com","false"
"2026-06-16","22.35","105538","","5.74","ARLA","COMBUSTIVEL 16-06 A 30-06 FROTA","","SDF8F89","LT","","AUTO POSTO URUGUAI LTDA","COMBUSTÍVEIS","303564","6a564285dec857502abe2db2","2026-07-14T14:07:01.606000","2026-07-14T14:07:01.606000","service_ee02f896-97ac-4ee7-b74a-be74c961f91f","service+ee02f896-97ac-4ee7-b74a-be74c961f91f@no-reply.base44.com","false"
"2026-06-16","169.39","44300","","25.02","GASOLINA","COMBUSTIVEL FROTA 16-06 A 30-06","","TGD8F88","LT","","AUTO POSTO URUGUAI LTDA","COMBUSTÍVEIS","303587","6a564285dec857502abe2db3","2026-07-14T14:07:01.606000","2026-07-14T14:07:01.606000","service_ee02f896-97ac-4ee7-b74a-be74c961f91f","service+ee02f896-97ac-4ee7-b74a-be74c961f91f@no-reply.base44.com","false"
"2026-06-16","1208.22","53700","","168.51","DIESEL (P)","","","SCP8F89","LT","","POSTO PARACATU LTDA","COMBUSTÍVEIS","503105","6a564285dec857502abe2db4","2026-07-14T14:07:01.606000","2026-07-14T14:07:01.606000","service_ee02f896-97ac-4ee7-b74a-be74c961f91f","service+ee02f896-97ac-4ee7-b74a-be74c961f91f@no-reply.base44.com","false"
"2026-06-17","500.02","114971","","71.53","DIESEL (P)","","","LTY4G44","LT","","POSTO CRISTOVAO COLOMBO LTDA","COMBUSTÍVEIS","2997","6a564285dec857502abe2db5","2026-07-14T14:07:01.606000","2026-07-14T14:07:01.606000","service_ee02f896-97ac-4ee7-b74a-be74c961f91f","service+ee02f896-97ac-4ee7-b74a-be74c961f91f@no-reply.base44.com","false"
"2026-06-17","707.15","72004","","101.17","DIESEL (P)","","","EDB0F96","LT","","POSTO CRISTOVAO COLOMBO LTDA","COMBUSTÍVEIS","2999","6a564285dec857502abe2db6","2026-07-14T14:07:01.606000","2026-07-14T14:07:01.606000","service_ee02f896-97ac-4ee7-b74a-be74c961f91f","service+ee02f896-97ac-4ee7-b74a-be74c961f91f@no-reply.base44.com","false"
"2026-06-17","868.68","61893","","124.28","DIESEL (P)","","","FON1F81","LT","","POSTO CRISTOVAO COLOMBO LTDA","COMBUSTÍVEIS","3011","6a564285dec857502abe2db7","2026-07-14T14:07:01.606000","2026-07-14T14:07:01.606000","service_ee02f896-97ac-4ee7-b74a-be74c961f91f","service+ee02f896-97ac-4ee7-b74a-be74c961f91f@no-reply.base44.com","false"
"2026-06-17","1099.46","54258","","137.6","DIESEL (P)","","","SCP8F89","LT","","PETROFILTROS LTDA","COMBUSTÍVEIS","20907","6a564285dec857502abe2db8","2026-07-14T14:07:01.606000","2026-07-14T14:07:01.606000","service_ee02f896-97ac-4ee7-b74a-be74c961f91f","service+ee02f896-97ac-4ee7-b74a-be74c961f91f@no-reply.base44.com","false"
"2026-06-17","76.14","54258","","16.92","ARLA","","","SCP8F89","LT","","PETROFILTROS LTDA","COMBUSTÍVEIS","20908","6a564285dec857502abe2db9","2026-07-14T14:07:01.606000","2026-07-14T14:07:01.606000","service_ee02f896-97ac-4ee7-b74a-be74c961f91f","service+ee02f896-97ac-4ee7-b74a-be74c961f91f@no-reply.base44.com","false"
"2026-06-17","4214.7","134144","","630","DIESEL (P)","","","SCE8F89","LT","","AUTO POSTO MASUT LTDA","COMBUSTÍVEIS","48069","6a564285dec857502abe2dba","2026-07-14T14:07:01.606000","2026-07-14T14:07:01.606000","service_ee02f896-97ac-4ee7-b74a-be74c961f91f","service+ee02f896-97ac-4ee7-b74a-be74c961f91f@no-reply.base44.com","false"
"2026-06-17","177.36","45151","","27.32","GASOLINA","COMBUSTIVEL FROTA 16-06 A 30-06","","TGD8F88","LT","","POSTO OPCAO","COMBUSTÍVEIS","50329","6a564285dec857502abe2dbb","2026-07-14T14:07:01.606000","2026-07-14T14:07:01.606000","service_ee02f896-97ac-4ee7-b74a-be74c961f91f","service+ee02f896-97ac-4ee7-b74a-be74c961f91f@no-reply.base44.com","false"
"2026-06-17","79.99","38492","","20.2","ETANOL","COMBUSTIVEL FROTA 16-06 A 30-06","","SDB0G19","LT","","HOT PETRO AUTO POSTO","COMBUSTÍVEIS","216737","6a564285dec857502abe2dbc","2026-07-14T14:07:01.606000","2026-07-14T14:07:01.606000","service_ee02f896-97ac-4ee7-b74a-be74c961f91f","service+ee02f896-97ac-4ee7-b74a-be74c961f91f@no-reply.base44.com","false"
"2026-06-17","319","45717","","46.57","GASOLINA","","","TGD8F88","LT","","AUGUSTO URIAS DA CRUZ E FILHOS LTDA","COMBUSTÍVEIS","265932","6a564285dec857502abe2dbd","2026-07-14T14:07:01.606000","2026-07-14T14:07:01.606000","service_ee02f896-97ac-4ee7-b74a-be74c961f91f","service+ee02f896-97ac-4ee7-b74a-be74c961f91f@no-reply.base44.com","false"
"2026-06-17","157.15","38211","","35","ETANOL","COMBUSTIVEL FROTA 16-06 A 30-06","","SDB0G19","LT","","HOT PETRO AUTO POSTO","COMBUSTÍVEIS","303822","6a564285dec857502abe2dbe","2026-07-14T14:07:01.606000","2026-07-14T14:07:01.606000","service_ee02f896-97ac-4ee7-b74a-be74c961f91f","service+ee02f896-97ac-4ee7-b74a-be74c961f91f@no-reply.base44.com","false"
"2026-06-17","212.87","289300","","47.41","ETANOL","COMBUSTIVEL 16-06 A 30-06 FROTA","","RBK2G21","LT","","AUTO POSTO URUGUAI LTDA","COMBUSTÍVEIS","304008","6a564285dec857502abe2dbf","2026-07-14T14:07:01.606000","2026-07-14T14:07:01.606000","service_ee02f896-97ac-4ee7-b74a-be74c961f91f","service+ee02f896-97ac-4ee7-b74a-be74c961f91f@no-reply.base44.com","false"
"2026-06-17","233.93","69171","","49.88","ETANOL","COMBUSTIVEL 16-06 A 30-06 FROTA","","SDN9A99","LT","","MP LOGISTICA COMBUSTIVEIS E CONVENIENCIA LTDA","COMBUSTÍVEIS","319323","6a564285dec857502abe2dc0","2026-07-14T14:07:01.606000","2026-07-14T14:07:01.606000","service_ee02f896-97ac-4ee7-b74a-be74c961f91f","service+ee02f896-97ac-4ee7-b74a-be74c961f91f@no-reply.base44.com","false"
"2026-06-17","170.46","44860","","25.48","GASOLINA","COMBUSTIVEL FROTA 16-06 A 30-06","","TGD8F88","LT","","POSTO SANTA EDWIGES PETROLEO LTDA","COMBUSTÍVEIS","759556","6a564285dec857502abe2dc1","2026-07-14T14:07:01.606000","2026-07-14T14:07:01.606000","service_ee02f896-97ac-4ee7-b74a-be74c961f91f","service+ee02f896-97ac-4ee7-b74a-be74c961f91f@no-reply.base44.com","false"
"2026-06-13","889.44","81510","","136","DIESEL (P)","(SEM PARAR), PERÍODO DE 01/06/2026 A 15/06/2026","","RBT2A64","LT","","POSTO VILA","COMBUSTÍVEIS","874226","6a4c0e8bb428e3d8f193aef8","2026-07-06T20:22:35.121000","2026-07-06T20:22:35.121000","service_ee02f896-97ac-4ee7-b74a-be74c961f91f","service+ee02f896-97ac-4ee7-b74a-be74c961f91f@no-reply.base44.com","false"
"2026-06-15","129.99","44227","","28.32","ETANOL","(SEM PARAR), PERÍODO DE 01/06/2026 A 15/06/2026","","TGE8F88","LT","","REDE DE POSTOS MARAJÓ HIDROLÂNDIA LTDA","COMBUSTÍVEIS","17558","6a4c0e8bb428e3d8f193af11","2026-07-06T20:22:35.121000","2026-07-06T20:22:35.121000","service_ee02f896-97ac-4ee7-b74a-be74c961f91f","service+ee02f896-97ac-4ee7-b74a-be74c961f91f@no-reply.base44.com","false"
"2026-06-11","2436.65","998451","","340.79","DIESEL (P)","(SEM PARAR), PERÍODO DE 01/06/2026 A 15/06/2026","","SCB8F89","LT","","POSTOS BRASIL III","COMBUSTÍVEIS","7928","6a4c0e8bb428e3d8f193aee2","2026-07-06T20:22:35.121000","2026-07-06T20:22:35.121000","service_ee02f896-97ac-4ee7-b74a-be74c961f91f","service+ee02f896-97ac-4ee7-b74a-be74c961f91f@no-reply.base44.com","false"
"2026-06-11","698.71","95101","","101.41","DIESEL (P)","(SEM PARAR), PERÍODO DE 01/06/2026 A 15/06/2026","","SDN8F89","LT","","COMERCIAL DERIV PETROLEO SAO CARLOS LTDA","COMBUSTÍVEIS","116915","6a4c0e8bb428e3d8f193aeec","2026-07-06T20:22:35.121000","2026-07-06T20:22:35.121000","service_ee02f896-97ac-4ee7-b74a-be74c961f91f","service+ee02f896-97ac-4ee7-b74a-be74c961f91f@no-reply.base44.com","false"
"2026-06-15","3673.81","101847","","466.22","DIESEL (P)","(SEM PARAR), PERÍODO DE 01/06/2026 A 15/06/2026","","SCB8F89","LT","","PETROTRANS TRANSPORTES QUIMICOS E PETROQUIMICOS LTDA","COMBUSTÍVEIS","33046","6a4c0e8bb428e3d8f193af0b","2026-07-06T20:22:35.121000","2026-07-06T20:22:35.121000","service_ee02f896-97ac-4ee7-b74a-be74c961f91f","service+ee02f896-97ac-4ee7-b74a-be74c961f91f@no-reply.base44.com","false"
"2026-06-10","23.62","94546","","6.4","ARLA","(SEM PARAR), PERÍODO DE 01/06/2026 A 15/06/2026","","SDN9A99","LT","","POSTO RURALMINAS","COMBUSTÍVEIS","173769","6a4c0e8bb428e3d8f193aee0","2026-07-06T20:22:35.121000","2026-07-06T20:22:35.121000","service_ee02f896-97ac-4ee7-b74a-be74c961f91f","service+ee02f896-97ac-4ee7-b74a-be74c961f91f@no-reply.base44.com","false"
"2026-06-11","106.79","37313","","24.55","ETANOL","(SEM PARAR), PERÍODO DE 01/06/2026 A 15/06/2026","","SDB0G19","LT","","POSTO E TRANSPORTADORA PEGORARO","COMBUSTÍVEIS","520661","6a4c0e8bb428e3d8f193aeea","2026-07-06T20:22:35.121000","2026-07-06T20:22:35.121000","service_ee02f896-97ac-4ee7-b74a-be74c961f91f","service+ee02f896-97ac-4ee7-b74a-be74c961f91f@no-reply.base44.com","false"
"2026-06-12","261.25","68483","","38.59","GASOLINA","(SEM PARAR), PERÍODO DE 01/06/2026 A 15/06/2026","","SDN9A99","LT","","AUTO POSTO URUGUAI LTDA","COMBUSTÍVEIS","302387","6a4c0e8bb428e3d8f193aef6","2026-07-06T20:22:35.121000","2026-07-06T20:22:35.121000","service_ee02f896-97ac-4ee7-b74a-be74c961f91f","service+ee02f896-97ac-4ee7-b74a-be74c961f91f@no-reply.base44.com","false"
"2026-06-13","3097.54","132982","","463.01","DIESEL (P)","(SEM PARAR), PERÍODO DE 01/06/2026 A 15/06/2026","","SCE8F89","LT","","AUTO POSTO MASUT LTDA","COMBUSTÍVEIS","47787","6a4c0e8bb428e3d8f193aefd","2026-07-06T20:22:35.121000","2026-07-06T20:22:35.121000","service_ee02f896-97ac-4ee7-b74a-be74c961f91f","service+ee02f896-97ac-4ee7-b74a-be74c961f91f@no-reply.base44.com","false"
"2026-06-15","196.54","181558","","43.29","ETANOL","(SEM PARAR), PERÍODO DE 01/06/2026 A 15/06/2026","","SDF7I44","LT","","TRÊS BARRAS COMBUSTÍVEIS LTDA","COMBUSTÍVEIS","36701","6a4c0e8bb428e3d8f193af0e","2026-07-06T20:22:35.121000","2026-07-06T20:22:35.121000","service_ee02f896-97ac-4ee7-b74a-be74c961f91f","service+ee02f896-97ac-4ee7-b74a-be74c961f91f@no-reply.base44.com","false"
"2026-06-11","113.48","37905","","28.37","ETANOL","(SEM PARAR), PERÍODO DE 01/06/2026 A 15/06/2026","","SDB0G19","LT","","CENTRO COMERCIAL CAMPESTRE E SERVICOS LTDA","COMBUSTÍVEIS","552258","6a4c0e8bb428e3d8f193aeeb","2026-07-06T20:22:35.121000","2026-07-06T20:22:35.121000","service_ee02f896-97ac-4ee7-b74a-be74c961f91f","service+ee02f896-97ac-4ee7-b74a-be74c961f91f@no-reply.base44.com","false"
"2026-06-13","203.87","43861","","43.47","ETANOL","(SEM PARAR), PERÍODO DE 01/06/2026 A 15/06/2026","","TGD8F88","LT","","AUTO POSTO ITAMARATY LTDA","COMBUSTÍVEIS","713215","6a4c0e8bb428e3d8f193af04","2026-07-06T20:22:35.121000","2026-07-06T20:22:35.121000","service_ee02f896-97ac-4ee7-b74a-be74c961f91f","service+ee02f896-97ac-4ee7-b74a-be74c961f91f@no-reply.base44.com","false"
"2026-06-15","561.51","140474","","80.33","DIESEL (P)","(SEM PARAR), PERÍODO DE 01/06/2026 A 15/06/2026","","LUE3B05","LT","","POSTO CRISTOVAO COLOMBO LTDA","COMBUSTÍVEIS","6249","6a4c0e8bb428e3d8f193af07","2026-07-06T20:22:35.121000","2026-07-06T20:22:35.121000","service_ee02f896-97ac-4ee7-b74a-be74c961f91f","service+ee02f896-97ac-4ee7-b74a-be74c961f91f@no-reply.base44.com","false"
"2026-06-11","907.44","61502","","129.82","DIESEL (P)","(SEM PARAR), PERÍODO DE 01/06/2026 A 15/06/2026","","FON1F81","LT","","POSTO CRISTOVAO COLOMBO LTDA","COMBUSTÍVEIS","2900","6a4c0e8bb428e3d8f193aee1","2026-07-06T20:22:35.121000","2026-07-06T20:22:35.121000","service_ee02f896-97ac-4ee7-b74a-be74c961f91f","service+ee02f896-97ac-4ee7-b74a-be74c961f91f@no-reply.base44.com","false"
"2026-06-13","137.28","57982","","38.24","ARLA","","","RCJ1E32","LT","","AUTO POSTO MASUT LTDA","COMBUSTÍVEIS","47790","6a4c0e8bb428e3d8f193aefb","2026-07-06T20:22:35.121000","2026-07-06T20:22:35.121000","service_ee02f896-97ac-4ee7-b74a-be74c961f91f","service+ee02f896-97ac-4ee7-b74a-be74c961f91f@no-reply.base44.com","false"
"2026-06-15","633.59","82099","","90.64","DIESEL (P)","(SEM PARAR), PERÍODO DE 01/06/2026 A 15/06/2026","","RBT2A64","LT","","POSTO CRISTOVAO COLOMBO LTDA","COMBUSTÍVEIS","2957","6a4c0e8bb428e3d8f193af08","2026-07-06T20:22:35.121000","2026-07-06T20:22:35.121000","service_ee02f896-97ac-4ee7-b74a-be74c961f91f","service+ee02f896-97ac-4ee7-b74a-be74c961f91f@no-reply.base44.com","false"
"2026-06-15","3679.57","321416","","550.01","DIESEL (P)","(SEM PARAR), PERÍODO DE 01/06/2026 A 15/06/2026","","RCN5F85","LT","","AUTO POSTO MASUT LTDA","COMBUSTÍVEIS","47883","6a4c0e8bb428e3d8f193af09","2026-07-06T20:22:35.121000","2026-07-06T20:22:35.121000","service_ee02f896-97ac-4ee7-b74a-be74c961f91f","service+ee02f896-97ac-4ee7-b74a-be74c961f91f@no-reply.base44.com","false"
"2026-06-15","209.82","65364","","46.73","ETANOL","(SEM PARAR), PERÍODO DE 01/06/2026 A 15/06/2026","","TGE8F88","LT","","AUTO POSTO URUGUAI LTDA","COMBUSTÍVEIS","303263","6a4c0e8bb428e3d8f193af12","2026-07-06T20:22:35.121000","2026-07-06T20:22:35.121000","service_ee02f896-97ac-4ee7-b74a-be74c961f91f","service+ee02f896-97ac-4ee7-b74a-be74c961f91f@no-reply.base44.com","false"
"2026-06-11","150.14","37590","","31.02","ETANOL","(SEM PARAR), PERÍODO DE 01/06/2026 A 15/06/2026","","SDB0G19","LT","","AUTO POSTO BAUS LTDA","COMBUSTÍVEIS","110814","6a4c0e8bb428e3d8f193aee8","2026-07-06T20:22:35.121000","2026-07-06T20:22:35.121000","service_ee02f896-97ac-4ee7-b74a-be74c961f91f","service+ee02f896-97ac-4ee7-b74a-be74c961f91f@no-reply.base44.com","false"
"2026-06-10","789.59","104191","","108.51","DIESEL (P)","(SEM PARAR), PERÍODO DE 01/06/2026 A 15/06/2026","","SDF8F89","LT","","RODO POSTO MARFIM LTDA","COMBUSTÍVEIS","1608505","6a4c0e8bb428e3d8f193aedc","2026-07-06T20:22:35.121000","2026-07-06T20:22:35.121000","service_ee02f896-97ac-4ee7-b74a-be74c961f91f","service+ee02f896-97ac-4ee7-b74a-be74c961f91f@no-reply.base44.com","false"
"2026-06-12","522.06","95795","","68.78","DIESEL (P)","(SEM PARAR), PERÍODO DE 01/06/2026 A 15/06/2026","","SDN8F89","LT","","POSTO DE COMBUSTIVEIS RIO CORRENTINA 1 LTDA","COMBUSTÍVEIS","19308","6a4c0e8bb428e3d8f193aef3","2026-07-06T20:22:35.121000","2026-07-06T20:22:35.121000","service_ee02f896-97ac-4ee7-b74a-be74c961f91f","service+ee02f896-97ac-4ee7-b74a-be74c961f91f@no-reply.base44.com","false"
"2026-06-15","2978.31","92972","","403.02","DIESEL (P)","(SEM PARAR), PERÍODO DE 01/06/2026 A 15/06/2026","","SCN8F89","LT","","AUTO SERVICO VENTURIM LTDA","COMBUSTÍVEIS","101183","6a4c0e8bb428e3d8f193af0c","2026-07-06T20:22:35.121000","2026-07-06T20:22:35.121000","service_ee02f896-97ac-4ee7-b74a-be74c961f91f","service+ee02f896-97ac-4ee7-b74a-be74c961f91f@no-reply.base44.com","false"
"2026-06-10","711.68","94546","","107.02","DIESEL (P)","(SEM PARAR), PERÍODO DE 01/06/2026 A 15/06/2026","","SDN8F89","LT","","POSTO RURALMINAS","COMBUSTÍVEIS","173768","6a4c0e8bb428e3d8f193aedf","2026-07-06T20:22:35.121000","2026-07-06T20:22:35.121000","service_ee02f896-97ac-4ee7-b74a-be74c961f91f","service+ee02f896-97ac-4ee7-b74a-be74c961f91f@no-reply.base44.com","false"
"2026-06-11","85.31","40604","","25.17","ARLA","(SEM PARAR), PERÍODO DE 01/06/2026 A 15/06/2026","","SCK8F89","LT","","POSTO SABADIN II LTDA","COMBUSTÍVEIS","16387","6a4c0e8bb428e3d8f193aee4","2026-07-06T20:22:35.121000","2026-07-06T20:22:35.121000","service_ee02f896-97ac-4ee7-b74a-be74c961f91f","service+ee02f896-97ac-4ee7-b74a-be74c961f91f@no-reply.base44.com","false"
"2026-06-12","222.69","54118","","46.98","ETANOL","(SEM PARAR), PERÍODO DE 01/06/2026 A 15/06/2026","","TGB8F88","LT","","POSTO D-PETRUS SERRA LTDA","COMBUSTÍVEIS","1120445","6a4c0e8bb428e3d8f193aef7","2026-07-06T20:22:35.121000","2026-07-06T20:22:35.121000","service_ee02f896-97ac-4ee7-b74a-be74c961f91f","service+ee02f896-97ac-4ee7-b74a-be74c961f91f@no-reply.base44.com","false"
"2026-06-13","79.82","91698","","27.62","ARLA","(SEM PARAR), PERÍODO DE 01/06/2026 A 15/06/2026","","SCN8F89","LT","","POSTO DA MATA COMERCIO DE COMBUSTIVEIS LTDA","COMBUSTÍVEIS","3083","6a4c0e8bb428e3d8f193aeff","2026-07-06T20:22:35.121000","2026-07-06T20:22:35.121000","service_ee02f896-97ac-4ee7-b74a-be74c961f91f","service+ee02f896-97ac-4ee7-b74a-be74c961f91f@no-reply.base44.com","false"
"2026-06-13","26.9","96288","","6.26","ARLA","(SEM PARAR), PERÍODO DE 01/06/2026 A 15/06/2026","","SDN8F89","LT","","POSTO 030","COMBUSTÍVEIS","1199","6a4c0e8bb428e3d8f193af02","2026-07-06T20:22:35.121000","2026-07-06T20:22:35.121000","service_ee02f896-97ac-4ee7-b74a-be74c961f91f","service+ee02f896-97ac-4ee7-b74a-be74c961f91f@no-reply.base44.com","false"
"2026-06-15","109.95","92972","","25.63","ARLA","(SEM PARAR), PERÍODO DE 01/06/2026 A 15/06/2026","","SCN8F89","LT","","AUTO SERVICO VENTURIM LTDA","COMBUSTÍVEIS","101186","6a4c0e8bb428e3d8f193af0d","2026-07-06T20:22:35.121000","2026-07-06T20:22:35.121000","service_ee02f896-97ac-4ee7-b74a-be74c961f91f","service+ee02f896-97ac-4ee7-b74a-be74c961f91f@no-reply.base44.com","false"
"2026-06-12","23.34","95795","","7.31","ARLA","(SEM PARAR), PERÍODO DE 01/06/2026 A 15/06/2026","","SDN8F89","LT","","POSTO DE COMBUSTIVEIS RIO CORRENTINA 1 LTDA","COMBUSTÍVEIS","19308","6a4c0e8bb428e3d8f193aef2","2026-07-06T20:22:35.121000","2026-07-06T20:22:35.121000","service_ee02f896-97ac-4ee7-b74a-be74c961f91f","service+ee02f896-97ac-4ee7-b74a-be74c961f91f@no-reply.base44.com","false"
"2026-06-13","883.33","116183","","126.37","DIESEL (P)","(SEM PARAR), PERÍODO DE 01/06/2026 A 15/06/2026","","SDK8F89","LT","","POSTO D-PETRUS SERRA LTDA","COMBUSTÍVEIS","10334","6a4c0e8bb428e3d8f193af01","2026-07-06T20:22:35.121000","2026-07-06T20:22:35.121000","service_ee02f896-97ac-4ee7-b74a-be74c961f91f","service+ee02f896-97ac-4ee7-b74a-be74c961f91f@no-reply.base44.com","false"
"2026-06-13","834.02","96288","","104.38","DIESEL (P)","(SEM PARAR), PERÍODO DE 01/06/2026 A 15/06/2026","","SDN8F89","LT","","POSTO 030","COMBUSTÍVEIS","1199","6a4c0e8bb428e3d8f193af03","2026-07-06T20:22:35.121000","2026-07-06T20:22:35.121000","service_ee02f896-97ac-4ee7-b74a-be74c961f91f","service+ee02f896-97ac-4ee7-b74a-be74c961f91f@no-reply.base44.com","false"
"2026-06-10","906.55","93925","","113.46","DIESEL (P)","(SEM PARAR), PERÍODO DE 01/06/2026 A 15/06/2026","","SDN8F89","LT","","POSTO GRAMENSE","COMBUSTÍVEIS","8834","6a4c0e8bb428e3d8f193aede","2026-07-06T20:22:35.121000","2026-07-06T20:22:35.121000","service_ee02f896-97ac-4ee7-b74a-be74c961f91f","service+ee02f896-97ac-4ee7-b74a-be74c961f91f@no-reply.base44.com","false"
"2026-06-11","97.82","53038","","25.14","DIESEL (P)","(SEM PARAR), PERÍODO DE 01/06/2026 A 15/06/2026","","SCP8F89","LT","","AUTO POSTO URUGUAI LTDA","COMBUSTÍVEIS","302102","6a4c0e8bb428e3d8f193aee6","2026-07-06T20:22:35.121000","2026-07-06T20:22:35.121000","service_ee02f896-97ac-4ee7-b74a-be74c961f91f","service+ee02f896-97ac-4ee7-b74a-be74c961f91f@no-reply.base44.com","false"
"2026-06-11","90.01","37590","","26.71","ETANOL","(SEM PARAR), PERÍODO DE 01/06/2026 A 15/06/2026","","SDB0G19","LT","","AUTO POSTO BAUS LTDA","COMBUSTÍVEIS","110814","6a4c0e8bb428e3d8f193aee9","2026-07-06T20:22:35.121000","2026-07-06T20:22:35.121000","service_ee02f896-97ac-4ee7-b74a-be74c961f91f","service+ee02f896-97ac-4ee7-b74a-be74c961f91f@no-reply.base44.com","false"
"2026-06-11","108.32","43506","","28.36","ETANOL","(SEM PARAR), PERÍODO DE 01/06/2026 A 15/06/2026","","TGE8F88","LT","","AUTO POSTO ABC","COMBUSTÍVEIS","273886","6a4c0e8bb428e3d8f193aeef","2026-07-06T20:22:35.121000","2026-07-06T20:22:35.121000","service_ee02f896-97ac-4ee7-b74a-be74c961f91f","service+ee02f896-97ac-4ee7-b74a-be74c961f91f@no-reply.base44.com","false"
"2026-06-12","591.53","103591","","88.42","DIESEL (P)","(SEM PARAR), PERÍODO DE 01/06/2026 A 15/06/2026","","RBX9D43","LT","","AUTO POSTO MASUT LTDA","COMBUSTÍVEIS","47761","6a4c0e8bb428e3d8f193aef0","2026-07-06T20:22:35.121000","2026-07-06T20:22:35.121000","service_ee02f896-97ac-4ee7-b74a-be74c961f91f","service+ee02f896-97ac-4ee7-b74a-be74c961f91f@no-reply.base44.com","false"
"2026-06-13","857.72","104252","","131.15","DIESEL (P)","(SEM PARAR), PERÍODO DE 01/06/2026 A 15/06/2026","","RBX9D43","LT","","POSTO VILA","COMBUSTÍVEIS","7559","6a4c0e8bb428e3d8f193aef9","2026-07-06T20:22:35.121000","2026-07-06T20:22:35.121000","service_ee02f896-97ac-4ee7-b74a-be74c961f91f","service+ee02f896-97ac-4ee7-b74a-be74c961f91f@no-reply.base44.com","false"
"2026-06-14","31.98","96929","","7.82","ARLA","(SEM PARAR), PERÍODO DE 01/06/2026 A 15/06/2026","","SDN8F89","LT","","POSTO SEABRA LTDA","COMBUSTÍVEIS","142123","6a4c0e8bb428e3d8f193af06","2026-07-06T20:22:35.121000","2026-07-06T20:22:35.121000","service_ee02f896-97ac-4ee7-b74a-be74c961f91f","service+ee02f896-97ac-4ee7-b74a-be74c961f91f@no-reply.base44.com","false"
"2026-06-11","150.14","68096","","34.2","ETANOL","(SEM PARAR), PERÍODO DE 01/06/2026 A 15/06/2026","","SDN9A99","LT","","POSTO GERAR LTDA","COMBUSTÍVEIS","1822136","6a4c0e8bb428e3d8f193aeee","2026-07-06T20:22:35.121000","2026-07-06T20:22:35.121000","service_ee02f896-97ac-4ee7-b74a-be74c961f91f","service+ee02f896-97ac-4ee7-b74a-be74c961f91f@no-reply.base44.com","false"
"2026-06-12","88","68762","","12.85","GASOLINA","(SEM PARAR), PERÍODO DE 01/06/2026 A 15/06/2026","","SDN9A99","LT","","AUGUSTO URIAS DA CRUZ E FILHOS LTDA","COMBUSTÍVEIS","265137","6a4c0e8bb428e3d8f193aef5","2026-07-06T20:22:35.121000","2026-07-06T20:22:35.121000","service_ee02f896-97ac-4ee7-b74a-be74c961f91f","service+ee02f896-97ac-4ee7-b74a-be74c961f91f@no-reply.base44.com","false"
"2026-06-13","2832.39","91698","","424.01","DIESEL (P)","(SEM PARAR), PERÍODO DE 01/06/2026 A 15/06/2026","","SCN8F89","LT","","POSTO DA MATA COMERCIO DE COMBUSTIVEIS LTDA","COMBUSTÍVEIS","3084","6a4c0e8bb428e3d8f193af00","2026-07-06T20:22:35.121000","2026-07-06T20:22:35.121000","service_ee02f896-97ac-4ee7-b74a-be74c961f91f","service+ee02f896-97ac-4ee7-b74a-be74c961f91f@no-reply.base44.com","false"
"2026-06-15","35.95","97689","","7.26","ARLA","(SEM PARAR), PERÍODO DE 01/06/2026 A 15/06/2026","","SDN8F89","LT","","AUTO POSTO CORRENTE LTDA","COMBUSTÍVEIS","48292","6a4c0e8bb428e3d8f193af0f","2026-07-06T20:22:35.121000","2026-07-06T20:22:35.121000","service_ee02f896-97ac-4ee7-b74a-be74c961f91f","service+ee02f896-97ac-4ee7-b74a-be74c961f91f@no-reply.base44.com","false"
"2026-06-12","16.16","103591","","4.5","ARLA","(SEM PARAR), PERÍODO DE 01/06/2026 A 15/06/2026","","RBX9D43","LT","","AUTO POSTO MASUT LTDA","COMBUSTÍVEIS","47762","6a4c0e8bb428e3d8f193aef1","2026-07-06T20:22:35.121000","2026-07-06T20:22:35.121000","service_ee02f896-97ac-4ee7-b74a-be74c961f91f","service+ee02f896-97ac-4ee7-b74a-be74c961f91f@no-reply.base44.com","false"
"2026-06-11","1725.14","40604","","254.07","DIESEL (P)","(SEM PARAR), PERÍODO DE 01/06/2026 A 15/06/2026","","SCK8F89","LT","","POSTO SABADIN II LTDA","COMBUSTÍVEIS","16386","6a4c0e8bb428e3d8f193aee3","2026-07-06T20:22:35.121000","2026-07-06T20:22:35.121000","service_ee02f896-97ac-4ee7-b74a-be74c961f91f","service+ee02f896-97ac-4ee7-b74a-be74c961f91f@no-reply.base44.com","false"
"2026-06-11","19.93","95101","","5.32","ARLA","(SEM PARAR), PERÍODO DE 01/06/2026 A 15/06/2026","","SDN8F89","LT","","COMERCIAL DERIV PETROLEO SAO CARLOS LTDA","COMBUSTÍVEIS","116916","6a4c0e8bb428e3d8f193aeed","2026-07-06T20:22:35.121000","2026-07-06T20:22:35.121000","service_ee02f896-97ac-4ee7-b74a-be74c961f91f","service+ee02f896-97ac-4ee7-b74a-be74c961f91f@no-reply.base44.com","false"
"2026-06-13","111.79","132982","","31.14","ARLA","(SEM PARAR), PERÍODO DE 01/06/2026 A 15/06/2026","","SCE8F89","LT","","AUTO POSTO MASUT LTDA","COMBUSTÍVEIS","47788","6a4c0e8bb428e3d8f193aefe","2026-07-06T20:22:35.121000","2026-07-06T20:22:35.121000","service_ee02f896-97ac-4ee7-b74a-be74c961f91f","service+ee02f896-97ac-4ee7-b74a-be74c961f91f@no-reply.base44.com","false"
"2026-06-14","1074.81","96929","","145.44","DIESEL (P)","(SEM PARAR), PERÍODO DE 01/06/2026 A 15/06/2026","","SDN8F89","LT","","POSTO SEABRA LTDA","COMBUSTÍVEIS","142122","6a4c0e8bb428e3d8f193af05","2026-07-06T20:22:35.121000","2026-07-06T20:22:35.121000","service_ee02f896-97ac-4ee7-b74a-be74c961f91f","service+ee02f896-97ac-4ee7-b74a-be74c961f91f@no-reply.base44.com","false"
"2026-06-15","1076.12","97689","","125.28","DIESEL (P)","(SEM PARAR), PERÍODO DE 01/06/2026 A 15/06/2026","","SDN8F89","LT","","AUTO POSTO CORRENTE LTDA","COMBUSTÍVEIS","48292","6a4c0e8bb428e3d8f193af10","2026-07-06T20:22:35.121000","2026-07-06T20:22:35.121000","service_ee02f896-97ac-4ee7-b74a-be74c961f91f","service+ee02f896-97ac-4ee7-b74a-be74c961f91f@no-reply.base44.com","false"
"2026-06-10","27.17","93925","","6.99","ARLA","(SEM PARAR), PERÍODO DE 01/06/2026 A 15/06/2026","","SDN8F89","LT","","POSTO GRAMENSE","COMBUSTÍVEIS","8834","6a4c0e8bb428e3d8f193aedd","2026-07-06T20:22:35.121000","2026-07-06T20:22:35.121000","service_ee02f896-97ac-4ee7-b74a-be74c961f91f","service+ee02f896-97ac-4ee7-b74a-be74c961f91f@no-reply.base44.com","false"
"2026-06-12","560.46","95516","","65.25","DIESEL (P)","(SEM PARAR), PERÍODO DE 01/06/2026 A 15/06/2026","","SDN8F89","LT","","AUTO POSTO CORRENTE LTDA","COMBUSTÍVEIS","48246","6a4c0e8bb428e3d8f193aef4","2026-07-06T20:22:35.121000","2026-07-06T20:22:35.121000","service_ee02f896-97ac-4ee7-b74a-be74c961f91f","service+ee02f896-97ac-4ee7-b74a-be74c961f91f@no-reply.base44.com","false"
"2026-06-15","113.41","101847","","28.43","ARLA","(SEM PARAR), PERÍODO DE 01/06/2026 A 15/06/2026","","SCB8F89","LT","","PETROTRANS TRANSPORTES QUIMICOS E PETROQUIMICOS LTDA","COMBUSTÍVEIS","33046","6a4c0e8bb428e3d8f193af0a","2026-07-06T20:22:35.121000","2026-07-06T20:22:35.121000","service_ee02f896-97ac-4ee7-b74a-be74c961f91f","service+ee02f896-97ac-4ee7-b74a-be74c961f91f@no-reply.base44.com","false"
"2026-06-11","908.08","53038","","139.92","DIESEL (P)","(SEM PARAR), PERÍODO DE 01/06/2026 A 15/06/2026","","SCP8F89","LT","","AUTO POSTO URUGUAI LTDA","COMBUSTÍVEIS","302101","6a4c0e8bb428e3d8f193aee5","2026-07-06T20:22:35.121000","2026-07-06T20:22:35.121000","service_ee02f896-97ac-4ee7-b74a-be74c961f91f","service+ee02f896-97ac-4ee7-b74a-be74c961f91f@no-reply.base44.com","false"
"2026-06-11","70","998451","","20","ARLA","(SEM PARAR), PERÍODO DE 01/06/2026 A 15/06/2026","","SCR8F89","LT","","POSTOS BRASIL III","COMBUSTÍVEIS","7929","6a4c0e8bb428e3d8f193aee7","2026-07-06T20:22:35.121000","2026-07-06T20:22:35.121000","service_ee02f896-97ac-4ee7-b74a-be74c961f91f","service+ee02f896-97ac-4ee7-b74a-be74c961f91f@no-reply.base44.com","false"
"2026-06-13","4214.7","358358","","630","DIESEL (P)","(SEM PARAR), PERÍODO DE 01/06/2026 A 15/06/2026","","RCJ1E32","LT","","AUTO POSTO MASUT LTDA","COMBUSTÍVEIS","47789","6a4c0e8bb428e3d8f193aefa","2026-07-06T20:22:35.121000","2026-07-06T20:22:35.121000","service_ee02f896-97ac-4ee7-b74a-be74c961f91f","service+ee02f896-97ac-4ee7-b74a-be74c961f91f@no-reply.base44.com","false"
"2026-06-13","2313.97","103530","","331.04","GASOLINA","(SEM PARAR), PERÍODO DE 01/06/2026 A 15/06/2026","","SCA8F89","LT","","POSTO Z+Z HOUSING LTDA","COMBUSTÍVEIS","1366788","6a4c0e8bb428e3d8f193aefc","2026-07-06T20:22:35.121000","2026-07-06T20:22:35.121000","service_ee02f896-97ac-4ee7-b74a-be74c961f91f","service+ee02f896-97ac-4ee7-b74a-be74c961f91f@no-reply.base44.com","false"
"2026-06-06","951.97","92729","","123.96","DIESEL (P)","(SEM PARAR), PERÍODO DE 01/06/2026 A 15/06/2026","","SDN8F89","LT","","POSTO ALPA I","COMBUSTÍVEIS","115820","6a4c0e8bb428e3d8f193aea6","2026-07-06T20:22:35.120000","2026-07-06T20:22:35.120000","service_ee02f896-97ac-4ee7-b74a-be74c961f91f","service+ee02f896-97ac-4ee7-b74a-be74c961f91f@no-reply.base44.com","false"
"2026-06-07","717.31","63529","CESTO AÉREO","109.68","DIESEL (P)","(SEM PARAR), PERÍODO DE 01/06/2026 A 15/06/2026","VW 9-170","FCG0F18","LT","6a0720885c9dd6ed8a227605","POSTO VILA","COMBUSTÍVEIS","5041","6a4c0e8bb428e3d8f193aeaa","2026-07-06T20:22:35.120000","2026-07-15T14:47:08.229000","service_ee02f896-97ac-4ee7-b74a-be74c961f91f","service+ee02f896-97ac-4ee7-b74a-be74c961f91f@no-reply.base44.com","false"
"2026-06-09","1329.5","52449","","198.73","DIESEL (P)","(SEM PARAR), PERÍODO DE 01/06/2026 A 15/06/2026","","SCP8F89","LT","","POSTO KARAKA DERIVADOS DE PETROLEO LTDA","COMBUSTÍVEIS","4567","6a4c0e8bb428e3d8f193aeca","2026-07-06T20:22:35.120000","2026-07-06T20:22:35.120000","service_ee02f896-97ac-4ee7-b74a-be74c961f91f","service+ee02f896-97ac-4ee7-b74a-be74c961f91f@no-reply.base44.com","false"
"2026-06-10","613.57","71502","","87.78","DIESEL (P)","(SEM PARAR), PERÍODO DE 01/06/2026 A 15/06/2026","","EDB0F96","LT","","POSTO CRISTOVAO COLOMBO LTDA","COMBUSTÍVEIS","2876","6a4c0e8bb428e3d8f193aecf","2026-07-06T20:22:35.120000","2026-07-06T20:22:35.120000","service_ee02f896-97ac-4ee7-b74a-be74c961f91f","service+ee02f896-97ac-4ee7-b74a-be74c961f91f@no-reply.base44.com","false"
"2026-06-05","623.2","114580","","84.44","DIESEL (P)","(SEM PARAR), PERÍODO DE 01/06/2026 A 15/06/2026","","SDK8F89","LT","","POSTO FORMULA 1 DE TEODORO LTDA.","COMBUSTÍVEIS","10675","6a4c0e8bb428e3d8f193ae8f","2026-07-06T20:22:35.120000","2026-07-06T20:22:35.120000","service_ee02f896-97ac-4ee7-b74a-be74c961f91f","service+ee02f896-97ac-4ee7-b74a-be74c961f91f@no-reply.base44.com","false"
"2026-06-05","11.37","114134","","3","ARLA","(SEM PARAR), PERÍODO DE 01/06/2026 A 15/06/2026","","SDK8F89","LT","","AUTO POSTO PRA FRENTE BRASIL LTDA","COMBUSTÍVEIS","112984","6a4c0e8bb428e3d8f193ae91","2026-07-06T20:22:35.120000","2026-07-06T20:22:35.120000","service_ee02f896-97ac-4ee7-b74a-be74c961f91f","service+ee02f896-97ac-4ee7-b74a-be74c961f91f@no-reply.base44.com","false"
"2026-06-06","341.18","138586","","52.57","DIESEL (P)","(SEM PARAR), PERÍODO DE 01/06/2026 A 15/06/2026","","LUE3B05","LT","","AUTO POSTO URUGUAI LTDA","COMBUSTÍVEIS","7151","6a4c0e8bb428e3d8f193ae9a","2026-07-06T20:22:35.120000","2026-07-06T20:22:35.120000","service_ee02f896-97ac-4ee7-b74a-be74c961f91f","service+ee02f896-97ac-4ee7-b74a-be74c961f91f@no-reply.base44.com","false"
"2026-06-06","57.04","89364","","17.88","ARLA","(SEM PARAR), PERÍODO DE 01/06/2026 A 15/06/2026","","SCN8F89","LT","","POSTO ALPA I","COMBUSTÍVEIS","115821","6a4c0e8bb428e3d8f193aea0","2026-07-06T20:22:35.120000","2026-07-06T20:22:35.120000","service_ee02f896-97ac-4ee7-b74a-be74c961f91f","service+ee02f896-97ac-4ee7-b74a-be74c961f91f@no-reply.base44.com","false"
"2026-06-08","132.35","36293","","31.14","ETANOL","(SEM PARAR), PERÍODO DE 01/06/2026 A 15/06/2026","","SDB0G19","LT","","AUTO POSTO CHAPADAO","COMBUSTÍVEIS","349144","6a4c0e8bb428e3d8f193aebf","2026-07-06T20:22:35.120000","2026-07-06T20:22:35.120000","service_ee02f896-97ac-4ee7-b74a-be74c961f91f","service+ee02f896-97ac-4ee7-b74a-be74c961f91f@no-reply.base44.com","false"
"2026-06-10","854.05","60696","","122.18","DIESEL (P)","(SEM PARAR), PERÍODO DE 01/06/2026 A 15/06/2026","","ERG1E95","LT","","POSTO CRISTOVAO COLOMBO LTDA","COMBUSTÍVEIS","2877","6a4c0e8bb428e3d8f193aed0","2026-07-06T20:22:35.120000","2026-07-06T20:22:35.120000","service_ee02f896-97ac-4ee7-b74a-be74c961f91f","service+ee02f896-97ac-4ee7-b74a-be74c961f91f@no-reply.base44.com","false"
"2026-06-03","25.73","101058","","7.17","ARLA","(SEM PARAR), PERÍODO DE 01/06/2026 A 15/06/2026","","SDF8F89","LT","","POSTO FENIX DE LORENA","COMBUSTÍVEIS","94982","6a4c0e8bb428e3d8f193ae82","2026-07-06T20:22:35.120000","2026-07-06T20:22:35.120000","service_ee02f896-97ac-4ee7-b74a-be74c961f91f","service+ee02f896-97ac-4ee7-b74a-be74c961f91f@no-reply.base44.com","false"
"2026-06-05","230.28","42950","","49.1","ETANOL","(SEM PARAR), PERÍODO DE 01/06/2026 A 15/06/2026","","TGD8F88","LT","","POSTO KARAKA DERIVADOS DE PETROLEO LTDA","COMBUSTÍVEIS","14015","6a4c0e8bb428e3d8f193ae94","2026-07-06T20:22:35.120000","2026-07-06T20:22:35.120000","service_ee02f896-97ac-4ee7-b74a-be74c961f91f","service+ee02f896-97ac-4ee7-b74a-be74c961f91f@no-reply.base44.com","false"
"2026-06-06","593.51","70219","","91.45","DIESEL (P)","(SEM PARAR), PERÍODO DE 01/06/2026 A 15/06/2026","","EDB0F96","LT","","SANTA MARIA DERIVADOS DE PETROLEO LTDA","COMBUSTÍVEIS","90853","6a4c0e8bb428e3d8f193ae95","2026-07-06T20:22:35.120000","2026-07-06T20:22:35.120000","service_ee02f896-97ac-4ee7-b74a-be74c961f91f","service+ee02f896-97ac-4ee7-b74a-be74c961f91f@no-reply.base44.com","false"
"2026-06-06","20.93","138586","","5.38","ARLA","(SEM PARAR), PERÍODO DE 01/06/2026 A 15/06/2026","","LUE3B05","LT","","AUTO POSTO URUGUAI LTDA","COMBUSTÍVEIS","7150","6a4c0e8bb428e3d8f193ae99","2026-07-06T20:22:35.120000","2026-07-06T20:22:35.120000","service_ee02f896-97ac-4ee7-b74a-be74c961f91f","service+ee02f896-97ac-4ee7-b74a-be74c961f91f@no-reply.base44.com","false"
"2026-06-06","220.13","66921","","46.44","ETANOL","(SEM PARAR), PERÍODO DE 01/06/2026 A 15/06/2026","","SDN9A99","LT","","AUTO POSTO NOVO MILLENIUM LTDA","COMBUSTÍVEIS","211044","6a4c0e8bb428e3d8f193aea7","2026-07-06T20:22:35.120000","2026-07-06T20:22:35.120000","service_ee02f896-97ac-4ee7-b74a-be74c961f91f","service+ee02f896-97ac-4ee7-b74a-be74c961f91f@no-reply.base44.com","false"
"2026-06-07","99.97","103489","","13","DIESEL (P)","(SEM PARAR), PERÍODO DE 01/06/2026 A 15/06/2026","","SDF8F89","LT","","BARRIGAO COMERCIAL LTDA","COMBUSTÍVEIS","64941","6a4c0e8bb428e3d8f193aeb7","2026-07-06T20:22:35.120000","2026-07-06T20:22:35.120000","service_ee02f896-97ac-4ee7-b74a-be74c961f91f","service+ee02f896-97ac-4ee7-b74a-be74c961f91f@no-reply.base44.com","false"
"2026-06-07","553.94","93098","","78.13","DIESEL (P)","(SEM PARAR), PERÍODO DE 01/06/2026 A 15/06/2026","","SDN8F89","LT","","POSTO 65 LTDA","COMBUSTÍVEIS","18887","6a4c0e8bb428e3d8f193aeba","2026-07-06T20:22:35.120000","2026-07-06T20:22:35.120000","service_ee02f896-97ac-4ee7-b74a-be74c961f91f","service+ee02f896-97ac-4ee7-b74a-be74c961f91f@no-reply.base44.com","false"
"2026-06-07","40.76","93439","","9.6","ARLA","(SEM PARAR), PERÍODO DE 01/06/2026 A 15/06/2026","","SDN8F89","LT","","AUTO SERVICO VENTURIM LTDA","COMBUSTÍVEIS","155305","6a4c0e8bb428e3d8f193aebc","2026-07-06T20:22:35.120000","2026-07-06T20:22:35.120000","service_ee02f896-97ac-4ee7-b74a-be74c961f91f","service+ee02f896-97ac-4ee7-b74a-be74c961f91f@no-reply.base44.com","false"
"2026-06-10","842.1","104939","","122.22","DIESEL (P)","(SEM PARAR), PERÍODO DE 01/06/2026 A 15/06/2026","","SDF8F89","LT","","AUGUSTO URIAS DA CRUZ E FILHOS LTDA","COMBUSTÍVEIS","264840","6a4c0e8bb428e3d8f193aedb","2026-07-06T20:22:35.120000","2026-07-06T20:22:35.120000","service_ee02f896-97ac-4ee7-b74a-be74c961f91f","service+ee02f896-97ac-4ee7-b74a-be74c961f91f@no-reply.base44.com","false"
"2026-06-05","781.07","59905","","120.35","DIESEL (P)","(SEM PARAR), PERÍODO DE 01/06/2026 A 15/06/2026","","FON1F81","LT","","SANTA MARIA DERIVADOS DE PETROLEO LTDA","COMBUSTÍVEIS","90752","6a4c0e8bb428e3d8f193ae8b","2026-07-06T20:22:35.120000","2026-07-06T20:22:35.120000","service_ee02f896-97ac-4ee7-b74a-be74c961f91f","service+ee02f896-97ac-4ee7-b74a-be74c961f91f@no-reply.base44.com","false"
"2026-06-05","384.52","114134","","55.01","DIESEL (P)","(SEM PARAR), PERÍODO DE 01/06/2026 A 15/06/2026","","SDK8F89","LT","","AUTO POSTO PRA FRENTE BRASIL LTDA","COMBUSTÍVEIS","112982","6a4c0e8bb428e3d8f193ae90","2026-07-06T20:22:35.120000","2026-07-06T20:22:35.120000","service_ee02f896-97ac-4ee7-b74a-be74c961f91f","service+ee02f896-97ac-4ee7-b74a-be74c961f91f@no-reply.base44.com","false"
"2026-06-06","26.5","92729","","8.31","ARLA","(SEM PARAR), PERÍODO DE 01/06/2026 A 15/06/2026","","SDN8F89","LT","","POSTO ALPA I","COMBUSTÍVEIS","115820","6a4c0e8bb428e3d8f193aea5","2026-07-06T20:22:35.120000","2026-07-06T20:22:35.120000","service_ee02f896-97ac-4ee7-b74a-be74c961f91f","service+ee02f896-97ac-4ee7-b74a-be74c961f91f@no-reply.base44.com","false"
"2026-06-07","67.16","83529","CESTO AÉREO","19.81","ARLA","(SEM PARAR), PERÍODO DE 01/06/2026 A 15/06/2026","VW 9-170","FCG0F18","LT","6a0720885c9dd6ed8a227605","POSTO VILA","COMBUSTÍVEIS","872115","6a4c0e8bb428e3d8f193aeab","2026-07-06T20:22:35.120000","2026-07-15T14:46:08.351000","service_ee02f896-97ac-4ee7-b74a-be74c961f91f","service+ee02f896-97ac-4ee7-b74a-be74c961f91f@no-reply.base44.com","false"
"2026-06-07","349.93","113735","","46.97","DIESEL (P)","(SEM PARAR), PERÍODO DE 01/06/2026 A 15/06/2026","","LTY4G44","LT","","POSTO RODRIGUES MACEDO LTDA","COMBUSTÍVEIS","107732","6a4c0e8bb428e3d8f193aeac","2026-07-06T20:22:35.120000","2026-07-06T20:22:35.120000","service_ee02f896-97ac-4ee7-b74a-be74c961f91f","service+ee02f896-97ac-4ee7-b74a-be74c961f91f@no-reply.base44.com","false"
"2026-06-07","745.95","47042","","114.06","DIESEL (P)","(SEM PARAR), PERÍODO DE 01/06/2026 A 15/06/2026","","RET5E47","LT","","POSTO VILA","COMBUSTÍVEIS","5032","6a4c0e8bb428e3d8f193aeb0","2026-07-06T20:22:35.120000","2026-07-06T20:22:35.120000","service_ee02f896-97ac-4ee7-b74a-be74c961f91f","service+ee02f896-97ac-4ee7-b74a-be74c961f91f@no-reply.base44.com","false"
"2026-06-08","464.32","42440","","68.9","GASOLINA","(SEM PARAR), PERÍODO DE 01/06/2026 A 15/06/2026","","SCU8F80","LT","","AUTO POSTO NOVO MILLENIUM LTDA","COMBUSTÍVEIS","211596","6a4c0e8bb428e3d8f193aebe","2026-07-06T20:22:35.120000","2026-07-06T20:22:35.120000","service_ee02f896-97ac-4ee7-b74a-be74c961f91f","service+ee02f896-97ac-4ee7-b74a-be74c961f91f@no-reply.base44.com","false"
"2026-06-09","148.03","36881","","34.03","ETANOL","(SEM PARAR), PERÍODO DE 01/06/2026 A 15/06/2026","","SDB0G19","LT","","POSTO E TRANSPORTADORA PEGORARO","COMBUSTÍVEIS","520427","6a4c0e8bb428e3d8f193aecb","2026-07-06T20:22:35.120000","2026-07-06T20:22:35.120000","service_ee02f896-97ac-4ee7-b74a-be74c961f91f","service+ee02f896-97ac-4ee7-b74a-be74c961f91f@no-reply.base44.com","false"
"2026-06-09","177.75","43304","","37.9","ETANOL","(SEM PARAR), PERÍODO DE 01/06/2026 A 15/06/2026","","TGD8F88","LT","","AUTO POSTO ITAMARATY LTDA","COMBUSTÍVEIS","712441","6a4c0e8bb428e3d8f193aecd","2026-07-06T20:22:35.120000","2026-07-06T20:22:35.120000","service_ee02f896-97ac-4ee7-b74a-be74c961f91f","service+ee02f896-97ac-4ee7-b74a-be74c961f91f@no-reply.base44.com","false"
"2026-06-09","211","64947","","46.17","ETANOL","(SEM PARAR), PERÍODO DE 01/06/2026 A 15/06/2026","","TGE8F88","LT","","MAIONE E MAIONE LTDA","COMBUSTÍVEIS","348526","6a4c0e8bb428e3d8f193aece","2026-07-06T20:22:35.120000","2026-07-06T20:22:35.120000","service_ee02f896-97ac-4ee7-b74a-be74c961f91f","service+ee02f896-97ac-4ee7-b74a-be74c961f91f@no-reply.base44.com","false"
"2026-06-10","17.15","104191","","5.82","ARLA","(SEM PARAR), PERÍODO DE 01/06/2026 A 15/06/2026","","SDF8F89","LT","","RODO POSTO MARFIM LTDA","COMBUSTÍVEIS","160807","6a4c0e8bb428e3d8f193aeda","2026-07-06T20:22:35.120000","2026-07-06T20:22:35.120000","service_ee02f896-97ac-4ee7-b74a-be74c961f91f","service+ee02f896-97ac-4ee7-b74a-be74c961f91f@no-reply.base44.com","false"
"2026-06-05","24.32","92108","","6.25","ARLA","(SEM PARAR), PERÍODO DE 01/06/2026 A 15/06/2026","","SDN8F89","LT","","AUTO POSTO URUGUAI LTDA","COMBUSTÍVEIS","7130","6a4c0e8bb428e3d8f193ae92","2026-07-06T20:22:35.120000","2026-07-06T20:22:35.120000","service_ee02f896-97ac-4ee7-b74a-be74c961f91f","service+ee02f896-97ac-4ee7-b74a-be74c961f91f@no-reply.base44.com","false"
"2026-06-06","2230.33","98366","","288.17","DIESEL (P)","(SEM PARAR), PERÍODO DE 01/06/2026 A 15/06/2026","","SCB8F89","LT","","AUTO POSTO PRECIOSO DO OESTE LTDA","COMBUSTÍVEIS","57269","6a4c0e8bb428e3d8f193ae9c","2026-07-06T20:22:35.120000","2026-07-06T20:22:35.120000","service_ee02f896-97ac-4ee7-b74a-be74c961f91f","service+ee02f896-97ac-4ee7-b74a-be74c961f91f@no-reply.base44.com","false"
"2026-06-09","161.84","67721","","35.26","ETANOL","(SEM PARAR), PERÍODO DE 01/06/2026 A 15/06/2026","","SDN9A99","LT","","DECIO COMERCIO E SERVICOS RODOVIARIOS LTDA","COMBUSTÍVEIS","378803","6a4c0e8bb428e3d8f193aecc","2026-07-06T20:22:35.120000","2026-07-06T20:22:35.120000","service_ee02f896-97ac-4ee7-b74a-be74c961f91f","service+ee02f896-97ac-4ee7-b74a-be74c961f91f@no-reply.base44.com","false"
"2026-06-10","486.08","140131","","69.54","DIESEL (P)","(SEM PARAR), PERÍODO DE 01/06/2026 A 15/06/2026","","LUE3B05","LT","","POSTO CRISTOVAO COLOMBO LTDA","COMBUSTÍVEIS","2881","6a4c0e8bb428e3d8f193aed4","2026-07-06T20:22:35.120000","2026-07-06T20:22:35.120000","service_ee02f896-97ac-4ee7-b74a-be74c961f91f","service+ee02f896-97ac-4ee7-b74a-be74c961f91f@no-reply.base44.com","false"
"2026-06-10","218.42","320580","","44.67","ARLA","(SEM PARAR), PERÍODO DE 01/06/2026 A 15/06/2026","","RCN5F85","LT","","POSTO MANGUEIRÃO LTDA","COMBUSTÍVEIS","33375","6a4c0e8bb428e3d8f193aed8","2026-07-06T20:22:35.120000","2026-07-06T20:22:35.120000","service_ee02f896-97ac-4ee7-b74a-be74c961f91f","service+ee02f896-97ac-4ee7-b74a-be74c961f91f@no-reply.base44.com","false"
"2026-06-05","3746.48","131196","","560.01","DIESEL (P)","(SEM PARAR), PERÍODO DE 01/06/2026 A 15/06/2026","","SCE8F89","LT","","POSTO SÃO ROQUE BR 080 LTDA","COMBUSTÍVEIS","9574","6a4c0e8bb428e3d8f193ae8d","2026-07-06T20:22:35.120000","2026-07-06T20:22:35.120000","service_ee02f896-97ac-4ee7-b74a-be74c961f91f","service+ee02f896-97ac-4ee7-b74a-be74c961f91f@no-reply.base44.com","false"
"2026-06-06","4349.73","132201","","631.31","DIESEL (P)","(SEM PARAR), PERÍODO DE 01/06/2026 A 15/06/2026","","SCE8F89","LT","","COMERCIAL DERIV PETROLEO SAO CARLOS LTDA","COMBUSTÍVEIS","116522","6a4c0e8bb428e3d8f193ae9e","2026-07-06T20:22:35.120000","2026-07-06T20:22:35.120000","service_ee02f896-97ac-4ee7-b74a-be74c961f91f","service+ee02f896-97ac-4ee7-b74a-be74c961f91f@no-reply.base44.com","false"
"2026-06-06","12.04","115051","","3.9","ARLA","(SEM PARAR), PERÍODO DE 01/06/2026 A 15/06/2026","","SDK8F89","LT","","POSTO 7 NOVA GRANADA LTDA","COMBUSTÍVEIS","255260","6a4c0e8bb428e3d8f193aea4","2026-07-06T20:22:35.120000","2026-07-06T20:22:35.120000","service_ee02f896-97ac-4ee7-b74a-be74c961f91f","service+ee02f896-97ac-4ee7-b74a-be74c961f91f@no-reply.base44.com","false"
"2026-06-07","591.2","93439","","80","DIESEL (P)","(SEM PARAR), PERÍODO DE 01/06/2026 A 15/06/2026","","SDN8F89","LT","","AUTO SERVICO VENTURIM LTDA","COMBUSTÍVEIS","155304","6a4c0e8bb428e3d8f193aebb","2026-07-06T20:22:35.120000","2026-07-06T20:22:35.120000","service_ee02f896-97ac-4ee7-b74a-be74c961f91f","service+ee02f896-97ac-4ee7-b74a-be74c961f91f@no-reply.base44.com","false"
"2026-06-06","812.16","102290","","125.14","DIESEL (P)","(SEM PARAR), PERÍODO DE 01/06/2026 A 15/06/2026","","SDF8F89","LT","","AUTO POSTO URUGUAI LTDA","COMBUSTÍVEIS","7154","6a4c0e8bb428e3d8f193aea2","2026-07-06T20:22:35.120000","2026-07-06T20:22:35.120000","service_ee02f896-97ac-4ee7-b74a-be74c961f91f","service+ee02f896-97ac-4ee7-b74a-be74c961f91f@no-reply.base44.com","false"
"2026-06-07","689.25","70900","","105.39","DIESEL (P)","(SEM PARAR), PERÍODO DE 01/06/2026 A 15/06/2026","","EDB0F96","LT","","POSTO VILA","COMBUSTÍVEIS","872108","6a4c0e8bb428e3d8f193aea8","2026-07-06T20:22:35.120000","2026-07-06T20:22:35.120000","service_ee02f896-97ac-4ee7-b74a-be74c961f91f","service+ee02f896-97ac-4ee7-b74a-be74c961f91f@no-reply.base44.com","false"
"2026-06-07","654","60028","","100","DIESEL (P)","(SEM PARAR), PERÍODO DE 01/06/2026 A 15/06/2026","","ERG1E95","LT","","POSTO VILA","COMBUSTÍVEIS","872109","6a4c0e8bb428e3d8f193aea9","2026-07-06T20:22:35.120000","2026-07-06T20:22:35.120000","service_ee02f896-97ac-4ee7-b74a-be74c961f91f","service+ee02f896-97ac-4ee7-b74a-be74c961f91f@no-reply.base44.com","false"
"2026-06-07","325.64","1329210","","43.71","DIESEL (P)","(SEM PARAR), PERÍODO DE 01/06/2026 A 15/06/2026","","LUE3B05","LT","","POSTO RODRIGUES MACEDO LTDA","COMBUSTÍVEIS","107733","6a4c0e8bb428e3d8f193aeae","2026-07-06T20:22:35.120000","2026-07-06T20:22:35.120000","service_ee02f896-97ac-4ee7-b74a-be74c961f91f","service+ee02f896-97ac-4ee7-b74a-be74c961f91f@no-reply.base44.com","false"
"2026-06-08","576.49","103611","","78.01","DIESEL (P)","(SEM PARAR), PERÍODO DE 01/06/2026 A 15/06/2026","","SDF8F89","LT","","AUTO SERVICO VENTURIM LTDA","COMBUSTÍVEIS","155311","6a4c0e8bb428e3d8f193aec2","2026-07-06T20:22:35.120000","2026-07-06T20:22:35.120000","service_ee02f896-97ac-4ee7-b74a-be74c961f91f","service+ee02f896-97ac-4ee7-b74a-be74c961f91f@no-reply.base44.com","false"
"2026-06-10","736.12","64181","CESTO AÉREO","105.31","DIESEL (P)","(SEM PARAR), PERÍODO DE 01/06/2026 A 15/06/2026","VW 9-170","FCG0F18","LT","6a0720885c9dd6ed8a227605","POSTO CRISTOVAO COLOMBO LTDA","COMBUSTÍVEIS","2879","6a4c0e8bb428e3d8f193aed1","2026-07-06T20:22:35.120000","2026-07-15T14:46:55.700000","service_ee02f896-97ac-4ee7-b74a-be74c961f91f","service+ee02f896-97ac-4ee7-b74a-be74c961f91f@no-reply.base44.com","false"
"2026-06-06","99.16","132201","","26.44","ARLA","(SEM PARAR), PERÍODO DE 01/06/2026 A 15/06/2026","","SCE8F89","LT","","COMERCIAL DERIV PETROLEO SAO CARLOS LTDA","COMBUSTÍVEIS","116523","6a4c0e8bb428e3d8f193ae9f","2026-07-06T20:22:35.120000","2026-07-06T20:22:35.120000","service_ee02f896-97ac-4ee7-b74a-be74c961f91f","service+ee02f896-97ac-4ee7-b74a-be74c961f91f@no-reply.base44.com","false"
"2026-06-06","664.37","115051","","88.23","DIESEL (P)","(SEM PARAR), PERÍODO DE 01/06/2026 A 15/06/2026","","SDK8F89","LT","","POSTO 7 NOVA GRANADA LTDA","COMBUSTÍVEIS","255258","6a4c0e8bb428e3d8f193aea3","2026-07-06T20:22:35.120000","2026-07-06T20:22:35.120000","service_ee02f896-97ac-4ee7-b74a-be74c961f91f","service+ee02f896-97ac-4ee7-b74a-be74c961f91f@no-reply.base44.com","false"
"2026-06-07","532.18","46388","","82","DIESEL (P)","(SEM PARAR), PERÍODO DE 01/06/2026 A 15/06/2026","","RET5E47","LT","","SANTA MARIA DERIVADOS DE PETROLEO LTDA","COMBUSTÍVEIS","90861","6a4c0e8bb428e3d8f193aeb2","2026-07-06T20:22:35.120000","2026-07-06T20:22:35.120000","service_ee02f896-97ac-4ee7-b74a-be74c961f91f","service+ee02f896-97ac-4ee7-b74a-be74c961f91f@no-reply.base44.com","false"
"2026-06-09","867.12","61000","","112.76","DIESEL (P)","(SEM PARAR), PERÍODO DE 01/06/2026 A 15/06/2026","","FON1F81","LT","","BARRIGAO COMERCIAL LTDA","COMBUSTÍVEIS","7834","6a4c0e8bb428e3d8f193aec8","2026-07-06T20:22:35.120000","2026-07-06T20:22:35.120000","service_ee02f896-97ac-4ee7-b74a-be74c961f91f","service+ee02f896-97ac-4ee7-b74a-be74c961f91f@no-reply.base44.com","false"
"2026-06-10","321.82","357134","","65.81","ARLA","(SEM PARAR), PERÍODO DE 01/06/2026 A 15/06/2026","","RCJ1E32","LT","","POSTO MANGUEIRÃO LTDA","COMBUSTÍVEIS","33373","6a4c0e8bb428e3d8f193aed6","2026-07-06T20:22:35.120000","2026-07-06T20:22:35.120000","service_ee02f896-97ac-4ee7-b74a-be74c961f91f","service+ee02f896-97ac-4ee7-b74a-be74c961f91f@no-reply.base44.com","false"
"2026-06-05","3045.24","88743","","469.22","DIESEL (P)","(SEM PARAR), PERÍODO DE 01/06/2026 A 15/06/2026","","SCN8F89","LT","","AUTO POSTO URUGUAI LTDA","COMBUSTÍVEIS","7132","6a4c0e8bb428e3d8f193ae8e","2026-07-06T20:22:35.120000","2026-07-06T20:22:35.120000","service_ee02f896-97ac-4ee7-b74a-be74c961f91f","service+ee02f896-97ac-4ee7-b74a-be74c961f91f@no-reply.base44.com","false"
"2026-06-05","264.08","92108","","40.69","DIESEL (P)","(SEM PARAR), PERÍODO DE 01/06/2026 A 15/06/2026","","SDN8F89","LT","","AUTO POSTO URUGUAI LTDA","COMBUSTÍVEIS","7131","6a4c0e8bb428e3d8f193ae93","2026-07-06T20:22:35.120000","2026-07-06T20:22:35.120000","service_ee02f896-97ac-4ee7-b74a-be74c961f91f","service+ee02f896-97ac-4ee7-b74a-be74c961f91f@no-reply.base44.com","false"
"2026-06-06","321.72","113414","","46.83","DIESEL (P)","(SEM PARAR), PERÍODO DE 01/06/2026 A 15/06/2026","","LTY4G44","LT","","COOPDIESEL","COMBUSTÍVEIS","5212","6a4c0e8bb428e3d8f193ae96","2026-07-06T20:22:35.120000","2026-07-06T20:22:35.120000","service_ee02f896-97ac-4ee7-b74a-be74c961f91f","service+ee02f896-97ac-4ee7-b74a-be74c961f91f@no-reply.base44.com","false"
"2026-06-07","2150.49","90073","","291","DIESEL (P)","(SEM PARAR), PERÍODO DE 01/06/2026 A 15/06/2026","","SCN8F89","LT","","AUTO SERVICO VENTURIM LTDA","COMBUSTÍVEIS","155306","6a4c0e8bb428e3d8f193aeb3","2026-07-06T20:22:35.120000","2026-07-06T20:22:35.120000","service_ee02f896-97ac-4ee7-b74a-be74c961f91f","service+ee02f896-97ac-4ee7-b74a-be74c961f91f@no-reply.base44.com","false"
"2026-06-07","140.02","35727","","29.54","ETANOL","(SEM PARAR), PERÍODO DE 01/06/2026 A 15/06/2026","","SDB0G19","LT","","AUTO POSTO URUGUAI LTDA","COMBUSTÍVEIS","300972","6a4c0e8bb428e3d8f193aeb5","2026-07-06T20:22:35.120000","2026-07-06T20:22:35.120000","service_ee02f896-97ac-4ee7-b74a-be74c961f91f","service+ee02f896-97ac-4ee7-b74a-be74c961f91f@no-reply.base44.com","false"
"2026-06-03","22.34","113850","","6.67","ARLA","(SEM PARAR), PERÍODO DE 01/06/2026 A 15/06/2026","","SDK8F89","LT","","COMERCIO DE COMBUSTIVEIS GASMAR LTDA","COMBUSTÍVEIS","8059","6a4c0e8bb428e3d8f193ae84","2026-07-06T20:22:35.120000","2026-07-06T20:22:35.120000","service_ee02f896-97ac-4ee7-b74a-be74c961f91f","service+ee02f896-97ac-4ee7-b74a-be74c961f91f@no-reply.base44.com","false"
"2026-06-03","421.64","113566","","60.32","DIESEL (P)","(SEM PARAR), PERÍODO DE 01/06/2026 A 15/06/2026","","SDK8F89","LT","","SIM REDE DE POSTOS LTDA","COMBUSTÍVEIS","16557","6a4c0e8bb428e3d8f193ae85","2026-07-06T20:22:35.120000","2026-07-06T20:22:35.120000","service_ee02f896-97ac-4ee7-b74a-be74c961f91f","service+ee02f896-97ac-4ee7-b74a-be74c961f91f@no-reply.base44.com","false"
"2026-06-03","205.69","66392","","47.95","ETANOL","(SEM PARAR), PERÍODO DE 01/06/2026 A 15/06/2026","","SDN9A99","LT","","POSTO SÃO ROQUE CONQUISTA ANÁPOLIS LTDA","COMBUSTÍVEIS","13274","6a4c0e8bb428e3d8f193ae86","2026-07-06T20:22:35.120000","2026-07-06T20:22:35.120000","service_ee02f896-97ac-4ee7-b74a-be74c961f91f","service+ee02f896-97ac-4ee7-b74a-be74c961f91f@no-reply.base44.com","false"
"2026-06-03","259.97","53723","","49.33","ETANOL","(SEM PARAR), PERÍODO DE 01/06/2026 A 15/06/2026","","TGB8F88","LT","","POSTO Z+Z HOUSING LTDA","COMBUSTÍVEIS","1361306","6a4c0e8bb428e3d8f193ae87","2026-07-06T20:22:35.120000","2026-07-06T20:22:35.120000","service_ee02f896-97ac-4ee7-b74a-be74c961f91f","service+ee02f896-97ac-4ee7-b74a-be74c961f91f@no-reply.base44.com","false"
"2026-06-06","368.22","113108","","56.74","DIESEL (P)","(SEM PARAR), PERÍODO DE 01/06/2026 A 15/06/2026","","LTY4G44","LT","","AUTO POSTO URUGUAI LTDA","COMBUSTÍVEIS","7153","6a4c0e8bb428e3d8f193ae98","2026-07-06T20:22:35.120000","2026-07-06T20:22:35.120000","service_ee02f896-97ac-4ee7-b74a-be74c961f91f","service+ee02f896-97ac-4ee7-b74a-be74c961f91f@no-reply.base44.com","false"
"2026-06-07","874.88","102874","","116.54","DIESEL (P)","(SEM PARAR), PERÍODO DE 01/06/2026 A 15/06/2026","","SDF8F89","LT","","POSTO SANTA EDWIGES PETROLEO LTDA","COMBUSTÍVEIS","756606","6a4c0e8bb428e3d8f193aeb8","2026-07-06T20:22:35.120000","2026-07-06T20:22:35.120000","service_ee02f896-97ac-4ee7-b74a-be74c961f91f","service+ee02f896-97ac-4ee7-b74a-be74c961f91f@no-reply.base44.com","false"
"2026-06-10","507.13","30905","","78.14","DIESEL (P)","(SEM PARAR), PERÍODO DE 01/06/2026 A 15/06/2026","","JAC4I67","LT","","SANTA MARIA DERIVADOS DE PETROLEO LTDA","COMBUSTÍVEIS","91084","6a4c0e8bb428e3d8f193aed2","2026-07-06T20:22:35.120000","2026-07-06T20:22:35.120000","service_ee02f896-97ac-4ee7-b74a-be74c961f91f","service+ee02f896-97ac-4ee7-b74a-be74c961f91f@no-reply.base44.com","false"
"2026-06-10","2722.08","357134","","424","DIESEL (P)","(SEM PARAR), PERÍODO DE 01/06/2026 A 15/06/2026","","RCJ1E32","LT","","POSTO MANGUEIRÃO LTDA","COMBUSTÍVEIS","33372","6a4c0e8bb428e3d8f193aed5","2026-07-06T20:22:35.120000","2026-07-06T20:22:35.120000","service_ee02f896-97ac-4ee7-b74a-be74c961f91f","service+ee02f896-97ac-4ee7-b74a-be74c961f91f@no-reply.base44.com","false"
"2026-06-07","378.77","139658","","52.68","DIESEL (P)","(SEM PARAR), PERÍODO DE 01/06/2026 A 15/06/2026","","LUE3B05","LT","","AUTO POSTO WAAM LTDA.","COMBUSTÍVEIS","440252","6a4c0e8bb428e3d8f193aeaf","2026-07-06T20:22:35.120000","2026-07-06T20:22:35.120000","service_ee02f896-97ac-4ee7-b74a-be74c961f91f","service+ee02f896-97ac-4ee7-b74a-be74c961f91f@no-reply.base44.com","false"
"2026-06-08","160.88","67323","","37.5","ETANOL","(SEM PARAR), PERÍODO DE 01/06/2026 A 15/06/2026","","SDN9A99","LT","","AUTO POSTO ARAUJO CUNHA LTDA","COMBUSTÍVEIS","331406","6a4c0e8bb428e3d8f193aec6","2026-07-06T20:22:35.120000","2026-07-06T20:22:35.120000","service_ee02f896-97ac-4ee7-b74a-be74c961f91f","service+ee02f896-97ac-4ee7-b74a-be74c961f91f@no-reply.base44.com","false"
"2026-06-07","34.59","102874","","9.91","ARLA","(SEM PARAR), PERÍODO DE 01/06/2026 A 15/06/2026","","SDF8F89","LT","","POSTO SANTA EDWIGES PETROLEO LTDA","COMBUSTÍVEIS","756607","6a4c0e8bb428e3d8f193aeb9","2026-07-06T20:22:35.120000","2026-07-06T20:22:35.120000","service_ee02f896-97ac-4ee7-b74a-be74c961f91f","service+ee02f896-97ac-4ee7-b74a-be74c961f91f@no-reply.base44.com","false"
"2026-06-08","809.91","60111","","122.9","DIESEL (P)","(SEM PARAR), PERÍODO DE 01/06/2026 A 15/06/2026","","FON1F81","LT","","AUTO POSTO ITAIPU LTDA","COMBUSTÍVEIS","35305","6a4c0e8bb428e3d8f193aebd","2026-07-06T20:22:35.120000","2026-07-06T20:22:35.120000","service_ee02f896-97ac-4ee7-b74a-be74c961f91f","service+ee02f896-97ac-4ee7-b74a-be74c961f91f@no-reply.base44.com","false"
"2026-06-10","484.03","114665","","69.36","DIESEL (P)","(SEM PARAR), PERÍODO DE 01/06/2026 A 15/06/2026","","LTY4G44","LT","","POSTO CRISTOVAO COLOMBO LTDA","COMBUSTÍVEIS","2880","6a4c0e8bb428e3d8f193aed3","2026-07-06T20:22:35.120000","2026-07-06T20:22:35.120000","service_ee02f896-97ac-4ee7-b74a-be74c961f91f","service+ee02f896-97ac-4ee7-b74a-be74c961f91f@no-reply.base44.com","false"
"2026-06-05","502.26","59392","","77.39","DIESEL (P)","(SEM PARAR), PERÍODO DE 01/06/2026 A 15/06/2026","","ERG1E95","LT","","SANTA MARIA DERIVADOS DE PETROLEO LTDA","COMBUSTÍVEIS","90797","6a4c0e8bb428e3d8f193ae8a","2026-07-06T20:22:35.120000","2026-07-06T20:22:35.120000","service_ee02f896-97ac-4ee7-b74a-be74c961f91f","service+ee02f896-97ac-4ee7-b74a-be74c961f91f@no-reply.base44.com","false"
"2026-06-05","921.58","186369","","142","DIESEL (P)","(SEM PARAR), PERÍODO DE 01/06/2026 A 15/06/2026","","LTT7F84","LT","","CENTRO AUTOMOTIVO BANDEIRANTE LTDA","COMBUSTÍVEIS","72561","6a4c0e8bb428e3d8f193ae8c","2026-07-06T20:22:35.120000","2026-07-06T20:22:35.120000","service_ee02f896-97ac-4ee7-b74a-be74c961f91f","service+ee02f896-97ac-4ee7-b74a-be74c961f91f@no-reply.base44.com","false"
"2026-06-06","223.48","138890","","32.53","DIESEL (P)","(SEM PARAR), PERÍODO DE 01/06/2026 A 15/06/2026","","LUE3B05","LT","","COOPDIESEL","COMBUSTÍVEIS","7584","6a4c0e8bb428e3d8f193ae9b","2026-07-06T20:22:35.120000","2026-07-06T20:22:35.120000","service_ee02f896-97ac-4ee7-b74a-be74c961f91f","service+ee02f896-97ac-4ee7-b74a-be74c961f91f@no-reply.base44.com","false"
"2026-06-06","1789.13","89364","","232.96","DIESEL (P)","(SEM PARAR), PERÍODO DE 01/06/2026 A 15/06/2026","","SCN8F89","LT","","POSTO ALPA I","COMBUSTÍVEIS","115821","6a4c0e8bb428e3d8f193aea1","2026-07-06T20:22:35.120000","2026-07-06T20:22:35.120000","service_ee02f896-97ac-4ee7-b74a-be74c961f91f","service+ee02f896-97ac-4ee7-b74a-be74c961f91f@no-reply.base44.com","false"
"2026-06-07","399.96","103489","","52.01","ARLA","(SEM PARAR), PERÍODO DE 01/06/2026 A 15/06/2026","","SDF8F89","LT","","BARRIGAO COMERCIAL LTDA","COMBUSTÍVEIS","64941","6a4c0e8bb428e3d8f193aeb6","2026-07-06T20:22:35.120000","2026-07-06T20:22:35.120000","service_ee02f896-97ac-4ee7-b74a-be74c961f91f","service+ee02f896-97ac-4ee7-b74a-be74c961f91f@no-reply.base44.com","false"
"2026-06-08","118.91","36559","","28.38","ETANOL","(SEM PARAR), PERÍODO DE 01/06/2026 A 15/06/2026","","SDB0G19","LT","","POSTO RAFFA LTDA","COMBUSTÍVEIS","1136777","6a4c0e8bb428e3d8f193aec0","2026-07-06T20:22:35.120000","2026-07-06T20:22:35.120000","service_ee02f896-97ac-4ee7-b74a-be74c961f91f","service+ee02f896-97ac-4ee7-b74a-be74c961f91f@no-reply.base44.com","false"
"2026-06-08","20.36","115603","","5.38","DIESEL (P)","(SEM PARAR), PERÍODO DE 01/06/2026 A 15/06/2026","","SDK8F89","LT","","AUTO POSTO MASUT IX LTDA","COMBUSTÍVEIS","13499","6a4c0e8bb428e3d8f193aec5","2026-07-06T20:22:35.120000","2026-07-06T20:22:35.120000","service_ee02f896-97ac-4ee7-b74a-be74c961f91f","service+ee02f896-97ac-4ee7-b74a-be74c961f91f@no-reply.base44.com","false"
"2026-06-04","36.2","102040","","9.55","ARLA","(SEM PARAR), PERÍODO DE 01/06/2026 A 15/06/2026","","SDF8F89","LT","","DECIO COMERCIO E SERVICOS RODOVIARIOS LTDA","COMBUSTÍVEIS","68165","6a4c0e8bb428e3d8f193ae88","2026-07-06T20:22:35.120000","2026-07-06T20:22:35.120000","service_ee02f896-97ac-4ee7-b74a-be74c961f91f","service+ee02f896-97ac-4ee7-b74a-be74c961f91f@no-reply.base44.com","false"
"2026-06-04","627.84","101608","","89.92","DIESEL (P)","(SEM PARAR), PERÍODO DE 01/06/2026 A 15/06/2026","","SDF8F89","LT","","AUTO POSTO CEAEME LTDA.","COMBUSTÍVEIS","84637","6a4c0e8bb428e3d8f193ae89","2026-07-06T20:22:35.120000","2026-07-06T20:22:35.120000","service_ee02f896-97ac-4ee7-b74a-be74c961f91f","service+ee02f896-97ac-4ee7-b74a-be74c961f91f@no-reply.base44.com","false"
"2026-06-08","616.55","115603","","95","DIESEL (P)","(SEM PARAR), PERÍODO DE 01/06/2026 A 15/06/2026","","SDK8F89","LT","","AUTO POSTO MASUT IX LTDA","COMBUSTÍVEIS","12408","6a4c0e8bb428e3d8f193aec4","2026-07-06T20:22:35.120000","2026-07-06T20:22:35.120000","service_ee02f896-97ac-4ee7-b74a-be74c961f91f","service+ee02f896-97ac-4ee7-b74a-be74c961f91f@no-reply.base44.com","false"
"2026-06-08","145.52","64244","","30.7","ETANOL","(SEM PARAR), PERÍODO DE 01/06/2026 A 15/06/2026","","TGE8F88","LT","","AUTO POSTO NOVO MILLENIUM LTDA","COMBUSTÍVEIS","211613","6a4c0e8bb428e3d8f193aec7","2026-07-06T20:22:35.120000","2026-07-06T20:22:35.120000","service_ee02f896-97ac-4ee7-b74a-be74c961f91f","service+ee02f896-97ac-4ee7-b74a-be74c961f91f@no-reply.base44.com","false"
"2026-06-03","369.98","113850","","54.65","DIESEL (P)","(SEM PARAR), PERÍODO DE 01/06/2026 A 15/06/2026","","SDK8F89","LT","","COMERCIO DE COMBUSTIVEIS GASMAR LTDA","COMBUSTÍVEIS","8058","6a4c0e8bb428e3d8f193ae83","2026-07-06T20:22:35.120000","2026-07-06T20:22:35.120000","service_ee02f896-97ac-4ee7-b74a-be74c961f91f","service+ee02f896-97ac-4ee7-b74a-be74c961f91f@no-reply.base44.com","false"
"2026-06-06","15.41","113108","","3.96","ARLA","(SEM PARAR), PERÍODO DE 01/06/2026 A 15/06/2026","","LTY4G44","LT","","AUTO POSTO URUGUAI LTDA","COMBUSTÍVEIS","7152","6a4c0e8bb428e3d8f193ae97","2026-07-06T20:22:35.120000","2026-07-06T20:22:35.120000","service_ee02f896-97ac-4ee7-b74a-be74c961f91f","service+ee02f896-97ac-4ee7-b74a-be74c961f91f@no-reply.base44.com","false"
"2026-06-06","92.41","98362","","23.69","ARLA","(SEM PARAR), PERÍODO DE 01/06/2026 A 15/06/2026","","SCB8F89","LT","","AUTO POSTO PRECIOSO DO OESTE LTDA","COMBUSTÍVEIS","57270","6a4c0e8bb428e3d8f193ae9d","2026-07-06T20:22:35.120000","2026-07-06T20:22:35.120000","service_ee02f896-97ac-4ee7-b74a-be74c961f91f","service+ee02f896-97ac-4ee7-b74a-be74c961f91f@no-reply.base44.com","false"
"2026-06-07","438.37","114190","","60.97","DIESEL (P)","(SEM PARAR), PERÍODO DE 01/06/2026 A 15/06/2026","","LTY4G44","LT","","AUTO POSTO WAAM LTDA.","COMBUSTÍVEIS","440243","6a4c0e8bb428e3d8f193aead","2026-07-06T20:22:35.120000","2026-07-06T20:22:35.120000","service_ee02f896-97ac-4ee7-b74a-be74c961f91f","service+ee02f896-97ac-4ee7-b74a-be74c961f91f@no-reply.base44.com","false"
"2026-06-07","99.29","46388","","19.9","ARLA","(SEM PARAR), PERÍODO DE 01/06/2026 A 15/06/2026","","RET5E47","LT","","SANTA MARIA DERIVADOS DE PETROLEO LTDA","COMBUSTÍVEIS","90860","6a4c0e8bb428e3d8f193aeb1","2026-07-06T20:22:35.120000","2026-07-06T20:22:35.120000","service_ee02f896-97ac-4ee7-b74a-be74c961f91f","service+ee02f896-97ac-4ee7-b74a-be74c961f91f@no-reply.base44.com","false"
"2026-06-08","36.38","103611","","8.48","ARLA","(SEM PARAR), PERÍODO DE 01/06/2026 A 15/06/2026","","SDF8F89","LT","","AUTO SERVICO VENTURIM LTDA","COMBUSTÍVEIS","155312","6a4c0e8bb428e3d8f193aec3","2026-07-06T20:22:35.120000","2026-07-06T20:22:35.120000","service_ee02f896-97ac-4ee7-b74a-be74c961f91f","service+ee02f896-97ac-4ee7-b74a-be74c961f91f@no-reply.base44.com","false"
"2026-06-10","3889.3","320580","","605.81","DIESEL (P)","(SEM PARAR), PERÍODO DE 01/06/2026 A 15/06/2026","","RCN5F85","LT","","POSTO MANGUEIRÃO LTDA","COMBUSTÍVEIS","33374","6a4c0e8bb428e3d8f193aed7","2026-07-06T20:22:35.120000","2026-07-06T20:22:35.120000","service_ee02f896-97ac-4ee7-b74a-be74c961f91f","service+ee02f896-97ac-4ee7-b74a-be74c961f91f@no-reply.base44.com","false"
"2026-06-07","85.8","90073","","20","ARLA","(SEM PARAR), PERÍODO DE 01/06/2026 A 15/06/2026","","SCN8F89","LT","","AUTO SERVICO VENTURIM LTDA","COMBUSTÍVEIS","155307","6a4c0e8bb428e3d8f193aeb4","2026-07-06T20:22:35.120000","2026-07-06T20:22:35.120000","service_ee02f896-97ac-4ee7-b74a-be74c961f91f","service+ee02f896-97ac-4ee7-b74a-be74c961f91f@no-reply.base44.com","false"
"2026-06-08","214.01","180700","","45.15","ETANOL","(SEM PARAR), PERÍODO DE 01/06/2026 A 15/06/2026","","SDF8F89","LT","","TRÊS BARRAS COMBUSTÍVEIS LTDA","COMBUSTÍVEIS","35801","6a4c0e8bb428e3d8f193aec1","2026-07-06T20:22:35.120000","2026-07-06T20:22:35.120000","service_ee02f896-97ac-4ee7-b74a-be74c961f91f","service+ee02f896-97ac-4ee7-b74a-be74c961f91f@no-reply.base44.com","false"
"2026-06-09","900.2","47732","","125.2","DIESEL (P)","(SEM PARAR), PERÍODO DE 01/06/2026 A 15/06/2026","","RET5E47","LT","","POSTO CRISTOVAO COLOMBO LTDA","COMBUSTÍVEIS","920849","6a4c0e8bb428e3d8f193aec9","2026-07-06T20:22:35.120000","2026-07-06T20:22:35.120000","service_ee02f896-97ac-4ee7-b74a-be74c961f91f","service+ee02f896-97ac-4ee7-b74a-be74c961f91f@no-reply.base44.com","false"
"2026-06-10","190.86","181057","","42.04","DIESEL (P)","(SEM PARAR), PERÍODO DE 01/06/2026 A 15/06/2026","","SDF7I44","LT","","TRÊS BARRAS COMBUSTÍVEIS LTDA","COMBUSTÍVEIS","36151","6a4c0e8bb428e3d8f193aed9","2026-07-06T20:22:35.120000","2026-07-06T20:22:35.120000","service_ee02f896-97ac-4ee7-b74a-be74c961f91f","service+ee02f896-97ac-4ee7-b74a-be74c961f91f@no-reply.base44.com","false"
"2026-06-02","755.57","46026","","116.42","DIESEL (P)","(SEM PARAR), PERÍODO DE 01/06/2026 A 15/06/2026","","RET5E47","LT","","SANTA MARIA DERIVADOS DE PETROLEO LTDA","COMBUSTÍVEIS","90575","6a4c0e8bb428e3d8f193ae72","2026-07-06T20:22:35.119000","2026-07-06T20:22:35.119000","service_ee02f896-97ac-4ee7-b74a-be74c961f91f","service+ee02f896-97ac-4ee7-b74a-be74c961f91f@no-reply.base44.com","false"
"2026-06-02","18","112841","","5","ARLA","","","SDK8F89","LT","","COM DE COMB FENIC LTDA","COMBUSTÍVEIS","333","6a4c0e8bb428e3d8f193ae77","2026-07-06T20:22:35.119000","2026-07-06T20:22:35.119000","service_ee02f896-97ac-4ee7-b74a-be74c961f91f","service+ee02f896-97ac-4ee7-b74a-be74c961f91f@no-reply.base44.com","false"
"2026-06-02","215.91","53335","","45.55","ETANOL","(SEM PARAR), PERÍODO DE 01/06/2026 A 15/06/2026","","TGB8F88","LT","","AUTO POSTO NOVO MILLENIUM LTDA","COMBUSTÍVEIS","1185","6a4c0e8bb428e3d8f193ae7b","2026-07-06T20:22:35.119000","2026-07-06T20:22:35.119000","service_ee02f896-97ac-4ee7-b74a-be74c961f91f","service+ee02f896-97ac-4ee7-b74a-be74c961f91f@no-reply.base44.com","false"
"2026-06-03","607.63","30439","","83.01","DIESEL (P)","(SEM PARAR), PERÍODO DE 01/06/2026 A 15/06/2026","","JAC4I67","LT","","POSTO ALDEIA LTDA","COMBUSTÍVEIS","50907","6a4c0e8bb428e3d8f193ae7d","2026-07-06T20:22:35.119000","2026-07-06T20:22:35.119000","service_ee02f896-97ac-4ee7-b74a-be74c961f91f","service+ee02f896-97ac-4ee7-b74a-be74c961f91f@no-reply.base44.com","false"
"2026-06-03","92.25","130365","","25","ARLA","(SEM PARAR), PERÍODO DE 01/06/2026 A 15/06/2026","","SCE8F89","LT","","POSTO SÃO ROQUE BR 080 LTDA","COMBUSTÍVEIS","9534","6a4c0e8bb428e3d8f193ae7f","2026-07-06T20:22:35.119000","2026-07-06T20:22:35.119000","service_ee02f896-97ac-4ee7-b74a-be74c961f91f","service+ee02f896-97ac-4ee7-b74a-be74c961f91f@no-reply.base44.com","false"
"2026-06-01","209.84","180296","","44.27","ETANOL","(SEM PARAR), PERÍODO DE 01/06/2026 A 15/06/2026","","SDF7I44","LT","","TRÊS BARRAS COMBUSTÍVEIS LTDA","COMBUSTÍVEIS","35158","6a4c0e8bb428e3d8f193ae6c","2026-07-06T20:22:35.119000","2026-07-06T20:22:35.119000","service_ee02f896-97ac-4ee7-b74a-be74c961f91f","service+ee02f896-97ac-4ee7-b74a-be74c961f91f@no-reply.base44.com","false"
"2026-06-01","331.19","112400","","48.42","DIESEL (P)","(SEM PARAR), PERÍODO DE 01/06/2026 A 15/06/2026","","SDK8F89","LT","","VIA MAIS REDE DE POSTOS S.A.","COMBUSTÍVEIS","57567","6a4c0e8bb428e3d8f193ae6e","2026-07-06T20:22:35.119000","2026-07-06T20:22:35.119000","service_ee02f896-97ac-4ee7-b74a-be74c961f91f","service+ee02f896-97ac-4ee7-b74a-be74c961f91f@no-reply.base44.com","false"
"2026-06-02","215.7","420306","","45.22","ETANOL","(SEM PARAR), PERÍODO DE 01/06/2026 A 15/06/2026","","OOB2688","LT","","POSTO Z+Z HOUSING LTDA","COMBUSTÍVEIS","1360577","6a4c0e8bb428e3d8f193ae70","2026-07-06T20:22:35.119000","2026-07-06T20:22:35.119000","service_ee02f896-97ac-4ee7-b74a-be74c961f91f","service+ee02f896-97ac-4ee7-b74a-be74c961f91f@no-reply.base44.com","false"
"2026-06-02","16.14","100288","","4.26","ARLA","(SEM PARAR), PERÍODO DE 01/06/2026 A 15/06/2026","","SDF8F89","LT","","DECIO UBERLANDIADECIO COMERCIO E SERVICOS RODOVIARIOS LTDA","COMBUSTÍVEIS","79269","6a4c0e8bb428e3d8f193ae76","2026-07-06T20:22:35.119000","2026-07-06T20:22:35.119000","service_ee02f896-97ac-4ee7-b74a-be74c961f91f","service+ee02f896-97ac-4ee7-b74a-be74c961f91f@no-reply.base44.com","false"
"2026-06-03","886.03","62825","CESTO AÉREO","134.45","DIESEL (P)","(SEM PARAR), PERÍODO DE 01/06/2026 A 15/06/2026","VW 9-170","FCG0F18","LT","6a0720885c9dd6ed8a227605","POSTO SAO ROQUE ALIANÇA LTDA","COMBUSTÍVEIS","45112","6a4c0e8bb428e3d8f193ae7c","2026-07-06T20:22:35.119000","2026-07-15T14:47:20.504000","service_ee02f896-97ac-4ee7-b74a-be74c961f91f","service+ee02f896-97ac-4ee7-b74a-be74c961f91f@no-reply.base44.com","false"
"2026-06-01","29.5","99896","","7.04","ARLA","(SEM PARAR), PERÍODO DE 01/06/2026 A 15/06/2026","","SDF8F89","LT","","REDE DE POSTOS MARAJO GRANDE GOIANIA LTDA","COMBUSTÍVEIS","316671","6a4c0e8bb428e3d8f193ae6d","2026-07-06T20:22:35.119000","2026-07-06T20:22:35.119000","service_ee02f896-97ac-4ee7-b74a-be74c961f91f","service+ee02f896-97ac-4ee7-b74a-be74c961f91f@no-reply.base44.com","false"
"2026-06-02","15.4","113209","","1","ARLA","(SEM PARAR), PERÍODO DE 01/06/2026 A 15/06/2026","","SDK8F89","LT","","SIM REDE DE POSTOS LTDA","COMBUSTÍVEIS","557378","6a4c0e8bb428e3d8f193ae7a","2026-07-06T20:22:35.119000","2026-07-06T20:22:35.119000","service_ee02f896-97ac-4ee7-b74a-be74c961f91f","service+ee02f896-97ac-4ee7-b74a-be74c961f91f@no-reply.base44.com","false"
"2026-06-02","645.66","112841","","88.69","DIESEL (P)","","","SDK8F89","LT","","COM DE COMB FENIC LTDA","COMBUSTÍVEIS","333","6a4c0e8bb428e3d8f193ae78","2026-07-06T20:22:35.119000","2026-07-06T20:22:35.119000","service_ee02f896-97ac-4ee7-b74a-be74c961f91f","service+ee02f896-97ac-4ee7-b74a-be74c961f91f@no-reply.base44.com","false"
"2026-06-02","765.04","80805","","117.88","DIESEL (P)","(SEM PARAR), PERÍODO DE 01/06/2026 A 15/06/2026","","RBT2A64","LT","","SANTA MARIA DERIVADOS DE PETROLEO LTDA","COMBUSTÍVEIS","90591","6a4c0e8bb428e3d8f193ae71","2026-07-06T20:22:35.119000","2026-07-06T20:22:35.119000","service_ee02f896-97ac-4ee7-b74a-be74c961f91f","service+ee02f896-97ac-4ee7-b74a-be74c961f91f@no-reply.base44.com","false"
"2026-06-03","3345","1360365","","500","DIESEL (P)","(SEM PARAR), PERÍODO DE 01/06/2026 A 15/06/2026","","SCE8F89","LT","","POSTO SÃO ROQUE BR 080 LTDA","COMBUSTÍVEIS","9533","6a4c0e8bb428e3d8f193ae7e","2026-07-06T20:22:35.119000","2026-07-06T20:22:35.119000","service_ee02f896-97ac-4ee7-b74a-be74c961f91f","service+ee02f896-97ac-4ee7-b74a-be74c961f91f@no-reply.base44.com","false"
"2026-06-03","165.15","35414","","45","ETANOL","(SEM PARAR), PERÍODO DE 01/06/2026 A 15/06/2026","","SDB0G19","LT","","AUTO POSTO MASUT LTDA","COMBUSTÍVEIS","39169","6a4c0e8bb428e3d8f193ae80","2026-07-06T20:22:35.119000","2026-07-06T20:22:35.119000","service_ee02f896-97ac-4ee7-b74a-be74c961f91f","service+ee02f896-97ac-4ee7-b74a-be74c961f91f@no-reply.base44.com","false"
"2026-06-02","704.81","100288","","89.33","DIESEL (P)","(SEM PARAR), PERÍODO DE 01/06/2026 A 15/06/2026","","SDF8F89","LT","","DECIO UBERLANDIADECIO COMERCIO E SERVICOS RODOVIARIOS LTDA","COMBUSTÍVEIS","79268","6a4c0e8bb428e3d8f193ae75","2026-07-06T20:22:35.119000","2026-07-06T20:22:35.119000","service_ee02f896-97ac-4ee7-b74a-be74c961f91f","service+ee02f896-97ac-4ee7-b74a-be74c961f91f@no-reply.base44.com","false"
"2026-06-03","976.76","101058","","135.85","DIESEL (P)","(SEM PARAR), PERÍODO DE 01/06/2026 A 15/06/2026","","SDF8F89","LT","","POSTO FENIX DE LORENA","COMBUSTÍVEIS","94981","6a4c0e8bb428e3d8f193ae81","2026-07-06T20:22:35.119000","2026-07-06T20:22:35.119000","service_ee02f896-97ac-4ee7-b74a-be74c961f91f","service+ee02f896-97ac-4ee7-b74a-be74c961f91f@no-reply.base44.com","false"
"2026-06-01","10.69","112400","","2.75","ARLA","(SEM PARAR), PERÍODO DE 01/06/2026 A 15/06/2026","","SDK8F89","LT","","VIA MAIS REDE DE POSTOS S.A.","COMBUSTÍVEIS","57569","6a4c0e8bb428e3d8f193ae6f","2026-07-06T20:22:35.119000","2026-07-06T20:22:35.119000","service_ee02f896-97ac-4ee7-b74a-be74c961f91f","service+ee02f896-97ac-4ee7-b74a-be74c961f91f@no-reply.base44.com","false"
"2026-06-01","138.34","401813","","28.29","ETANOL","(SEM PARAR), PERÍODO DE 01/06/2026 A 15/06/2026","","ONP5G56","LT","","POSTO SABADIN II LTDA","COMBUSTÍVEIS","5662","6a4c0e8bb428e3d8f193ae6b","2026-07-06T20:22:35.119000","2026-07-06T20:22:35.119000","service_ee02f896-97ac-4ee7-b74a-be74c961f91f","service+ee02f896-97ac-4ee7-b74a-be74c961f91f@no-reply.base44.com","false"
"2026-06-02","546.36","113209","","77.06","DIESEL (P)","(SEM PARAR), PERÍODO DE 01/06/2026 A 15/06/2026","","SDK8F89","LT","","SIM REDE DE POSTOS LTDA","COMBUSTÍVEIS","557377","6a4c0e8bb428e3d8f193ae79","2026-07-06T20:22:35.119000","2026-07-06T20:22:35.119000","service_ee02f896-97ac-4ee7-b74a-be74c961f91f","service+ee02f896-97ac-4ee7-b74a-be74c961f91f@no-reply.base44.com","false"
"2026-06-02","127.98","35011","","31.29","ETANOL","(SEM PARAR), PERÍODO DE 01/06/2026 A 15/06/2026","","SDB0G19","LT","","MP LOGISTICA COMBUSTIVEIS E CONVENIENCIA LTDA","COMBUSTÍVEIS","318884","6a4c0e8bb428e3d8f193ae73","2026-07-06T20:22:35.119000","2026-07-06T20:22:35.119000","service_ee02f896-97ac-4ee7-b74a-be74c961f91f","service+ee02f896-97ac-4ee7-b74a-be74c961f91f@no-reply.base44.com","false"
"2026-06-02","277.55","35011","","59.18","ETANOL","(SEM PARAR), PERÍODO DE 01/06/2026 A 15/06/2026","","SDB0G19","LT","","MP LOGISTICA COMBUSTIVEIS E CONVENIENCIA LTDA","COMBUSTÍVEIS","318884","6a4c0e8bb428e3d8f193ae74","2026-07-06T20:22:35.119000","2026-07-06T20:22:35.119000","service_ee02f896-97ac-4ee7-b74a-be74c961f91f","service+ee02f896-97ac-4ee7-b74a-be74c961f91f@no-reply.base44.com","false"
"2026-05-05","102.97","90267","","14.73","DIESEL (P)","","","SDN8F89","LT","","AUTO POSTO RAINHA DO CAFE LTDA.","COMBUSTÍVEIS","1105502","6a31ab905ee90b0f53c90142","2026-06-16T20:01:20.962000","2026-06-16T20:01:20.962000","6a0720445c9dd6ed8a2275ed","grupof8.ely2026@gmail.com","false"
"2026-05-04","168.96","176561","","36.81","ETANOL","CONFERENCIA DE COMBUSTIVEIS (SEM PARAR INSTITUIÇÃO DE PAGAMENTO LTDA) PERIODO 01-05-26 A 15-05-26","","SDF7I44","LT","","HOT PETRO AUTO POSTO","COMBUSTÍVEIS","215129","6a31ab905ee90b0f53c90148","2026-06-16T20:01:20.962000","2026-06-16T20:01:20.962000","6a0720445c9dd6ed8a2275ed","grupof8.ely2026@gmail.com","false"
"2026-05-05","140","48569","","30.5","ETANOL","CONFERENCIA DE COMBUSTIVEIS (SEM PARAR INSTITUIÇÃO DE PAGAMENTO LTDA) PERIODO 01-05-26 A 15-05-26","","TGB8F88","LT","","HOT PETRO AUTO POSTO","COMBUSTÍVEIS","215154","6a31ab905ee90b0f53c9013d","2026-06-16T20:01:20.962000","2026-06-16T20:01:20.962000","6a0720445c9dd6ed8a2275ed","grupof8.ely2026@gmail.com","false"
"2026-05-04","622.2","89617","","85.94","GASOLINA","","","SDN8F89","LT","","POSTO IRMAO DA ESTRADA LTDA.","COMBUSTÍVEIS","82076","6a31ab905ee90b0f53c90146","2026-06-16T20:01:20.962000","2026-06-16T20:01:20.962000","6a0720445c9dd6ed8a2275ed","grupof8.ely2026@gmail.com","false"
"2026-05-04","274.66","106406","","39.29","DIESEL (P)","","","SDK8F89","LT","","AUTO POSTO KR 03 LTDA","COMBUSTÍVEIS","44903","6a31ab905ee90b0f53c90144","2026-06-16T20:01:20.962000","2026-06-16T20:01:20.962000","6a0720445c9dd6ed8a2275ed","grupof8.ely2026@gmail.com","false"
"2026-05-05","145.34","39419","","32.66","ETANOL","CONFERENCIA DE COMBUSTIVEIS (SEM PARAR INSTITUIÇÃO DE PAGAMENTO LTDA) PERIODO 01-05-26 A 15-05-26","","TGD8F88","LT","","POSTO PARACATU LTDA","COMBUSTÍVEIS","448350","6a31ab905ee90b0f53c9013f","2026-06-16T20:01:20.962000","2026-06-16T20:01:20.962000","6a0720445c9dd6ed8a2275ed","grupof8.ely2026@gmail.com","false"
"2026-05-05","17.63","90267","","6.32","ARLA","","","SDN8F89","LT","","AUTO POSTO RAINHA DO CAFE LTDA.","COMBUSTÍVEIS","20368","6a31ab905ee90b0f53c9013b","2026-06-16T20:01:20.962000","2026-06-16T20:01:20.962000","6a0720445c9dd6ed8a2275ed","grupof8.ely2026@gmail.com","false"
"2026-05-05","105.99","48292","","21.24","ETANOL","CONFERENCIA DE COMBUSTIVEIS (SEM PARAR INSTITUIÇÃO DE PAGAMENTO LTDA) PERIODO 01-05-26 A 15-05-26","","TGB8F88","LT","","AUTO POSTO URUGUAI LTDA","COMBUSTÍVEIS","290061","6a31ab905ee90b0f53c9013e","2026-06-16T20:01:20.962000","2026-06-16T20:01:20.962000","6a0720445c9dd6ed8a2275ed","grupof8.ely2026@gmail.com","false"
"2026-05-04","18.9","89617","","4.61","ARLA","","","SDN8F89","LT","","POSTO IRMAO DA ESTRADA LTDA.","COMBUSTÍVEIS","82077","6a31ab905ee90b0f53c90147","2026-06-16T20:01:20.962000","2026-06-16T20:01:20.962000","6a0720445c9dd6ed8a2275ed","grupof8.ely2026@gmail.com","false"
"2026-05-01","30.12","89079","","7.55","ARLA","","","SDN8F89","LT","","POSTO MACIAMBU LTDA","COMBUSTÍVEIS","48588","6a31ab905ee90b0f53c9014c","2026-06-16T20:01:20.962000","2026-06-16T20:01:20.962000","6a0720445c9dd6ed8a2275ed","grupof8.ely2026@gmail.com","false"
"2026-05-04","35.02","106406","","9.22","ARLA","","","SDK8F89","LT","","AUTO POSTO KR 03 LTDA","COMBUSTÍVEIS","44902","6a31ab905ee90b0f53c90143","2026-06-16T20:01:20.962000","2026-06-16T20:01:20.962000","6a0720445c9dd6ed8a2275ed","grupof8.ely2026@gmail.com","false"
"2026-05-04","240","48241","","49.08","ETANOL","CONFERENCIA DE COMBUSTIVEIS (SEM PARAR INSTITUIÇÃO DE PAGAMENTO LTDA) PERIODO 01-05-26 A 15-05-26","","TGA8F88","LT","","POSTO BARCELONA LTDA","COMBUSTÍVEIS","632122","6a31ab905ee90b0f53c9014a","2026-06-16T20:01:20.962000","2026-06-16T20:01:20.962000","6a0720445c9dd6ed8a2275ed","grupof8.ely2026@gmail.com","false"
"2026-05-05","169.33","39786","","39.47","ETANOL","CONFERENCIA DE COMBUSTIVEIS (SEM PARAR INSTITUIÇÃO DE PAGAMENTO LTDA) PERIODO 01-05-26 A 15-05-26","","TGD8F88","LT","","POSTO TREVINHO LTDA","COMBUSTÍVEIS","622865","6a31ab905ee90b0f53c90140","2026-06-16T20:01:20.962000","2026-06-16T20:01:20.962000","6a0720445c9dd6ed8a2275ed","grupof8.ely2026@gmail.com","false"
"2026-05-05","171.27","39137","","38.06","ETANOL","CONFERENCIA DE COMBUSTIVEIS (SEM PARAR INSTITUIÇÃO DE PAGAMENTO LTDA) PERIODO 01-05-26 A 15-05-26","","TGD8F88","LT","","AUTO POSTO CARRIJO LTDA","COMBUSTÍVEIS","715435","6a31ab905ee90b0f53c90141","2026-06-16T20:01:20.962000","2026-06-16T20:01:20.962000","6a0720445c9dd6ed8a2275ed","grupof8.ely2026@gmail.com","false"
"2026-05-01","895.57","89079","","121.19","DIESEL (P)","","","SDN8F89","LT","","POSTO MACIAMBU LTDA","COMBUSTÍVEIS","48587","6a31ab905ee90b0f53c9014b","2026-06-16T20:01:20.962000","2026-06-16T20:01:20.962000","6a0720445c9dd6ed8a2275ed","grupof8.ely2026@gmail.com","false"
"2026-05-05","719.92","90267","","102.99","DIESEL (P)","","","SDN8F89","LT","","AUTO POSTO RAINHA DO CAFE LTDA.","COMBUSTÍVEIS","20369","6a31ab905ee90b0f53c9013c","2026-06-16T20:01:20.962000","2026-06-16T20:01:20.962000","6a0720445c9dd6ed8a2275ed","grupof8.ely2026@gmail.com","false"
"2026-05-04","963.36","43562","","144","DIESEL (P)","","","RET5E47","LT","","AUTO POSTO MASUT LTDA","COMBUSTÍVEIS","45171","6a31ab905ee90b0f53c90145","2026-06-16T20:01:20.962000","2026-06-16T20:01:20.962000","6a0720445c9dd6ed8a2275ed","grupof8.ely2026@gmail.com","false"
"2026-05-04","200.01","68110","","28.82","GASOLINA","CONFERENCIA DE COMBUSTIVEIS (SEM PARAR INSTITUIÇÃO DE PAGAMENTO LTDA) PERIODO 01-05-26 A 15-05-26","","RTK7F94","LT","","AMF COMERCIAL DE DERIVADOS DE PETROLEO LTDA","COMBUSTÍVEIS","488646","6a31ab905ee90b0f53c90149","2026-06-16T20:01:20.962000","2026-06-16T20:01:20.962000","6a0720445c9dd6ed8a2275ed","grupof8.ely2026@gmail.com","false"
"2026-05-12","37.05","99126","","11.26","ARLA","","","SDF8F89","LT","","OJAYME PETROLEO AP GYN LTDA","COMBUSTÍVEIS","3516","6a31ab905ee90b0f53c9010b","2026-06-16T20:01:20.961000","2026-06-16T20:01:20.961000","6a0720445c9dd6ed8a2275ed","grupof8.ely2026@gmail.com","false"
"2026-05-12","4912.42","317256","","558.23","DIESEL (P)","","","RCN5F85","LT","","DECIO COMERCIO E SERVICOS RODOVIARIOS LTDA","COMBUSTÍVEIS","76735","6a31ab905ee90b0f53c9010e","2026-06-16T20:01:20.961000","2026-06-16T20:01:20.961000","6a0720445c9dd6ed8a2275ed","grupof8.ely2026@gmail.com","false"
"2026-05-12","4470.4","353296","","508","DIESEL (P)","","","RCJ1E32","LT","","DECIO COMERCIO E SERVICOS RODOVIARIOS LTDA","COMBUSTÍVEIS","76742","6a31ab905ee90b0f53c90110","2026-06-16T20:01:20.961000","2026-06-16T20:01:20.961000","6a0720445c9dd6ed8a2275ed","grupof8.ely2026@gmail.com","false"
"2026-05-12","185.9","440122","SAVEIROS","39.22","ETANOL","CONFERENCIA DE COMBUSTIVEIS (SEM PARAR INSTITUIÇÃO DE PAGAMENTO LTDA) PERIODO 01-05-26 A 15-05-26","VW SAVEIRO","NKV6598","LT","6a0720885c9dd6ed8a22760b","AUTO POSTO NOVO MILLENIUM LTDA","COMBUSTÍVEIS","203618","6a31ab905ee90b0f53c90111","2026-06-16T20:01:20.961000","2026-07-15T14:42:23.164000","6a0720445c9dd6ed8a2275ed","grupof8.ely2026@gmail.com","false"
"2026-05-11","32.64","107412","","9.92","ARLA","","","SDK8F89","LT","","OJAYME PETROLEO AP GYN LTDA","COMBUSTÍVEIS","3507","6a31ab905ee90b0f53c90112","2026-06-16T20:01:20.961000","2026-06-16T20:01:20.961000","6a0720445c9dd6ed8a2275ed","grupof8.ely2026@gmail.com","false"
"2026-05-11","177.99","419806","","44.61","ETANOL","CONFERENCIA DE COMBUSTIVEIS (SEM PARAR INSTITUIÇÃO DE PAGAMENTO LTDA) PERIODO 01-05-26 A 15-05-26","","OOB2688","LT","","DECIO COMERCIO E SERVICOS RODOVIARIOS LTDA","COMBUSTÍVEIS","16739","6a31ab905ee90b0f53c90114","2026-06-16T20:01:20.961000","2026-06-16T20:01:20.961000","6a0720445c9dd6ed8a2275ed","grupof8.ely2026@gmail.com","false"
"2026-05-11","200.03","58758","","42.2","ETANOL","CONFERENCIA DE COMBUSTIVEIS (SEM PARAR INSTITUIÇÃO DE PAGAMENTO LTDA) PERIODO 01-05-26 A 15-05-26","","TGE8F88","LT","","AUTO POSTO NOVO MILLENIUM LTDA","COMBUSTÍVEIS","203302","6a31ab905ee90b0f53c90118","2026-06-16T20:01:20.961000","2026-06-16T20:01:20.961000","6a0720445c9dd6ed8a2275ed","grupof8.ely2026@gmail.com","false"
"2026-05-08","177.47","401280","","37.44","ETANOL","CONFERENCIA DE COMBUSTIVEIS (SEM PARAR INSTITUIÇÃO DE PAGAMENTO LTDA) PERIODO 01-05-26 A 15-05-26","","ONP5G56","LT","","AUTO POSTO NOVO MILLENIUM LTDA","COMBUSTÍVEIS","202315","6a31ab905ee90b0f53c90123","2026-06-16T20:01:20.961000","2026-06-16T20:01:20.961000","6a0720445c9dd6ed8a2275ed","grupof8.ely2026@gmail.com","false"
"2026-05-06","163.01","352003","","43.01","ARLA","","","RCJ1E32","LT","","DECIO COMERCIO E SERVICOS RODOVIARIOS LTDA","COMBUSTÍVEIS","75440","6a31ab905ee90b0f53c90133","2026-06-16T20:01:20.961000","2026-06-16T20:01:20.961000","6a0720445c9dd6ed8a2275ed","grupof8.ely2026@gmail.com","false"
"2026-05-20","280.54","354366","","74.02","ARLA","","","RCJ1E32","LT","","DECIO COMERCIO E SERVICOS RODOVIARIOS LTDA","COMBUSTÍVEIS","78765","6a31ab905ee90b0f53c900e6","2026-06-16T20:01:20.961000","2026-06-16T20:01:20.961000","6a0720445c9dd6ed8a2275ed","grupof8.ely2026@gmail.com","false"
"2026-05-20","3371.22","84269","","392","DIESEL (P)","","","SCN8F89","LT","","COMERCIAL CRM DE COMBUSTIVEIS LTDA","COMBUSTÍVEIS","96664","6a31ab905ee90b0f53c900e9","2026-06-16T20:01:20.961000","2026-06-16T20:01:20.961000","6a0720445c9dd6ed8a2275ed","grupof8.ely2026@gmail.com","false"
"2026-05-10","274.89","41015","","49.62","ETANOL","CONFERENCIA DE COMBUSTIVEIS (SEM PARAR INSTITUIÇÃO DE PAGAMENTO LTDA) PERIODO 01-05-26 A 15-05-26","","TGD8F88","LT","","TROPICAL DERIVADOS DE PETROLEO LTDA.","COMBUSTÍVEIS","968786","6a31ab905ee90b0f53c9011f","2026-06-16T20:01:20.961000","2026-06-16T20:01:20.961000","6a0720445c9dd6ed8a2275ed","grupof8.ely2026@gmail.com","false"
"2026-05-06","177.59","40301","","30.41","ETANOL","CONFERENCIA DE COMBUSTIVEIS (SEM PARAR INSTITUIÇÃO DE PAGAMENTO LTDA) PERIODO 01-05-26 A 15-05-26","","TGD8F88","LT","","TROPICAL DERIVADOS DE PETROLEO LTDA.","COMBUSTÍVEIS","967225","6a31ab905ee90b0f53c90138","2026-06-16T20:01:20.961000","2026-06-16T20:01:20.961000","6a0720445c9dd6ed8a2275ed","grupof8.ely2026@gmail.com","false"
"2026-05-06","230.85","113364","","46.73","ETANOL","CONFERENCIA DE COMBUSTIVEIS (SEM PARAR INSTITUIÇÃO DE PAGAMENTO LTDA) PERIODO 01-05-26 A 15-05-26","","SCS9D64","LT","","AUTO POSTO SANTA LUZIA LTDA","COMBUSTÍVEIS","1007371","6a31ab905ee90b0f53c90139","2026-06-16T20:01:20.961000","2026-06-16T20:01:20.961000","6a0720445c9dd6ed8a2275ed","grupof8.ely2026@gmail.com","false"
"2026-05-20","194.77","49587","","47.62","ETANOL","COMBUSTIVEL FROTA 16-05 A 31-05","","TGB8F88","LT","","VALPARAÍSO REPRESENTAÇÃO COMERCIAL DE COMBUSTÍVEIS LTDA","COMBUSTÍVEIS","497356","6a31ab905ee90b0f53c900ed","2026-06-16T20:01:20.961000","2026-06-16T20:01:20.961000","6a0720445c9dd6ed8a2275ed","grupof8.ely2026@gmail.com","false"
"2026-05-19","141.86","159736","","37.43","ETANOL","","","SCD6D92","LT","","AUTO POSTO MASUT LTDA","COMBUSTÍVEIS","38749","6a31ab905ee90b0f53c900ee","2026-06-16T20:01:20.961000","2026-06-16T20:01:20.961000","6a0720445c9dd6ed8a2275ed","grupof8.ely2026@gmail.com","false"
"2026-05-11","3211.2","124663","","480","DIESEL (P)","","","SCE8F89","LT","","AUTO POSTO MASUT LTDA","COMBUSTÍVEIS","45655","6a31ab905ee90b0f53c90116","2026-06-16T20:01:20.961000","2026-06-16T20:01:20.961000","6a0720445c9dd6ed8a2275ed","grupof8.ely2026@gmail.com","false"
"2026-05-17","112.55","178504","","23.74","ETANOL","COMBUSTIVEL FROTA 16-05 A 31-05","","SDF7I44","LT","","TRÊS BARRAS COMBUSTÍVEIS LTDA","COMBUSTÍVEIS","33449","6a31ab905ee90b0f53c900f3","2026-06-16T20:01:20.961000","2026-06-16T20:01:20.961000","6a0720445c9dd6ed8a2275ed","grupof8.ely2026@gmail.com","false"
"2026-05-15","228.33","33647","","48.17","ETANOL","CONFERENCIA DE COMBUSTIVEIS (SEM PARAR INSTITUIÇÃO DE PAGAMENTO LTDA) PERIODO 01-05-26 A 15-05-26","","SDB0G19","LT","","AUTO POSTO NOVO MILLENIUM LTDA","COMBUSTÍVEIS","204414","6a31ab905ee90b0f53c900f8","2026-06-16T20:01:20.961000","2026-06-16T20:01:20.961000","6a0720445c9dd6ed8a2275ed","grupof8.ely2026@gmail.com","false"
"2026-05-14","1525.34","100535","","235.03","DIESEL (P)","","","SCA8F89","LT","","SAO ROQUE MORRINHOS COMERCIO VAREJISTA DE COMBUSTIVEIS LTDA","COMBUSTÍVEIS","62996","6a31ab905ee90b0f53c90101","2026-06-16T20:01:20.961000","2026-06-16T20:01:20.961000","6a0720445c9dd6ed8a2275ed","grupof8.ely2026@gmail.com","false"
"2026-05-14","177.41","49315","","36.28","ETANOL","CONFERENCIA DE COMBUSTIVEIS (SEM PARAR INSTITUIÇÃO DE PAGAMENTO LTDA) PERIODO 01-05-26 A 15-05-26","","TGB8F88","LT","","POSTO SABADIN II LTDA","COMBUSTÍVEIS","463298","6a31ab905ee90b0f53c90105","2026-06-16T20:01:20.961000","2026-06-16T20:01:20.961000","6a0720445c9dd6ed8a2275ed","grupof8.ely2026@gmail.com","false"
"2026-05-20","685.47","44936","","105.62","DIESEL (P)","","","RET5E47","LT","","SANTA MARIA DERIVADOS DE PETROLEO LTDA","COMBUSTÍVEIS","89687","6a31ab905ee90b0f53c900e7","2026-06-16T20:01:20.961000","2026-06-16T20:01:20.961000","6a0720445c9dd6ed8a2275ed","grupof8.ely2026@gmail.com","false"
"2026-05-16","2240.7","126196","","330","DIESEL (P)","","","SCE8F89","LT","","POSTO TABOCAO XXI LTDA","COMBUSTÍVEIS","43354","6a31ab905ee90b0f53c900f6","2026-06-16T20:01:20.961000","2026-06-16T20:01:20.961000","6a0720445c9dd6ed8a2275ed","grupof8.ely2026@gmail.com","false"
"2026-05-13","811.9","58628","","125.1","DIESEL (P)","","","FON1F81","LT","","SANTA MARIA DERIVADOS DE PETROLEO LTDA","COMBUSTÍVEIS","89217","6a31ab905ee90b0f53c9010a","2026-06-16T20:01:20.961000","2026-06-16T20:01:20.961000","6a0720445c9dd6ed8a2275ed","grupof8.ely2026@gmail.com","false"
"2026-05-07","4289.45","123866","","605","DIESEL (P)","","","SCE8F89","LT","","REDE DE POSTOS TOCA DA ONCA URUACU","COMBUSTÍVEIS","3017","6a31ab905ee90b0f53c90125","2026-06-16T20:01:20.961000","2026-06-16T20:01:20.961000","6a0720445c9dd6ed8a2275ed","grupof8.ely2026@gmail.com","false"
"2026-05-07","229.79","48881","","46.05","ETANOL","CONFERENCIA DE COMBUSTIVEIS (SEM PARAR INSTITUIÇÃO DE PAGAMENTO LTDA) PERIODO 01-05-26 A 15-05-26","","TGB8F88","LT","","AUTO POSTO URUGUAI LTDA","COMBUSTÍVEIS","290878","6a31ab905ee90b0f53c90127","2026-06-16T20:01:20.961000","2026-06-16T20:01:20.961000","6a0720445c9dd6ed8a2275ed","grupof8.ely2026@gmail.com","false"
"2026-05-07","213.11","48917","","47.89","ETANOL","CONFERENCIA DE COMBUSTIVEIS (SEM PARAR INSTITUIÇÃO DE PAGAMENTO LTDA) PERIODO 01-05-26 A 15-05-26","","TGA8F88","LT","","POSTO PARACATU LTDA","COMBUSTÍVEIS","449479","6a31ab905ee90b0f53c90128","2026-06-16T20:01:20.961000","2026-06-16T20:01:20.961000","6a0720445c9dd6ed8a2275ed","grupof8.ely2026@gmail.com","false"
"2026-05-06","2008.47","98161","","300.22","DIESEL (P)","","","SCA8F89","LT","","AUTO POSTO MASUT LTDA","COMBUSTÍVEIS","45380","6a31ab905ee90b0f53c90130","2026-06-16T20:01:20.961000","2026-06-16T20:01:20.961000","6a0720445c9dd6ed8a2275ed","grupof8.ely2026@gmail.com","false"
"2026-05-16","85.38","126196","","28.56","ARLA","","","SCE8F89","LT","","POSTO TABOCAO XXI LTDA","COMBUSTÍVEIS","43353","6a31ab905ee90b0f53c900f5","2026-06-16T20:01:20.961000","2026-06-16T20:01:20.961000","6a0720445c9dd6ed8a2275ed","grupof8.ely2026@gmail.com","false"
"2026-05-15","692.22","57976","","88.29","DIESEL (P)","","","ERG1E95","LT","","POSTO PICA PAU","COMBUSTÍVEIS","850512","6a31ab905ee90b0f53c900fb","2026-06-16T20:01:20.961000","2026-06-16T20:01:20.961000","6a0720445c9dd6ed8a2275ed","grupof8.ely2026@gmail.com","false"
"2026-05-14","68.36","49909","","20.78","ARLA","","","SCP8F89","LT","","OJAYME PETROLEO AP GYN LTDA","COMBUSTÍVEIS","3546","6a31ab905ee90b0f53c900fe","2026-06-16T20:01:20.961000","2026-06-16T20:01:20.961000","6a0720445c9dd6ed8a2275ed","grupof8.ely2026@gmail.com","false"
"2026-05-13","3452.04","125538","","516","DIESEL (P)","","","SCE8F89","LT","","AUTO POSTO MASUT LTDA","COMBUSTÍVEIS","45830","6a31ab905ee90b0f53c90109","2026-06-16T20:01:20.961000","2026-06-16T20:01:20.961000","6a0720445c9dd6ed8a2275ed","grupof8.ely2026@gmail.com","false"
"2026-05-11","229.1","32872","","46.85","ETANOL","CONFERENCIA DE COMBUSTIVEIS (SEM PARAR INSTITUIÇÃO DE PAGAMENTO LTDA) PERIODO 01-05-26 A 15-05-26","","SDB0G19","LT","","POSTO KARAKA DERIVADOS DE PETROLEO LTDA","COMBUSTÍVEIS","16419","6a31ab905ee90b0f53c90113","2026-06-16T20:01:20.961000","2026-06-16T20:01:20.961000","6a0720445c9dd6ed8a2275ed","grupof8.ely2026@gmail.com","false"
"2026-05-14","231.03","440493","SAVEIROS","48.74","ETANOL","CONFERENCIA DE COMBUSTIVEIS (SEM PARAR INSTITUIÇÃO DE PAGAMENTO LTDA) PERIODO 01-05-26 A 15-05-26","VW SAVEIRO","NKV6598","LT","6a0720885c9dd6ed8a22760b","AUTO POSTO NOVO MILLENIUM LTDA","COMBUSTÍVEIS","204102","6a31ab905ee90b0f53c90104","2026-06-16T20:01:20.961000","2026-07-15T14:42:06.842000","6a0720445c9dd6ed8a2275ed","grupof8.ely2026@gmail.com","false"
"2026-05-12","137.03","317256","","36.16","ARLA","","","RCN5F85","LT","","DECIO COMERCIO E SERVICOS RODOVIARIOS LTDA","COMBUSTÍVEIS","76737","6a31ab905ee90b0f53c9010f","2026-06-16T20:01:20.961000","2026-06-16T20:01:20.961000","6a0720445c9dd6ed8a2275ed","grupof8.ely2026@gmail.com","false"
"2026-05-07","212.21","439823","SAVEIROS","44.77","ETANOL","CONFERENCIA DE COMBUSTIVEIS (SEM PARAR INSTITUIÇÃO DE PAGAMENTO LTDA) PERIODO 01-05-26 A 15-05-26","VW SAVEIRO","NKV6598","LT","6a0720885c9dd6ed8a22760b","AUTO POSTO NOVO MILLENIUM LTDA","COMBUSTÍVEIS","201910","6a31ab905ee90b0f53c90126","2026-06-16T20:01:20.961000","2026-07-15T14:42:46.069000","6a0720445c9dd6ed8a2275ed","grupof8.ely2026@gmail.com","false"
"2026-05-07","180.8","48544","","39.39","ETANOL","CONFERENCIA DE COMBUSTIVEIS (SEM PARAR INSTITUIÇÃO DE PAGAMENTO LTDA) PERIODO 01-05-26 A 15-05-26","","TGA8F88","LT","","COMERCIAL DERIV PETROLEO SAO CARLOS LTDA","COMBUSTÍVEIS","1382482","6a31ab905ee90b0f53c90129","2026-06-16T20:01:20.961000","2026-06-16T20:01:20.961000","6a0720445c9dd6ed8a2275ed","grupof8.ely2026@gmail.com","false"
"2026-05-07","260.72","40637","","47.49","ETANOL","CONFERENCIA DE COMBUSTIVEIS (SEM PARAR INSTITUIÇÃO DE PAGAMENTO LTDA) PERIODO 01-05-26 A 15-05-26","","TGD8F88","LT","","PETROTRANS TRANSPORTES QUIMICOS E PETROQUIMICOS LTDA","COMBUSTÍVEIS","6704417","6a31ab905ee90b0f53c9012b","2026-06-16T20:01:20.961000","2026-06-16T20:01:20.961000","6a0720445c9dd6ed8a2275ed","grupof8.ely2026@gmail.com","false"
"2026-05-06","80.51","48629","","20.7","ARLA","","","SCP8F89","LT","","AUTO POSTO URUGUAI LTDA","COMBUSTÍVEIS","6185","6a31ab905ee90b0f53c9012c","2026-06-16T20:01:20.961000","2026-06-16T20:01:20.961000","6a0720445c9dd6ed8a2275ed","grupof8.ely2026@gmail.com","false"
"2026-05-14","226.43","178291","","47.76","ETANOL","","","SDF7I44","LT","","TRÊS BARRAS COMBUSTÍVEIS LTDA","COMBUSTÍVEIS","33106","6a31ab905ee90b0f53c900ff","2026-06-16T20:01:20.961000","2026-06-16T20:01:20.961000","6a0720445c9dd6ed8a2275ed","grupof8.ely2026@gmail.com","false"
"2026-05-12","107.26","99706","","24.43","ARLA","","","SCA8F89","LT","","POSTO SÃO ROQUE CONQUISTA ANÁPOLIS LTDA","COMBUSTÍVEIS","12207","6a31ab905ee90b0f53c9010c","2026-06-16T20:01:20.961000","2026-06-16T20:01:20.961000","6a0720445c9dd6ed8a2275ed","grupof8.ely2026@gmail.com","false"
"2026-05-12","219.78","177810","","45.41","ETANOL","CONFERENCIA DE COMBUSTIVEIS (SEM PARAR INSTITUIÇÃO DE PAGAMENTO LTDA) PERIODO 01-05-26 A 15-05-26","","SDF7I44","LT","","TRÊS BARRAS COMBUSTÍVEIS LTDA","COMBUSTÍVEIS","32776","6a31ab905ee90b0f53c9010d","2026-06-16T20:01:20.961000","2026-06-16T20:01:20.961000","6a0720445c9dd6ed8a2275ed","grupof8.ely2026@gmail.com","false"
"2026-05-11","149.05","59182","","30.79","ETANOL","CONFERENCIA DE COMBUSTIVEIS (SEM PARAR INSTITUIÇÃO DE PAGAMENTO LTDA) PERIODO 01-05-26 A 15-05-26","","TGE8F88","LT","","TRÊS BARRAS COMBUSTÍVEIS LTDA","COMBUSTÍVEIS","32751","6a31ab905ee90b0f53c90115","2026-06-16T20:01:20.961000","2026-06-16T20:01:20.961000","6a0720445c9dd6ed8a2275ed","grupof8.ely2026@gmail.com","false"
"2026-05-10","89.7","93177","","23","ARLA","","","SCB8F89","LT","","AUTO POSTO PRECIOSO DO OESTE LTDA","COMBUSTÍVEIS","56114","6a31ab905ee90b0f53c9011e","2026-06-16T20:01:20.961000","2026-06-16T20:01:20.961000","6a0720445c9dd6ed8a2275ed","grupof8.ely2026@gmail.com","false"
"2026-05-07","195.21","32320","","42.53","ETANOL","CONFERENCIA DE COMBUSTIVEIS (SEM PARAR INSTITUIÇÃO DE PAGAMENTO LTDA) PERIODO 01-05-26 A 15-05-26","","SDB0G19","LT","","COMERCIAL DERIV PETROLEO SAO CARLOS LTDA","COMBUSTÍVEIS","1382523","6a31ab905ee90b0f53c9012a","2026-06-16T20:01:20.961000","2026-06-16T20:01:20.961000","6a0720445c9dd6ed8a2275ed","grupof8.ely2026@gmail.com","false"
"2026-05-06","78.51","96161","","21.87","ARLA","","","SCA8F89","LT","","AUTO POSTO MASUT LTDA","COMBUSTÍVEIS","45381","6a31ab905ee90b0f53c90131","2026-06-16T20:01:20.961000","2026-06-16T20:01:20.961000","6a0720445c9dd6ed8a2275ed","grupof8.ely2026@gmail.com","false"
"2026-05-06","4762.38","352003","","541.18","DIESEL (P)","","","RCJ1E32","LT","","DECIO COMERCIO E SERVICOS RODOVIARIOS LTDA","COMBUSTÍVEIS","75439","6a31ab905ee90b0f53c90132","2026-06-16T20:01:20.961000","2026-06-16T20:01:20.961000","6a0720445c9dd6ed8a2275ed","grupof8.ely2026@gmail.com","false"
"2026-05-20","70.18","84269","","18","ARLA","","","SCN8F89","LT","","COMERCIAL CRM DE COMBUSTIVEIS LTDA","COMBUSTÍVEIS","96665","6a31ab905ee90b0f53c900ea","2026-06-16T20:01:20.961000","2026-06-16T20:01:20.961000","6a0720445c9dd6ed8a2275ed","grupof8.ely2026@gmail.com","false"
"2026-05-11","158","33203","","36.83","ETANOL","CONFERENCIA DE COMBUSTIVEIS (SEM PARAR INSTITUIÇÃO DE PAGAMENTO LTDA) PERIODO 01-05-26 A 15-05-26","","SDB0G19","LT","","DECIO COMERCIO E SERVICOS RODOVIARIOS LTDA","COMBUSTÍVEIS","235959","6a31ab905ee90b0f53c9011a","2026-06-16T20:01:20.961000","2026-06-16T20:01:20.961000","6a0720445c9dd6ed8a2275ed","grupof8.ely2026@gmail.com","false"
"2026-05-08","894.62","57140","","113.53","DIESEL (P)","","","ERG1E95","LT","","PETROTRANS TRANSPORTES QUIMICOS E PETROQUIMICOS LTDA","COMBUSTÍVEIS","32241","6a31ab905ee90b0f53c90122","2026-06-16T20:01:20.961000","2026-06-16T20:01:20.961000","6a0720445c9dd6ed8a2275ed","grupof8.ely2026@gmail.com","false"
"2026-05-20","129.99","42359","","28.95","ETANOL","COMBUSTIVEL FROTA 16-05 A 31-05","","TGD8F88","LT","","AUTO POSTO NOVO MILLENIUM LTDA","COMBUSTÍVEIS","206098","6a31ab905ee90b0f53c900ec","2026-06-16T20:01:20.961000","2026-06-16T20:01:20.961000","6a0720445c9dd6ed8a2275ed","grupof8.ely2026@gmail.com","false"
"2026-05-18","105.05","101251","","27.01","ARLA","","","SCA8F89","LT","","AUTO POSTO URUGUAI LTDA","COMBUSTÍVEIS","6527","6a31ab905ee90b0f53c900ef","2026-06-16T20:01:20.961000","2026-06-16T20:01:20.961000","6a0720445c9dd6ed8a2275ed","grupof8.ely2026@gmail.com","false"
"2026-05-11","221.01","41432","","44.29","ETANOL","CONFERENCIA DE COMBUSTIVEIS (SEM PARAR INSTITUIÇÃO DE PAGAMENTO LTDA) PERIODO 01-05-26 A 15-05-26","","TGD8F88","LT","","POSTO KOBU LTDA","COMBUSTÍVEIS","203426","6a31ab905ee90b0f53c90119","2026-06-16T20:01:20.961000","2026-06-16T20:01:20.961000","6a0720445c9dd6ed8a2275ed","grupof8.ely2026@gmail.com","false"
"2026-05-08","99.99","49290","","21.32","ETANOL","CONFERENCIA DE COMBUSTIVEIS (SEM PARAR INSTITUIÇÃO DE PAGAMENTO LTDA) PERIODO 01-05-26 A 15-05-26","","TGA8F88","LT","","POSTO DA MATA COMERCIO DE COMBUSTIVEIS LTDA","COMBUSTÍVEIS","364842","6a31ab905ee90b0f53c90124","2026-06-16T20:01:20.961000","2026-06-16T20:01:20.961000","6a0720445c9dd6ed8a2275ed","grupof8.ely2026@gmail.com","false"
"2026-05-06","100.02","91794","","27.86","ARLA","","","SCB8F89","LT","","AUTO POSTO MASUT LTDA","COMBUSTÍVEIS","45349","6a31ab905ee90b0f53c9012f","2026-06-16T20:01:20.961000","2026-06-16T20:01:20.961000","6a0720445c9dd6ed8a2275ed","grupof8.ely2026@gmail.com","false"
"2026-05-06","868.36","58175","","131.77","DIESEL (P)","","","FON1F81","LT","","SANTA MARIA DERIVADOS DE PETROLEO LTDA","COMBUSTÍVEIS","88782","6a31ab905ee90b0f53c90136","2026-06-16T20:01:20.961000","2026-06-16T20:01:20.961000","6a0720445c9dd6ed8a2275ed","grupof8.ely2026@gmail.com","false"
"2026-05-20","186.65","441009","SAVEIROS","41.57","ETANOL","COMBUSTIVEL FROTA 16-05 A 31-05","VW SAVEIRO","NKV6598","LT","6a0720885c9dd6ed8a22760b","AUTO POSTO NOVO MILLENIUM LTDA","COMBUSTÍVEIS","206000","6a31ab905ee90b0f53c900eb","2026-06-16T20:01:20.961000","2026-07-15T14:41:49.237000","6a0720445c9dd6ed8a2275ed","grupof8.ely2026@gmail.com","false"
"2026-05-18","2418.87","82795","","324.68","DIESEL (P)","COMBUSTIVEL FROTA 16-05 A 31-05","","SCN8F89","LT","","POSTO GARITAO LTDA","COMBUSTÍVEIS","588477","6a31ab905ee90b0f53c900f1","2026-06-16T20:01:20.961000","2026-06-16T20:01:20.961000","6a0720445c9dd6ed8a2275ed","grupof8.ely2026@gmail.com","false"
"2026-05-14","876.79","57461","","118.07","DIESEL (P)","DESPESA COM COMBUSTIVEL FROTA 01-05 A 15-05","","ERG1E95","LT","","POSTO MALACARNE (JEQUITIBA REDE DE POSTOS)","COMBUSTÍVEIS","571077","6a31ab905ee90b0f53c90106","2026-06-16T20:01:20.961000","2026-06-16T20:01:20.961000","6a0720445c9dd6ed8a2275ed","grupof8.ely2026@gmail.com","false"
"2026-05-06","838.71","61286","CESTO AÉREO","127.27","DIESEL (P)","","VW 9-170","FCG0F18","LT","6a0720885c9dd6ed8a227605","SANTA MARIA DERIVADOS DE PETROLEO LTDA","COMBUSTÍVEIS","88781","6a31ab905ee90b0f53c90135","2026-06-16T20:01:20.961000","2026-07-15T14:45:33.061000","6a0720445c9dd6ed8a2275ed","grupof8.ely2026@gmail.com","false"
"2026-05-20","5069.94","354366","","576.13","DIESEL (P)","","","RCJ1E32","LT","","DECIO COMERCIO E SERVICOS RODOVIARIOS LTDA","COMBUSTÍVEIS","78764","6a31ab905ee90b0f53c900e5","2026-06-16T20:01:20.961000","2026-06-16T20:01:20.961000","6a0720445c9dd6ed8a2275ed","grupof8.ely2026@gmail.com","false"
"2026-05-16","58.9","81738","","15.54","ARLA","COMBUSTIVEL FROTA 16-05 A 31-05","","SCN8F89","LT","","SAO ROQUE MORRINHOS COMERCIO VAREJISTA DE COMBUSTIVEIS LTDA","COMBUSTÍVEIS","147495","6a31ab905ee90b0f53c900f7","2026-06-16T20:01:20.961000","2026-06-16T20:01:20.961000","6a0720445c9dd6ed8a2275ed","grupof8.ely2026@gmail.com","false"
"2026-05-15","50","288058","","10.54","ETANOL","CONFERENCIA DE COMBUSTIVEIS (SEM PARAR INSTITUIÇÃO DE PAGAMENTO LTDA) PERIODO 01-05-26 A 15-05-26 MOTORISTA: JOAO PAULO FLAVIANO","","RBK2G21","LT","","AUTO POSTO SANTA LUZIA LTDA","COMBUSTÍVEIS","1417003","6a31ab905ee90b0f53c900fc","2026-06-16T20:01:20.961000","2026-06-16T20:01:20.961000","6a0720445c9dd6ed8a2275ed","grupof8.ely2026@gmail.com","false"
"2026-05-14","810.47","61825","CESTO AÉREO","124.88","DIESEL (P)","","VW 9-170","FCG0F18","LT","6a0720885c9dd6ed8a227605","SANTA MARIA DERIVADOS DE PETROLEO LTDA","COMBUSTÍVEIS","89265","6a31ab905ee90b0f53c90102","2026-06-16T20:01:20.961000","2026-07-15T16:44:39.750000","6a0720445c9dd6ed8a2275ed","grupof8.ely2026@gmail.com","false"
"2026-05-06","4329.6","315972","","492","DIESEL (P)","","","RCN5F85","LT","","DECIO COMERCIO E SERVICOS RODOVIARIOS LTDA","COMBUSTÍVEIS","75457","6a31ab905ee90b0f53c90134","2026-06-16T20:01:20.961000","2026-06-16T20:01:20.961000","6a0720445c9dd6ed8a2275ed","grupof8.ely2026@gmail.com","false"
"2026-05-20","842.73","59032","","129.85","DIESEL (P)","","","FON1F81","LT","","SANTA MARIA DERIVADOS DE PETROLEO LTDA","COMBUSTÍVEIS","89695","6a31ab905ee90b0f53c900e8","2026-06-16T20:01:20.961000","2026-06-16T20:01:20.961000","6a0720445c9dd6ed8a2275ed","grupof8.ely2026@gmail.com","false"
"2026-05-14","243.73","65985","","51.42","ETANOL","CONFERENCIA DE COMBUSTIVEIS (SEM PARAR INSTITUIÇÃO DE PAGAMENTO LTDA) PERIODO 01-05-26 A 15-05-26","","SDN9A99","LT","","LP LOGISTICA DE COMERCIO DE COMBUSTIVEIS LTDA","COMBUSTÍVEIS","1169452","6a31ab905ee90b0f53c90107","2026-06-16T20:01:20.961000","2026-06-16T20:01:20.961000","6a0720445c9dd6ed8a2275ed","grupof8.ely2026@gmail.com","false"
"2026-05-09","954.74","44039","","147.11","DIESEL (P)","","","RET5E47","LT","","SANTA MARIA DERIVADOS DE PETROLEO LTDA","COMBUSTÍVEIS","88995","6a31ab905ee90b0f53c90120","2026-06-16T20:01:20.961000","2026-06-16T20:01:20.961000","6a0720445c9dd6ed8a2275ed","grupof8.ely2026@gmail.com","false"
"2026-05-09","210.91","177404","","43.13","ETANOL","CONFERENCIA DE COMBUSTIVEIS (SEM PARAR INSTITUIÇÃO DE PAGAMENTO LTDA) PERIODO 01-05-26 A 15-05-26","","SDF7I44","LT","","AUTO POSTO URUGUAI LTDA","COMBUSTÍVEIS","291681","6a31ab905ee90b0f53c90121","2026-06-16T20:01:20.961000","2026-06-16T20:01:20.961000","6a0720445c9dd6ed8a2275ed","grupof8.ely2026@gmail.com","false"
"2026-05-06","212.07","176981","","42.92","ETANOL","CONFERENCIA DE COMBUSTIVEIS (SEM PARAR INSTITUIÇÃO DE PAGAMENTO LTDA) PERIODO 01-05-26 A 15-05-26","","SDF7I44","LT","","TRÊS BARRAS COMBUSTÍVEIS LTDA","COMBUSTÍVEIS","32118","6a31ab905ee90b0f53c9012e","2026-06-16T20:01:20.961000","2026-06-16T20:01:20.961000","6a0720445c9dd6ed8a2275ed","grupof8.ely2026@gmail.com","false"
"2026-05-17","127.65","59289","","26.65","ETANOL","COMBUSTIVEL FROTA 16-05 A 31-05","","TGE8F88","LT","","AUTO POSTO URUGUAI LTDA","COMBUSTÍVEIS","294389","6a31ab905ee90b0f53c900f4","2026-06-16T20:01:20.961000","2026-06-16T20:01:20.961000","6a0720445c9dd6ed8a2275ed","grupof8.ely2026@gmail.com","false"
"2026-05-15","849.49","58655","","121.53","DIESEL (P)","","","ERG1E95","LT","","AUGUSTO URIAS DA CRUZ E FILHOS LTDA","COMBUSTÍVEIS","260929","6a31ab905ee90b0f53c900f9","2026-06-16T20:01:20.961000","2026-06-16T20:01:20.961000","6a0720445c9dd6ed8a2275ed","grupof8.ely2026@gmail.com","false"
"2026-05-11","197.76","41898","","44.44","ETANOL","CONFERENCIA DE COMBUSTIVEIS (SEM PARAR INSTITUIÇÃO DE PAGAMENTO LTDA) PERIODO 01-05-26 A 15-05-26","","TGD8F88","LT","","POSTO PARACATU LTDA","COMBUSTÍVEIS","451361","6a31ab905ee90b0f53c9011b","2026-06-16T20:01:20.961000","2026-06-16T20:01:20.961000","6a0720445c9dd6ed8a2275ed","grupof8.ely2026@gmail.com","false"
"2026-05-06","147.74","40023","","26.91","ETANOL","CONFERENCIA DE COMBUSTIVEIS (SEM PARAR INSTITUIÇÃO DE PAGAMENTO LTDA) PERIODO 01-05-26 A 15-05-26","","TGD8F88","LT","","POSTO GUANHAES LTDA","COMBUSTÍVEIS","828489","6a31ab905ee90b0f53c90137","2026-06-16T20:01:20.961000","2026-06-16T20:01:20.961000","6a0720445c9dd6ed8a2275ed","grupof8.ely2026@gmail.com","false"
"2026-05-20","3720","126764","","500","DIESEL (P)","","","SCE8F89","LT","","CAMPOS & BRAGATO LTDA","COMBUSTÍVEIS","26578","6a31ab905ee90b0f53c900e4","2026-06-16T20:01:20.961000","2026-06-16T20:01:20.961000","6a0720445c9dd6ed8a2275ed","grupof8.ely2026@gmail.com","false"
"2026-05-18","36.6","91484","","5.09","ARLA","COMBUSTIVEL FROTA 16-05 A 31-05","","SDN8F89","LT","","POSTO CAPIM DOURADO LTDA","COMBUSTÍVEIS","1795649","6a31ab905ee90b0f53c900f2","2026-06-16T20:01:20.961000","2026-06-16T20:01:20.961000","6a0720445c9dd6ed8a2275ed","grupof8.ely2026@gmail.com","false"
"2026-05-14","144.31","94991","","28.92","ARLA","CONFERENCIA DE COMBUSTIVEIS (SEM PARAR INSTITUIÇÃO DE PAGAMENTO LTDA) PERIODO 01-05-26 A 15-05-26","","SCB8F89","LT","","AUTO POSTO CABRAL","COMBUSTÍVEIS","1886619","6a31ab905ee90b0f53c90108","2026-06-16T20:01:20.961000","2026-06-16T20:01:20.961000","6a0720445c9dd6ed8a2275ed","grupof8.ely2026@gmail.com","false"
"2026-05-11","224.48","124663","","62.53","ARLA","","","SCE8F89","LT","","AUTO POSTO MASUT LTDA","COMBUSTÍVEIS","45656","6a31ab905ee90b0f53c90117","2026-06-16T20:01:20.961000","2026-06-16T20:01:20.961000","6a0720445c9dd6ed8a2275ed","grupof8.ely2026@gmail.com","false"
"2026-05-10","2802.31","93177","","348.55","DIESEL (P)","","","SCB8F89","LT","","AUTO POSTO PRECIOSO DO OESTE LTDA","COMBUSTÍVEIS","56113","6a31ab905ee90b0f53c9011d","2026-06-16T20:01:20.961000","2026-06-16T20:01:20.961000","6a0720445c9dd6ed8a2275ed","grupof8.ely2026@gmail.com","false"
"2026-05-18","74.6","82795","","20.78","ARLA","COMBUSTIVEL FROTA 16-05 A 31-05","","SCN8F89","LT","","POSTO GARITAO LTDA","COMBUSTÍVEIS","82795","6a31ab905ee90b0f53c900f0","2026-06-16T20:01:20.961000","2026-06-16T20:01:20.961000","6a0720445c9dd6ed8a2275ed","grupof8.ely2026@gmail.com","false"
"2026-05-15","82.1","58655","","22.19","ARLA","","","ERG1E95","LT","","AUGUSTO URIAS DA CRUZ E FILHOS LTDA","COMBUSTÍVEIS","260930","6a31ab905ee90b0f53c900fa","2026-06-16T20:01:20.961000","2026-06-16T20:01:20.961000","6a0720445c9dd6ed8a2275ed","grupof8.ely2026@gmail.com","false"
"2026-05-14","1227.86","49909","","175.66","DIESEL (P)","","","SCP8F89","LT","","OJAYME PETROLEO AP GYN LTDA","COMBUSTÍVEIS","3545","6a31ab905ee90b0f53c900fd","2026-06-16T20:01:20.961000","2026-06-16T20:01:20.961000","6a0720445c9dd6ed8a2275ed","grupof8.ely2026@gmail.com","false"
"2026-05-14","928.24","44552","","138.75","DIESEL (P)","","","RET5E47","LT","","AUTO POSTO MASUT LTDA","COMBUSTÍVEIS","45871","6a31ab905ee90b0f53c90100","2026-06-16T20:01:20.961000","2026-06-16T20:01:20.961000","6a0720445c9dd6ed8a2275ed","grupof8.ely2026@gmail.com","false"
"2026-05-14","3575.11","94991","","422.59","DIESEL (P)","","","SCB8F89","LT","","AUTO POSTO CABRAL","COMBUSTÍVEIS","188614","6a31ab905ee90b0f53c90103","2026-06-16T20:01:20.961000","2026-06-16T20:01:20.961000","6a0720445c9dd6ed8a2275ed","grupof8.ely2026@gmail.com","false"
"2026-05-11","100.01","287812","","21.1","ETANOL","","","RBK2G21","LT","","AUTO POSTO SANTA LUZIA LTDA","COMBUSTÍVEIS","1412957","6a31ab905ee90b0f53c9011c","2026-06-16T20:01:20.961000","2026-06-16T20:01:20.961000","6a0720445c9dd6ed8a2275ed","grupof8.ely2026@gmail.com","false"
"2026-05-06","672.46","90811","","90.01","ETANOL","CONFERENCIA DE COMBUSTIVEIS (SEM PARAR INSTITUIÇÃO DE PAGAMENTO LTDA) PERIODO 01-05-26 A 15-05-26","","SDN8F89","LT","","AUTO POSTO JOSE BONIFACIO LT","COMBUSTÍVEIS","21991","6a31ab905ee90b0f53c9012d","2026-06-16T20:01:20.961000","2026-06-16T20:01:20.961000","6a0720445c9dd6ed8a2275ed","grupof8.ely2026@gmail.com","false"
"2026-05-06","241.54","159374","","48.6","ETANOL","CONFERENCIA DE COMBUSTIVEIS (SEM PARAR INSTITUIÇÃO DE PAGAMENTO LTDA) PERIODO 01-05-26 A 15-05-26","","SCD6D92","LT","","POSTO Z+Z HOUSING LTDA","COMBUSTÍVEIS","1345587","6a31ab905ee90b0f53c9013a","2026-06-16T20:01:20.961000","2026-06-16T20:01:20.961000","6a0720445c9dd6ed8a2275ed","grupof8.ely2026@gmail.com","false"
"2026-05-30","587.75","111582","","76.43","DIESEL (P)","COMBUSTIVEL FROTA 16-05 A 31-05","","SDK8F89","LT","","AMA COMERCIO DE COMBUSTIVEIS LTDA","COMBUSTÍVEIS","369711","6a31ab905ee90b0f53c9009a","2026-06-16T20:01:20.960000","2026-06-16T20:01:20.960000","6a0720445c9dd6ed8a2275ed","grupof8.ely2026@gmail.com","false"
"2026-05-25","32.47","108470","","9.55","ARLA","","","SDK8F89","LT","","AUTO POSTO CARRIJO LTDA","COMBUSTÍVEIS","60084","6a31ab905ee90b0f53c900c4","2026-06-16T20:01:20.960000","2026-06-16T20:01:20.960000","6a0720445c9dd6ed8a2275ed","grupof8.ely2026@gmail.com","false"
"2026-05-24","2307.4","86789","","304.01","DIESEL (P)","","","SCN8F89","LT","","POSTO EMBIRA","COMBUSTÍVEIS","22024","6a31ab905ee90b0f53c900cd","2026-06-16T20:01:20.960000","2026-06-16T20:01:20.960000","6a0720445c9dd6ed8a2275ed","grupof8.ely2026@gmail.com","false"
"2026-05-30","208.38","62869","","41.76","ETANOL","COMBUSTIVEL FROTA 16-05 A 31-05","","TGE8F88","LT","","POSTO SEABRA LTDA","COMBUSTÍVEIS","967503","6a31ab905ee90b0f53c9009e","2026-06-16T20:01:20.960000","2026-06-16T20:01:20.960000","6a0720445c9dd6ed8a2275ed","grupof8.ely2026@gmail.com","false"
"2026-05-28","329.33","30012","","41.74","DIESEL (P)","","","JAC4I67","LT","","DECIO COMERCIO E SERVICOS RODOVIARIOS LTDA","COMBUSTÍVEIS","66065","6a31ab905ee90b0f53c900ab","2026-06-16T20:01:20.960000","2026-06-16T20:01:20.960000","6a0720445c9dd6ed8a2275ed","grupof8.ely2026@gmail.com","false"
"2026-05-28","294.65","51394","","45.4","ETANOL","COMBUSTIVEL FROTA 16-05 A 31-05","","TGB8F88","LT","","POSTO SABRINA II","COMBUSTÍVEIS","732013","6a31ab905ee90b0f53c900b0","2026-06-16T20:01:20.960000","2026-06-16T20:01:20.960000","6a0720445c9dd6ed8a2275ed","grupof8.ely2026@gmail.com","false"
"2026-05-26","575.22","109218","","80","DIESEL (P)","","","SDK8F89","LT","","POSTO VALE VERDE MATOZINHOS LTDA","COMBUSTÍVEIS","38986","6a31ab905ee90b0f53c900bb","2026-06-16T20:01:20.960000","2026-06-16T20:01:20.960000","6a0720445c9dd6ed8a2275ed","grupof8.ely2026@gmail.com","false"
"2026-05-28","669","51237","","100","DIESEL (P)","","","SCP8F89","LT","","AUTO POSTO MASUT LTDA","COMBUSTÍVEIS","46720","6a31ab905ee90b0f53c900a9","2026-06-16T20:01:20.960000","2026-06-16T20:01:20.960000","6a0720445c9dd6ed8a2275ed","grupof8.ely2026@gmail.com","false"
"2026-05-27","714","109622","","100","DIESEL (P)","COMBUSTIVEL FROTA 16-05 A 31-05","","SDK8F89","LT","","LOGINEP - LOGISTICA, SERVICOS E COMERCIO DE PETROLEO LTDA","COMBUSTÍVEIS","453293","6a31ab905ee90b0f53c900b6","2026-06-16T20:01:20.960000","2026-06-16T20:01:20.960000","6a0720445c9dd6ed8a2275ed","grupof8.ely2026@gmail.com","false"
"2026-05-25","771.88","45560","","107.81","DIESEL (P)","","","RET5E47","LT","","POSTO 3M","COMBUSTÍVEIS","29961","6a31ab905ee90b0f53c900c2","2026-06-16T20:01:20.960000","2026-06-16T20:01:20.960000","6a0720445c9dd6ed8a2275ed","grupof8.ely2026@gmail.com","false"
"2026-05-25","141.04","60412","","26.07","ETANOL","COMBUSTIVEL FROTA 16-05 A 31-05","","TGE8F88","LT","","POSTO POWER COMERCIO DE DERIVADOS DE PETROLEO LTDA","COMBUSTÍVEIS","86060","6a31ab905ee90b0f53c900c7","2026-06-16T20:01:20.960000","2026-06-16T20:01:20.960000","6a0720445c9dd6ed8a2275ed","grupof8.ely2026@gmail.com","false"
"2026-05-30","213.39","442034","SAVEIROS","45.02","ETANOL","COMBUSTIVEL FROTA 16-05 A 31-05","VW SAVEIRO","NKV6598","LT","6a0720885c9dd6ed8a22760b","AUTO POSTO NOVO MILLENIUM LTDA","COMBUSTÍVEIS","208978","6a31ab905ee90b0f53c90098","2026-06-16T20:01:20.960000","2026-07-15T14:41:11.580000","6a0720445c9dd6ed8a2275ed","grupof8.ely2026@gmail.com","false"
"2026-05-28","14.64","30012","","3.86","ARLA","","","JAC4I67","LT","","DECIO COMERCIO E SERVICOS RODOVIARIOS LTDA","COMBUSTÍVEIS","66066","6a31ab905ee90b0f53c900ac","2026-06-16T20:01:20.960000","2026-06-16T20:01:20.960000","6a0720445c9dd6ed8a2275ed","grupof8.ely2026@gmail.com","false"
"2026-05-28","250","62520","","34.81","GASOLINA","COMBUSTIVEL FROTA 16-05 A 31-05","","TGE8F88","LT","","SANTA HELENA COMBUSTIVEIS","COMBUSTÍVEIS","107904","6a31ab905ee90b0f53c900ae","2026-06-16T20:01:20.960000","2026-06-16T20:01:20.960000","6a0720445c9dd6ed8a2275ed","grupof8.ely2026@gmail.com","false"
"2026-05-22","2175.85","85416","","298.47","DIESEL (P)","","","SCN8F89","LT","","COMERCIAL DE COMBUSTIVEIS MEDEIROS E MEDEIROS LTDA","COMBUSTÍVEIS","64498","6a31ab905ee90b0f53c900d3","2026-06-16T20:01:20.960000","2026-06-16T20:01:20.960000","6a0720445c9dd6ed8a2275ed","grupof8.ely2026@gmail.com","false"
"2026-05-20","1650.43","102130","","239.54","DIESEL (P)","","","SCA8F89","LT","","POSTO DA MATA COMERCIO DE COMBUSTIVEIS LTDA","COMBUSTÍVEIS","2974","6a31ab905ee90b0f53c900e3","2026-06-16T20:01:20.960000","2026-06-16T20:01:20.960000","6a0720445c9dd6ed8a2275ed","grupof8.ely2026@gmail.com","false"
"2026-05-29","4339.5","319214","","550","DIESEL (P)","","","RCN5F85","LT","","DECIO COMERCIO E SERVICOS RODOVIARIOS LTDA","COMBUSTÍVEIS","80980","6a31ab905ee90b0f53c900a1","2026-06-16T20:01:20.960000","2026-06-16T20:01:20.960000","6a0720445c9dd6ed8a2275ed","grupof8.ely2026@gmail.com","false"
"2026-05-28","929.19","110212","","120.83","DIESEL (P)","","","SDK8F89","LT","","MASA COMERCIO E TRANSPORTE DE DERIVADOS DE PETROLEO LTDA","COMBUSTÍVEIS","10448","6a31ab905ee90b0f53c900a6","2026-06-16T20:01:20.960000","2026-06-16T20:01:20.960000","6a0720445c9dd6ed8a2275ed","grupof8.ely2026@gmail.com","false"
"2026-05-25","152.49","60920","","27.77","ETANOL","COMBUSTIVEL FROTA 16-05 A 31-05","","TGE8F88","LT","","POSTO SEABRA LTDA","COMBUSTÍVEIS","1207647","6a31ab905ee90b0f53c900cc","2026-06-16T20:01:20.960000","2026-06-16T20:01:20.960000","6a0720445c9dd6ed8a2275ed","grupof8.ely2026@gmail.com","false"
"2026-05-21","300","49467","","46.15","GASOLINA","","","TGA8F88","LT","","AUTO POSTO CARRIJO LTDA","COMBUSTÍVEIS","60044","6a31ab905ee90b0f53c900db","2026-06-16T20:01:20.960000","2026-06-16T20:01:20.960000","6a0720445c9dd6ed8a2275ed","grupof8.ely2026@gmail.com","false"
"2026-05-30","235.54","52553","","45.4","ETANOL","COMBUSTIVEL FROTA 16-05 A 31-05","","TGB8F88","LT","","AUTO POSTO PRECIOSO DO OESTE LTDA","COMBUSTÍVEIS","886504","6a31ab905ee90b0f53c9009d","2026-06-16T20:01:20.960000","2026-06-16T20:01:20.960000","6a0720445c9dd6ed8a2275ed","grupof8.ely2026@gmail.com","false"
"2026-05-29","866.87","59490","","133.57","DIESEL (P)","","","FON1F81","LT","","SANTA MARIA DERIVADOS DE PETROLEO LTDA","COMBUSTÍVEIS","90329","6a31ab905ee90b0f53c900a3","2026-06-16T20:01:20.960000","2026-06-16T20:01:20.960000","6a0720445c9dd6ed8a2275ed","grupof8.ely2026@gmail.com","false"
"2026-05-28","25.83","110212","","7.49","ARLA","","","SDK8F89","LT","","MASA COMERCIO E TRANSPORTE DE DERIVADOS DE PETROLEO LTDA","COMBUSTÍVEIS","10449","6a31ab905ee90b0f53c900a7","2026-06-16T20:01:20.960000","2026-06-16T20:01:20.960000","6a0720445c9dd6ed8a2275ed","grupof8.ely2026@gmail.com","false"
"2026-05-28","3204.71","128337","","479.03","DIESEL (P)","","","SCE8F89","LT","","AUTO POSTO MASUT LTDA","COMBUSTÍVEIS","46716","6a31ab905ee90b0f53c900a8","2026-06-16T20:01:20.960000","2026-06-16T20:01:20.960000","6a0720445c9dd6ed8a2275ed","grupof8.ely2026@gmail.com","false"
"2026-05-27","21.63","109622","","6.18","ARLA","COMBUSTIVEL FROTA 16-05 A 31-05","","SDK8F89","LT","","LOGINEP - LOGISTICA, SERVICOS E COMERCIO DE PETROLEO LTDA","COMBUSTÍVEIS","453294","6a31ab905ee90b0f53c900b7","2026-06-16T20:01:20.960000","2026-06-16T20:01:20.960000","6a0720445c9dd6ed8a2275ed","grupof8.ely2026@gmail.com","false"
"2026-05-25","212.73","179345","","44.88","ETANOL","","","SDF7I44","LT","","TRÊS BARRAS COMBUSTÍVEIS LTDA","COMBUSTÍVEIS","34250","6a31ab905ee90b0f53c900c3","2026-06-16T20:01:20.960000","2026-06-16T20:01:20.960000","6a0720445c9dd6ed8a2275ed","grupof8.ely2026@gmail.com","false"
"2026-05-27","91.89","88678","","27.93","ARLA","","","SCN8F89","LT","","OJAYME PETROLEO AP GYN LTDA","COMBUSTÍVEIS","3652","6a31ab905ee90b0f53c900b2","2026-06-16T20:01:20.960000","2026-06-16T20:01:20.960000","6a0720445c9dd6ed8a2275ed","grupof8.ely2026@gmail.com","false"
"2026-05-26","11.34","109218","","3.25","ARLA","","","SDK8F89","LT","","POSTO VALE VERDE MATOZINHOS LTDA","COMBUSTÍVEIS","38987","6a31ab905ee90b0f53c900bc","2026-06-16T20:01:20.960000","2026-06-16T20:01:20.960000","6a0720445c9dd6ed8a2275ed","grupof8.ely2026@gmail.com","false"
"2026-05-22","282.32","50572","","43.5","ETANOL","COMBUSTIVEL FROTA 16-05 A 31-05","","TGB8F88","LT","","POSTO SABRINA II","COMBUSTÍVEIS","731415","6a31ab905ee90b0f53c900d5","2026-06-16T20:01:20.960000","2026-06-16T20:01:20.960000","6a0720445c9dd6ed8a2275ed","grupof8.ely2026@gmail.com","false"
"2026-05-22","164.62","401560","","35.1","ETANOL","COMBUSTIVEL FROTA 16-05 A 31-05","","ONP5G56","LT","","POSTO MADRI LTDA","COMBUSTÍVEIS","1558145","6a31ab905ee90b0f53c900d6","2026-06-16T20:01:20.960000","2026-06-16T20:01:20.960000","6a0720445c9dd6ed8a2275ed","grupof8.ely2026@gmail.com","false"
"2026-05-26","125.18","61100","","21.62","ETANOL","COMBUSTIVEL FROTA 16-05 A 31-05","","TGE8F88","LT","","AUTO POSTO DDD 242","COMBUSTÍVEIS","308045","6a31ab905ee90b0f53c900c0","2026-06-16T20:01:20.960000","2026-06-16T20:01:20.960000","6a0720445c9dd6ed8a2275ed","grupof8.ely2026@gmail.com","false"
"2026-05-25","293.67","51167","","45.25","ETANOL","COMBUSTIVEL FROTA 16-05 A 31-05","","TGB8F88","LT","","POSTO SABRINA II","COMBUSTÍVEIS","731732","6a31ab905ee90b0f53c900ca","2026-06-16T20:01:20.960000","2026-06-16T20:01:20.960000","6a0720445c9dd6ed8a2275ed","grupof8.ely2026@gmail.com","false"
"2026-05-23","321.51","50913","","49.54","ETANOL","COMBUSTIVEL FROTA 16-05 A 31-05","","TGB8F88","LT","","POSTO SABRINA II","COMBUSTÍVEIS","731572","6a31ab905ee90b0f53c900d1","2026-06-16T20:01:20.960000","2026-06-16T20:01:20.960000","6a0720445c9dd6ed8a2275ed","grupof8.ely2026@gmail.com","false"
"2026-05-29","721.66","110748","","90.32","DIESEL (P)","COMBUSTIVEL FROTA 16-05 A 31-05","","SDK8F89","LT","","ILHA BELA POSTO DE SERVICOS LT","COMBUSTÍVEIS","34169","6a31ab905ee90b0f53c9009f","2026-06-16T20:01:20.960000","2026-06-16T20:01:20.960000","6a0720445c9dd6ed8a2275ed","grupof8.ely2026@gmail.com","false"
"2026-05-29","45","110748","","5","ARLA","COMBUSTIVEL FROTA 16-05 A 31-05","","SDK8F89","LT","","ILHA BELA POSTO DE SERVICOS LT","COMBUSTÍVEIS","34170","6a31ab905ee90b0f53c900a0","2026-06-16T20:01:20.960000","2026-06-16T20:01:20.960000","6a0720445c9dd6ed8a2275ed","grupof8.ely2026@gmail.com","false"
"2026-05-27","182.64","441680","SAVEIROS","38.53","ETANOL","COMBUSTIVEL FROTA 16-05 A 31-05","VW SAVEIRO","NKV6598","LT","6a0720885c9dd6ed8a22760b","AUTO POSTO NOVO MILLENIUM LTDA","COMBUSTÍVEIS","208176","6a31ab905ee90b0f53c900b4","2026-06-16T20:01:20.960000","2026-07-15T14:41:21.452000","6a0720445c9dd6ed8a2275ed","grupof8.ely2026@gmail.com","false"
"2026-05-26","164.82","61449","","38.42","ETANOL","COMBUSTIVEL FROTA 16-05 A 31-05","","TGE8F88","LT","","POSTO ELITE","COMBUSTÍVEIS","8036","6a31ab905ee90b0f53c900b8","2026-06-16T20:01:20.960000","2026-06-16T20:01:20.960000","6a0720445c9dd6ed8a2275ed","grupof8.ely2026@gmail.com","false"
"2026-05-25","39.35","57347","","10.12","ARLA","","","FIL2E25","LT","","AUTO POSTO URUGUAI LTDA","COMBUSTÍVEIS","6753","6a31ab905ee90b0f53c900c1","2026-06-16T20:01:20.960000","2026-06-16T20:01:20.960000","6a0720445c9dd6ed8a2275ed","grupof8.ely2026@gmail.com","false"
"2026-05-24","124.09","59898","","26.18","ETANOL","COMBUSTIVEL FROTA 16-05 A 31-05","","TGE8F88","LT","","AUTO POSTO URUGUAI LTDA","COMBUSTÍVEIS","296681","6a31ab905ee90b0f53c900cf","2026-06-16T20:01:20.960000","2026-06-16T20:01:20.960000","6a0720445c9dd6ed8a2275ed","grupof8.ely2026@gmail.com","false"
"2026-05-22","72.62","85416","","18.2","ARLA","","","SCN8F89","LT","","COMERCIAL DE COMBUSTIVEIS MEDEIROS E MEDEIROS LTDA","COMBUSTÍVEIS","64499","6a31ab905ee90b0f53c900d4","2026-06-16T20:01:20.960000","2026-06-16T20:01:20.960000","6a0720445c9dd6ed8a2275ed","grupof8.ely2026@gmail.com","false"
"2026-05-21","190.6","49918","","36.03","ETANOL","COMBUSTIVEL FROTA 16-05 A 31-05","","TGB8F88","LT","","AUTO POSTO DDD LTDA","COMBUSTÍVEIS","390000","6a31ab905ee90b0f53c900df","2026-06-16T20:01:20.960000","2026-06-16T20:01:20.960000","6a0720445c9dd6ed8a2275ed","grupof8.ely2026@gmail.com","false"
"2026-05-21","217.03","59686","","47.49","ETANOL","COMBUSTIVEL FROTA 16-05 A 31-05","","TGE8F88","LT","","AUTO POSTO CHAVES LTDA","COMBUSTÍVEIS","2131779","6a31ab905ee90b0f53c900e1","2026-06-16T20:01:20.960000","2026-06-16T20:01:20.960000","6a0720445c9dd6ed8a2275ed","grupof8.ely2026@gmail.com","false"
"2026-05-28","182.89","62161","","38.52","ETANOL","COMBUSTIVEL FROTA 16-05 A 31-05","","TGE8F88","LT","","POSTO ESTRELA DA 101 LTDA","COMBUSTÍVEIS","1691640","6a31ab905ee90b0f53c900b1","2026-06-16T20:01:20.960000","2026-06-16T20:01:20.960000","6a0720445c9dd6ed8a2275ed","grupof8.ely2026@gmail.com","false"
"2026-05-26","177.88","42511","","41.46","ETANOL","","","TGD8F88","LT","","POSTO SÃO ROQUE CONQUISTA ANÁPOLIS LTDA","COMBUSTÍVEIS","12863","6a31ab905ee90b0f53c900b9","2026-06-16T20:01:20.960000","2026-06-16T20:01:20.960000","6a0720445c9dd6ed8a2275ed","grupof8.ely2026@gmail.com","false"
"2026-05-25","611.1","108810","","90","DIESEL (P)","","","SDK8F89","LT","","JP DERIVADOS DE PETROLEO LTDA","COMBUSTÍVEIS","71642","6a31ab905ee90b0f53c900c5","2026-06-16T20:01:20.960000","2026-06-16T20:01:20.960000","6a0720445c9dd6ed8a2275ed","grupof8.ely2026@gmail.com","false"
"2026-05-21","79.64","38886","","24.21","ARLA","","","SCK8F89","LT","","AUTO POSTO K 44 LTDA","COMBUSTÍVEIS","8490","6a31ab905ee90b0f53c900d7","2026-06-16T20:01:20.960000","2026-06-16T20:01:20.960000","6a0720445c9dd6ed8a2275ed","grupof8.ely2026@gmail.com","false"
"2026-05-21","471.54","41615","","71.55","GASOLINA","COMBUSTIVEL FROTA 16-05 A 31-05","","SCU8F80","LT","","AUTO POSTO NOVO MILLENIUM LTDA","COMBUSTÍVEIS","206325","6a31ab905ee90b0f53c900dc","2026-06-16T20:01:20.960000","2026-06-16T20:01:20.960000","6a0720445c9dd6ed8a2275ed","grupof8.ely2026@gmail.com","false"
"2026-05-30","17.41","111582","","4.99","ARLA","COMBUSTIVEL FROTA 16-05 A 31-05","","SDK8F89","LT","","AMA COMERCIO DE COMBUSTIVEIS LTDA","COMBUSTÍVEIS","369715","6a31ab905ee90b0f53c9009b","2026-06-16T20:01:20.960000","2026-06-16T20:01:20.960000","6a0720445c9dd6ed8a2275ed","grupof8.ely2026@gmail.com","false"
"2026-05-27","271.53","61851","","47.72","ETANOL","COMBUSTIVEL FROTA 16-05 A 31-05","","TGE8F88","LT","","AUTO POSTO SAO JOAO LTDA","COMBUSTÍVEIS","271536","6a31ab905ee90b0f53c900b5","2026-06-16T20:01:20.960000","2026-06-16T20:01:20.960000","6a0720445c9dd6ed8a2275ed","grupof8.ely2026@gmail.com","false"
"2026-05-26","4931.25","318126","","625","DIESEL (P)","","","RCN5F85","LT","","DECIO COMERCIO E SERVICOS RODOVIARIOS LTDA","COMBUSTÍVEIS","80108","6a31ab905ee90b0f53c900bd","2026-06-16T20:01:20.960000","2026-06-16T20:01:20.960000","6a0720445c9dd6ed8a2275ed","grupof8.ely2026@gmail.com","false"
"2026-05-25","228.99","441377","SAVEIROS","48.31","ETANOL","COMBUSTIVEL FROTA 16-05 A 31-05","VW SAVEIRO","NKV6598","LT","6a0720885c9dd6ed8a22760b","AUTO POSTO NOVO MILLENIUM LTDA","COMBUSTÍVEIS","207545","6a31ab905ee90b0f53c900c9","2026-06-16T20:01:20.960000","2026-07-15T14:41:30.383000","6a0720445c9dd6ed8a2275ed","grupof8.ely2026@gmail.com","false"
"2026-05-21","104.5","97095","","29.11","ARLA","","","SCB8F89","LT","","AUTO POSTO MASUT LTDA","COMBUSTÍVEIS","46282","6a31ab905ee90b0f53c900d8","2026-06-16T20:01:20.960000","2026-06-16T20:01:20.960000","6a0720445c9dd6ed8a2275ed","grupof8.ely2026@gmail.com","false"
"2026-05-21","195.87","178902","","42.86","ETANOL","COMBUSTIVEL FROTA 16-05 A 31-05","","SDF7I44","LT","","AUTO POSTO CHAVES LTDA","COMBUSTÍVEIS","2131780","6a31ab905ee90b0f53c900e2","2026-06-16T20:01:20.960000","2026-06-16T20:01:20.960000","6a0720445c9dd6ed8a2275ed","grupof8.ely2026@gmail.com","false"
"2026-05-30","253.43","52169","","39.05","ETANOL","COMBUSTIVEL FROTA 16-05 A 31-05","","TGB8F88","LT","","POSTO SABRINA II","COMBUSTÍVEIS","732200","6a31ab905ee90b0f53c9009c","2026-06-16T20:01:20.960000","2026-06-16T20:01:20.960000","6a0720445c9dd6ed8a2275ed","grupof8.ely2026@gmail.com","false"
"2026-05-29","241.74","51787","","41.69","ETANOL","COMBUSTIVEL FROTA 16-05 A 31-05","","TGB8F88","LT","","POSTO BAHIA","COMBUSTÍVEIS","254322","6a31ab905ee90b0f53c900a5","2026-06-16T20:01:20.960000","2026-06-16T20:01:20.960000","6a0720445c9dd6ed8a2275ed","grupof8.ely2026@gmail.com","false"
"2026-05-27","482.18","42005","","71.54","GASOLINA","COMBUSTIVEL FROTA 16-05 A 31-05","","SCU8F80","LT","","AUTO POSTO NOVO MILLENIUM LTDA","COMBUSTÍVEIS","208094","6a31ab905ee90b0f53c900b3","2026-06-16T20:01:20.960000","2026-06-16T20:01:20.960000","6a0720445c9dd6ed8a2275ed","grupof8.ely2026@gmail.com","false"
"2026-05-24","58.68","86789","","18.4","ARLA","","","SCN8F89","LT","","POSTO EMBIRA","COMBUSTÍVEIS","22025","6a31ab905ee90b0f53c900ce","2026-06-16T20:01:20.960000","2026-06-16T20:01:20.960000","6a0720445c9dd6ed8a2275ed","grupof8.ely2026@gmail.com","false"
"2026-05-21","3746.4","127553","","560","DIESEL (P)","","","SCE8F89","LT","","AUTO POSTO MASUT LTDA","COMBUSTÍVEIS","46321","6a31ab905ee90b0f53c900d9","2026-06-16T20:01:20.960000","2026-06-16T20:01:20.960000","6a0720445c9dd6ed8a2275ed","grupof8.ely2026@gmail.com","false"
"2026-05-21","189.83","50187","","36.59","ETANOL","COMBUSTIVEL FROTA 16-05 A 31-05","","TGB8F88","LT","","AUTO POSTO PRECIOSO DO OESTE LTDA","COMBUSTÍVEIS","884645","6a31ab905ee90b0f53c900e0","2026-06-16T20:01:20.960000","2026-06-16T20:01:20.960000","6a0720445c9dd6ed8a2275ed","grupof8.ely2026@gmail.com","false"
"2026-05-29","790.42","59105","","121.79","DIESEL (P)","","","ERG1E95","LT","","SANTA MARIA DERIVADOS DE PETROLEO LTDA","COMBUSTÍVEIS","90328","6a31ab905ee90b0f53c900a2","2026-06-16T20:01:20.960000","2026-06-16T20:01:20.960000","6a0720445c9dd6ed8a2275ed","grupof8.ely2026@gmail.com","false"
"2026-05-28","201.67","34499","","47.01","ETANOL","COMBUSTIVEL FROTA 16-05 A 31-05","","SDB0G19","LT","","DECIO COMERCIO E SERVICOS RODOVIARIOS LTDA","COMBUSTÍVEIS","245053","6a31ab905ee90b0f53c900af","2026-06-16T20:01:20.960000","2026-06-16T20:01:20.960000","6a0720445c9dd6ed8a2275ed","grupof8.ely2026@gmail.com","false"
"2026-05-26","218.13","179747","","46.02","ETANOL","COMBUSTIVEL FROTA 16-05 A 31-05","","SDF7I44","LT","","TRÊS BARRAS COMBUSTÍVEIS LTDA","COMBUSTÍVEIS","34469","6a31ab905ee90b0f53c900ba","2026-06-16T20:01:20.960000","2026-06-16T20:01:20.960000","6a0720445c9dd6ed8a2275ed","grupof8.ely2026@gmail.com","false"
"2026-05-26","215.15","34035","","45.39","ETANOL","COMBUSTIVEL FROTA 16-05 A 31-05","","SDB0G19","LT","","AUTO POSTO NOVO MILLENIUM LTDA","COMBUSTÍVEIS","207920","6a31ab905ee90b0f53c900bf","2026-06-16T20:01:20.960000","2026-06-16T20:01:20.960000","6a0720445c9dd6ed8a2275ed","grupof8.ely2026@gmail.com","false"
"2026-05-25","152.6","60643","","29.98","ETANOL","COMBUSTIVEL FROTA 16-05 A 31-05","","TGE8F88","LT","","POSTO DE COMBUSTIVEIS RIO CORRENTINA 1 LTDA","COMBUSTÍVEIS","838728","6a31ab905ee90b0f53c900cb","2026-06-16T20:01:20.960000","2026-06-16T20:01:20.960000","6a0720445c9dd6ed8a2275ed","grupof8.ely2026@gmail.com","false"
"2026-05-23","554.95","45237","","77.51","DIESEL (P)","","","RET5E47","LT","","POSTO 3M","COMBUSTÍVEIS","29938","6a31ab905ee90b0f53c900d0","2026-06-16T20:01:20.960000","2026-06-16T20:01:20.960000","6a0720445c9dd6ed8a2275ed","grupof8.ely2026@gmail.com","false"
"2026-05-30","197.12","52913","","42.03","ETANOL","COMBUSTIVEL FROTA 16-05 A 31-05","","TGB8F88","LT","","DELTTA COMBUSTÍVEIS LTDA","COMBUSTÍVEIS","253419","6a31ab905ee90b0f53c90099","2026-06-16T20:01:20.960000","2026-06-16T20:01:20.960000","6a0720445c9dd6ed8a2275ed","grupof8.ely2026@gmail.com","false"
"2026-05-29","93.92","59490","","18.82","ARLA","","","FON1F81","LT","","SANTA MARIA DERIVADOS DE PETROLEO LTDA","COMBUSTÍVEIS","90330","6a31ab905ee90b0f53c900a4","2026-06-16T20:01:20.960000","2026-06-16T20:01:20.960000","6a0720445c9dd6ed8a2275ed","grupof8.ely2026@gmail.com","false"
"2026-05-28","84.15","51237","","23.44","ARLA","","","SCP8F89","LT","","AUTO POSTO MASUT LTDA","COMBUSTÍVEIS","46721","6a31ab905ee90b0f53c900aa","2026-06-16T20:01:20.960000","2026-06-16T20:01:20.960000","6a0720445c9dd6ed8a2275ed","grupof8.ely2026@gmail.com","false"
"2026-05-26","752.84","62347","CESTO AÉREO","116","DIESEL (P)","","VW 9-170","FCG0F18","LT","6a0720885c9dd6ed8a227605","SANTA MARIA DERIVADOS DE PETROLEO LTDA","COMBUSTÍVEIS","90046","6a31ab905ee90b0f53c900be","2026-06-16T20:01:20.960000","2026-07-15T16:45:01.999000","6a0720445c9dd6ed8a2275ed","grupof8.ely2026@gmail.com","false"
"2026-05-25","17.95","108810","","5","ARLA","","","SDK8F89","LT","","JP DERIVADOS DE PETROLEO LTDA","COMBUSTÍVEIS","71643","6a31ab905ee90b0f53c900c6","2026-06-16T20:01:20.960000","2026-06-16T20:01:20.960000","6a0720445c9dd6ed8a2275ed","grupof8.ely2026@gmail.com","false"
"2026-05-23","282.94","31728","","40.77","GASOLINA","COMBUSTIVEL FROTA 16-05 A 31-05","","TGC8F88","LT","","POSTO MADRI LTDA","COMBUSTÍVEIS","1558830","6a31ab905ee90b0f53c900d2","2026-06-16T20:01:20.960000","2026-06-16T20:01:20.960000","6a0720445c9dd6ed8a2275ed","grupof8.ely2026@gmail.com","false"
"2026-05-21","125.97","127553","","35.09","ARLA","","","SCE8F89","LT","","AUTO POSTO MASUT LTDA","COMBUSTÍVEIS","46322","6a31ab905ee90b0f53c900da","2026-06-16T20:01:20.960000","2026-06-16T20:01:20.960000","6a0720445c9dd6ed8a2275ed","grupof8.ely2026@gmail.com","false"
"2026-05-21","88.57","102635","","24","ARLA","COMBUSTIVEL FROTA 16-05 A 31-05","","SCA8F89","LT","","POSTO ALVORADA LTDA","COMBUSTÍVEIS","206360","6a31ab905ee90b0f53c900dd","2026-06-16T20:01:20.960000","2026-06-16T20:01:20.960000","6a0720445c9dd6ed8a2275ed","grupof8.ely2026@gmail.com","false"
"2026-05-21","238.28","288165","","50.27","ETANOL","COMBUSTIVEL FROTA 16-05 A 31-05","","RBK2G21","LT","","AUTO POSTO URUGUAI LTDA","COMBUSTÍVEIS","295609","6a31ab905ee90b0f53c900de","2026-06-16T20:01:20.960000","2026-06-16T20:01:20.960000","6a0720445c9dd6ed8a2275ed","grupof8.ely2026@gmail.com","false"
"2026-05-28","5680.8","355930","","720","DIESEL (P)","","","RCJ1E32","LT","","DECIO COMERCIO E SERVICOS RODOVIARIOS LTDA","COMBUSTÍVEIS","80740","6a31ab905ee90b0f53c900ad","2026-06-16T20:01:20.960000","2026-06-16T20:01:20.960000","6a0720445c9dd6ed8a2275ed","grupof8.ely2026@gmail.com","false"
"2026-05-25","129.9","60176","","31.76","ETANOL","COMBUSTIVEL FROTA 16-05 A 31-05","","TGE8F88","LT","","POSTO DE COMBUSTIVEIS ABASTECE FORMOSA LTDA","COMBUSTÍVEIS","145299","6a31ab905ee90b0f53c900c8","2026-06-16T20:01:20.960000","2026-06-16T20:01:20.960000","6a0720445c9dd6ed8a2275ed","grupof8.ely2026@gmail.com","false"
"2026-05-31","731.51","112169","","104.65","DIESEL (P)","","","SDK8F89","LT","","SIM REDE DE POSTOS LTDA","COMBUSTÍVEIS","26782","6a31ab905ee90b0f53c9008e","2026-06-16T20:01:20.959000","2026-06-16T20:01:20.959000","6a0720445c9dd6ed8a2275ed","grupof8.ely2026@gmail.com","false"
"2026-05-30","12.39","111102","","4.13","ARLA","COMBUSTIVEL FROTA 16-05 A 31-05","","SDK8F89","LT","","POSTO BUFALO","COMBUSTÍVEIS","101772","6a31ab905ee90b0f53c90097","2026-06-16T20:01:20.959000","2026-06-16T20:01:20.959000","6a0720445c9dd6ed8a2275ed","grupof8.ely2026@gmail.com","false"
"2026-05-31","17.02","112169","","5.1","ARLA","","","SDK8F89","LT","","SIM REDE DE POSTOS LTDA","COMBUSTÍVEIS","26783","6a31ab905ee90b0f53c9008f","2026-06-16T20:01:20.959000","2026-06-16T20:01:20.959000","6a0720445c9dd6ed8a2275ed","grupof8.ely2026@gmail.com","false"
"2026-05-31","155","63602","","31.25","ETANOL","COMBUSTIVEL FROTA 16-05 A 31-05","","TGE8F88","LT","","POSTO POWER COMERCIO DE DERIVADOS DE PETROLEO LTDA","COMBUSTÍVEIS","86816","6a31ab905ee90b0f53c90092","2026-06-16T20:01:20.959000","2026-06-16T20:01:20.959000","6a0720445c9dd6ed8a2275ed","grupof8.ely2026@gmail.com","false"
"2026-05-31","238.17","63320","","45.89","ETANOL","COMBUSTIVEL FROTA 16-05 A 31-05","","TGE8F88","LT","","MINAS BR COMBUSTIVEIS LTDA","COMBUSTÍVEIS","548422","6a31ab905ee90b0f53c90093","2026-06-16T20:01:20.959000","2026-06-16T20:01:20.959000","6a0720445c9dd6ed8a2275ed","grupof8.ely2026@gmail.com","false"
"2026-05-31","3624.5","129275","","550","DIESEL (P)","","","SCE8F89","LT","","AUTO POSTO MASUT LTDA","COMBUSTÍVEIS","46926","6a31ab905ee90b0f53c90090","2026-06-16T20:01:20.959000","2026-06-16T20:01:20.959000","6a0720445c9dd6ed8a2275ed","grupof8.ely2026@gmail.com","false"
"2026-05-31","124.86","129275","","34.78","ARLA","","","SCE8F89","LT","","AUTO POSTO MASUT LTDA","COMBUSTÍVEIS","46927","6a31ab905ee90b0f53c90091","2026-06-16T20:01:20.959000","2026-06-16T20:01:20.959000","6a0720445c9dd6ed8a2275ed","grupof8.ely2026@gmail.com","false"
"2026-05-30","530.05","111102","","74.76","DIESEL (P)","COMBUSTIVEL FROTA 16-05 A 31-05","","SDK8F89","LT","","POSTO BUFALO","COMBUSTÍVEIS","101770","6a31ab905ee90b0f53c90096","2026-06-16T20:01:20.959000","2026-06-16T20:01:20.959000","6a0720445c9dd6ed8a2275ed","grupof8.ely2026@gmail.com","false"
"2026-05-31","319.03","160226","","45.98","GASOLINA","COMBUSTIVEL FROTA 16-05 A 31-05","","SCD6D92","LT","","AUTO POSTO SANTA LUZIA LTDA","COMBUSTÍVEIS","1431743","6a31ab905ee90b0f53c90094","2026-06-16T20:01:20.959000","2026-06-16T20:01:20.959000","6a0720445c9dd6ed8a2275ed","grupof8.ely2026@gmail.com","false"
"2026-05-31","187.23","63944","","40.97","ETANOL","COMBUSTIVEL FROTA 16-05 A 31-05","","TGE8F88","LT","","AUTO POSTO CHAVES LTDA","COMBUSTÍVEIS","2138511","6a31ab905ee90b0f53c90095","2026-06-16T20:01:20.959000","2026-06-16T20:01:20.959000","6a0720445c9dd6ed8a2275ed","grupof8.ely2026@gmail.com","false"
"2026-01-31","21.71","","","5.79","ARLA","","","SDN8F89","LT","","COMERCIAL DERIV PETROLEO SAO CARLOS LTDA","COMBUSTÍVEIS","108878","6a08712091f7ece69c3332f2","2026-05-16T13:29:04.427000","2026-05-16T13:29:04.427000","6a0720445c9dd6ed8a2275ed","grupof8.ely2026@gmail.com","false"
"2026-03-27","27.72","","","9.56","ARLA","","","SDN8F89","LT","","MONTE CARLO VERA CRUZ","COMBUSTÍVEIS","11079","6a08712091f7ece69c333302","2026-05-16T13:29:04.427000","2026-05-16T13:29:04.427000","6a0720445c9dd6ed8a2275ed","grupof8.ely2026@gmail.com","false"
"2026-03-01","14.95","","","5","ARLA","","","SDN8F89","LT","","AUTO POSTO CASULO TAQUARAL LTDA","COMBUSTÍVEIS","12956","6a08712091f7ece69c3332f8","2026-05-16T13:29:04.427000","2026-05-16T13:29:04.427000","6a0720445c9dd6ed8a2275ed","grupof8.ely2026@gmail.com","false"
"2026-02-12","16.86","","","4.83","ARLA","","","SDN8F89","LT","","PERIMETRAL DERIVADOS DE PETROLEO LTDA","COMBUSTÍVEIS","2719","6a08712091f7ece69c3332f4","2026-05-16T13:29:04.427000","2026-05-16T13:29:04.427000","6a0720445c9dd6ed8a2275ed","grupof8.ely2026@gmail.com","false"
"2026-03-17","18.72","","","1","ARLA","","","SDN8F89","LT","","AUTO POSTO BOA VISTA","COMBUSTÍVEIS","300661","6a08712091f7ece69c3332fc","2026-05-16T13:29:04.427000","2026-05-16T13:29:04.427000","6a0720445c9dd6ed8a2275ed","grupof8.ely2026@gmail.com","false"
"2026-04-17","18.09","","","4.58","ARLA","","","SDK8F89","LT","","AUTO POSTO VALE LTDA","COMBUSTÍVEIS","2723562","6a08712091f7ece69c3332eb","2026-05-16T13:29:04.427000","2026-05-16T13:29:04.427000","6a0720445c9dd6ed8a2275ed","grupof8.ely2026@gmail.com","false"
"2026-02-03","17.44","","","4.65","ARLA","","","SDN8F89","LT","","COMERCIAL DERIV PETROLEO SAO CARLOS LTDA","COMBUSTÍVEIS","108993","6a08712091f7ece69c3332f3","2026-05-16T13:29:04.427000","2026-05-16T13:29:04.427000","6a0720445c9dd6ed8a2275ed","grupof8.ely2026@gmail.com","false"
"2026-03-25","45.17","","","11.33","ARLA","","","SDN8F89","LT","","REDE DE POSTO AUTO CENTER LTDA","COMBUSTÍVEIS","2120","6a08712091f7ece69c333301","2026-05-16T13:29:04.427000","2026-05-16T13:29:04.427000","6a0720445c9dd6ed8a2275ed","grupof8.ely2026@gmail.com","false"
"2026-04-30","25.49","","","3.49","ARLA","","","SDN8F89","LT","","AUTO POSTO RODOANEL LESTE LTDA","COMBUSTÍVEIS","31209","6a08712091f7ece69c333309","2026-05-16T13:29:04.427000","2026-05-16T13:29:04.427000","6a0720445c9dd6ed8a2275ed","grupof8.ely2026@gmail.com","false"
"2026-02-24","22.3","","","6.03","ARLA","","","SDN8F89","LT","","AUGUSTO URIAS DA CRUZ E FILHOS LTDA","COMBUSTÍVEIS","248732","6a08712091f7ece69c3332f5","2026-05-16T13:29:04.427000","2026-05-16T13:29:04.427000","6a0720445c9dd6ed8a2275ed","grupof8.ely2026@gmail.com","false"
"2026-04-17","46.3","","","11.6","ARLA","","","SDN8F89","LT","","POSTO MALACARNE (JEQUITIBA REDE DE POSTOS)","COMBUSTÍVEIS","35876","6a08712091f7ece69c333305","2026-05-16T13:29:04.427000","2026-05-16T13:29:04.427000","6a0720445c9dd6ed8a2275ed","grupof8.ely2026@gmail.com","false"
"2026-04-07","22.3","","","5.59","ARLA","","","SDN8F89","LT","","DECIO COMERCIO E SERVICOS RODOVIARIOS LTDA","COMBUSTÍVEIS","31224","6a08712091f7ece69c333304","2026-05-16T13:29:04.427000","2026-05-16T13:29:04.427000","6a0720445c9dd6ed8a2275ed","grupof8.ely2026@gmail.com","false"
"2026-04-28","17.43","","","4.91","ARLA","","","SDN8F89","LT","","POSTO 3 D","COMBUSTÍVEIS","153106","6a08712091f7ece69c333308","2026-05-16T13:29:04.427000","2026-05-16T13:29:04.427000","6a0720445c9dd6ed8a2275ed","grupof8.ely2026@gmail.com","false"
"2026-04-23","29.24","","","1","ARLA","","","SDK8F89","LT","","POSTO ARATU","COMBUSTÍVEIS","61017","6a08712091f7ece69c3332ed","2026-05-16T13:29:04.427000","2026-05-16T13:29:04.427000","6a0720445c9dd6ed8a2275ed","grupof8.ely2026@gmail.com","false"
"2026-04-17","20.07","","","5.03","ARLA","","","SDK8F89","LT","","POSTO ITAMARATY","COMBUSTÍVEIS","1113495","6a08712091f7ece69c3332ea","2026-05-16T13:29:04.427000","2026-05-16T13:29:04.427000","6a0720445c9dd6ed8a2275ed","grupof8.ely2026@gmail.com","false"
"2026-04-20","42.98","","","11.34","ARLA","","","SDK8F89","LT","","POSTO DOM PEDRO IBO","COMBUSTÍVEIS","1299","6a08712091f7ece69c3332ec","2026-05-16T13:29:04.427000","2026-05-16T13:29:04.427000","6a0720445c9dd6ed8a2275ed","grupof8.ely2026@gmail.com","false"
"2026-01-29","606.16","","","94.86","ARLA","","","SDN8F89","LT","","AUTO POSTO PORTAL DO PETROLEO X E DERIVADOS LTDA","COMBUSTÍVEIS","34577","6a08712091f7ece69c3332f1","2026-05-16T13:29:04.427000","2026-05-16T13:29:04.427000","6a0720445c9dd6ed8a2275ed","grupof8.ely2026@gmail.com","false"
"2026-03-03","35.28","","","9.31","ARLA","","","SDN8F89","LT","","AUTO POSTO CINQUENTAO UBERABA LTDA.","COMBUSTÍVEIS","29013","6a08712091f7ece69c3332f9","2026-05-16T13:29:04.427000","2026-05-16T13:29:04.427000","6a0720445c9dd6ed8a2275ed","grupof8.ely2026@gmail.com","false"
"2026-03-21","28.9","","","10.36","ARLA","","","SDN8F89","LT","","POSTO DOM PEDRO I 124 SUL LTDA","COMBUSTÍVEIS","633072","6a08712091f7ece69c3332ff","2026-05-16T13:29:04.427000","2026-05-16T13:29:04.427000","6a0720445c9dd6ed8a2275ed","grupof8.ely2026@gmail.com","false"
"2026-03-04","18.55","","","5.01","ARLA","","","SDN8F89","LT","","AUGUSTO URIAS DA CRUZ E FILHOS LTDA","COMBUSTÍVEIS","250017","6a08712091f7ece69c3332fa","2026-05-16T13:29:04.427000","2026-05-16T13:29:04.427000","6a0720445c9dd6ed8a2275ed","grupof8.ely2026@gmail.com","false"
"2026-01-14","28.29","","","7.09","ARLA","","","SDN8F89","LT","","AUTO POSTO MADAGASCAR LTDA","COMBUSTÍVEIS","325206","6a08712091f7ece69c3332f0","2026-05-16T13:29:04.427000","2026-05-16T13:29:04.427000","6a0720445c9dd6ed8a2275ed","grupof8.ely2026@gmail.com","false"
"2026-03-19","22.51","","","6","ARLA","","","SDN8F89","LT","","COMERCIAL DERIV PETROLEO SAO CARLOS LTDA","COMBUSTÍVEIS","111634","6a08712091f7ece69c3332fe","2026-05-16T13:29:04.427000","2026-05-16T13:29:04.427000","6a0720445c9dd6ed8a2275ed","grupof8.ely2026@gmail.com","false"
"2026-03-18","17.07","","","5.71","ARLA","","","SDN8F89","LT","","PSJ SAO SIMAO COMERCIO DE COMBUSTIVEIS LTDA","COMBUSTÍVEIS","210758","6a08712091f7ece69c3332fd","2026-05-16T13:29:04.427000","2026-05-16T13:29:04.427000","6a0720445c9dd6ed8a2275ed","grupof8.ely2026@gmail.com","false"
"2026-04-30","16.39","","","5.48","ARLA","","","SDN8F89","LT","","AUTO POSTO BATALHA LTDA","COMBUSTÍVEIS","46335","6a08712091f7ece69c33330a","2026-05-16T13:29:04.427000","2026-05-16T13:29:04.427000","6a0720445c9dd6ed8a2275ed","grupof8.ely2026@gmail.com","false"
"2026-04-06","42.23","","","11.26","ARLA","","","SDN8F89","LT","","COMERCIAL DERIV PETROLEO SAO CARLOS LTDA","COMBUSTÍVEIS","112586","6a08712091f7ece69c333303","2026-05-16T13:29:04.427000","2026-05-16T13:29:04.427000","6a0720445c9dd6ed8a2275ed","grupof8.ely2026@gmail.com","false"
"2026-02-28","26.55","","","6.83","ARLA","","","SDN8F89","LT","","AUTO POSTO URUGUAI LTDA","COMBUSTÍVEIS","4155","6a08712091f7ece69c3332f7","2026-05-16T13:29:04.427000","2026-05-16T13:29:04.427000","6a0720445c9dd6ed8a2275ed","grupof8.ely2026@gmail.com","false"
"2026-02-26","26.65","","","5.34","ARLA","","","SDN8F89","LT","","SANTA MARIA DERIVADOS DE PETROLEO LTDA","COMBUSTÍVEIS","85416","6a08712091f7ece69c3332f6","2026-05-16T13:29:04.427000","2026-05-16T13:29:04.427000","6a0720445c9dd6ed8a2275ed","grupof8.ely2026@gmail.com","false"
"2026-04-22","39.14","","","10.06","ARLA","","","SDN8F89","LT","","AUTO POSTO URUGUAI LTDA","COMBUSTÍVEIS","5765","6a08712091f7ece69c333306","2026-05-16T13:29:04.427000","2026-05-16T13:29:04.427000","6a0720445c9dd6ed8a2275ed","grupof8.ely2026@gmail.com","false"
"2026-04-27","116.29","","","35.78","ARLA","","","SDN8F89","LT","","POSTO JR FAISAO V LTDA","COMBUSTÍVEIS","12700","6a08712091f7ece69c333307","2026-05-16T13:29:04.427000","2026-05-16T13:29:04.427000","6a0720445c9dd6ed8a2275ed","grupof8.ely2026@gmail.com","false"
"2026-03-23","22.15","","","6.17","ARLA","","","SDN8F89","LT","","POSTOS PELANDA ALPINO IV","COMBUSTÍVEIS","210203","6a08712091f7ece69c333300","2026-05-16T13:29:04.427000","2026-05-16T13:29:04.427000","6a0720445c9dd6ed8a2275ed","grupof8.ely2026@gmail.com","false"
"2026-04-25","22.54","","","5.51","ARLA","","","SDK8F89","LT","","POSTO SEABRA LTDA","COMBUSTÍVEIS","140056","6a08712091f7ece69c3332ef","2026-05-16T13:29:04.427000","2026-05-16T13:29:04.427000","6a0720445c9dd6ed8a2275ed","grupof8.ely2026@gmail.com","false"
"2026-03-12","16.65","","","5.76","ARLA","","","SDN8F89","LT","","POSTO DA MATA COMERCIO DE COMBUSTIVEIS LTDA","COMBUSTÍVEIS","2617","6a08712091f7ece69c3332fb","2026-05-16T13:29:04.427000","2026-05-16T13:29:04.427000","6a0720445c9dd6ed8a2275ed","grupof8.ely2026@gmail.com","false"
"2026-04-25","11.99","","","3.33","ARLA","","","SDK8F89","LT","","POSTO BRASIL 04","COMBUSTÍVEIS","102290","6a08712091f7ece69c3332ee","2026-05-16T13:29:04.427000","2026-05-16T13:29:04.427000","6a0720445c9dd6ed8a2275ed","grupof8.ely2026@gmail.com","false"
"2026-01-27","84.04","","","21.06","ARLA","","","SCP8F89","LT","","POSTO SANTA RITA","COMBUSTÍVEIS","79415","6a08712091f7ece69c3332c1","2026-05-16T13:29:04.426000","2026-05-16T13:29:04.426000","6a0720445c9dd6ed8a2275ed","grupof8.ely2026@gmail.com","false"
"2026-02-06","12.53","","","3.49","ARLA","","","SDF8F89","LT","","AUTO POSTO USS GUARAREMA LTDA","COMBUSTÍVEIS","74690","6a08712091f7ece69c3332cb","2026-05-16T13:29:04.426000","2026-05-16T13:29:04.426000","6a0720445c9dd6ed8a2275ed","grupof8.ely2026@gmail.com","false"
"2026-03-18","13.68","","","3.92","ARLA","","","SDK8F89","LT","","POSTO CAXUXA LOMBADA","COMBUSTÍVEIS","299890","6a08712091f7ece69c3332e1","2026-05-16T13:29:04.426000","2026-05-16T13:29:04.426000","6a0720445c9dd6ed8a2275ed","grupof8.ely2026@gmail.com","false"
"2026-01-06","88.79","","","23.68","ARLA","","","SCP8F89","LT","","COMERCIAL DERIV PETROLEO SAO CARLOS LTDA","COMBUSTÍVEIS","107501","6a08712091f7ece69c3332be","2026-05-16T13:29:04.426000","2026-05-16T13:29:04.426000","6a0720445c9dd6ed8a2275ed","grupof8.ely2026@gmail.com","false"
"2026-04-12","22.82","","","5.85","ARLA","","","SDF8F89","LT","","AUTO POSTO ECONOMICO LTDA","COMBUSTÍVEIS","1659776","6a08712091f7ece69c3332d5","2026-05-16T13:29:04.426000","2026-05-16T13:29:04.426000","6a0720445c9dd6ed8a2275ed","grupof8.ely2026@gmail.com","false"
"2026-01-30","75.84","","","20.22","ARLA","","","SCN8F89","LT","","COMERCIAL DERIV PETROLEO SAO CARLOS LTDA","COMBUSTÍVEIS","108861","6a08712091f7ece69c3332b4","2026-05-16T13:29:04.426000","2026-05-16T13:29:04.426000","6a0720445c9dd6ed8a2275ed","grupof8.ely2026@gmail.com","false"
"2026-01-23","86.36","","","22.15","ARLA","","","SCN8F89","LT","","COMERCIAL CRM DE COMBUSTIVEIS LTDA","COMBUSTÍVEIS","87082","6a08712091f7ece69c3332b1","2026-05-16T13:29:04.426000","2026-05-16T13:29:04.426000","6a0720445c9dd6ed8a2275ed","grupof8.ely2026@gmail.com","false"
"2026-04-08","38.33","","","9.85","ARLA","","","SDF8F89","LT","","AUTO POSTO URUGUAI LTDA","COMBUSTÍVEIS","281412","6a08712091f7ece69c3332d2","2026-05-16T13:29:04.426000","2026-05-16T13:29:04.426000","6a0720445c9dd6ed8a2275ed","grupof8.ely2026@gmail.com","false"
"2026-04-17","41.58","","","10.69","ARLA","","","SDF8F89","LT","","AUTO POSTO URUGUAI LTDA","COMBUSTÍVEIS","5693","6a08712091f7ece69c3332d6","2026-05-16T13:29:04.426000","2026-05-16T13:29:04.426000","6a0720445c9dd6ed8a2275ed","grupof8.ely2026@gmail.com","false"
"2026-04-09","24.47","","","7.67","ARLA","","","SDF8F89","LT","","POSTO MARINER DE RIBEIRAO","COMBUSTÍVEIS","1134","6a08712091f7ece69c3332d3","2026-05-16T13:29:04.426000","2026-05-16T13:29:04.426000","6a0720445c9dd6ed8a2275ed","grupof8.ely2026@gmail.com","false"
"2026-04-20","73.62","","","18","ARLA","","","SCN8F89","LT","","MACAUBENSE COMÉRCIO DE DERIVADOS DE PETRÓLEO LTDA","COMBUSTÍVEIS","39258","6a08712091f7ece69c3332bc","2026-05-16T13:29:04.426000","2026-05-16T13:29:04.426000","6a0720445c9dd6ed8a2275ed","grupof8.ely2026@gmail.com","false"
"2026-02-23","43.89","","","11","ARLA","","","SCN8F89","LT","","POSTO MALACARNE (JEQUITIBA REDE DE POSTOS)","COMBUSTÍVEIS","34410","6a08712091f7ece69c3332b7","2026-05-16T13:29:04.426000","2026-05-16T13:29:04.426000","6a0720445c9dd6ed8a2275ed","grupof8.ely2026@gmail.com","false"
"2026-03-24","1015.88","","","113.25","ARLA","","","SDK8F89","LT","","GRAAL BANDEIRANTES JUNDIAI","COMBUSTÍVEIS","289132","6a08712091f7ece69c3332e4","2026-05-16T13:29:04.426000","2026-05-16T13:29:04.426000","6a0720445c9dd6ed8a2275ed","grupof8.ely2026@gmail.com","false"
"2026-03-14","58.67","","","16.81","ARLA","","","SCN8F89","LT","","POSTO DE COMBUSTIVEIS RIO CORRENTINA 1 LTDA","COMBUSTÍVEIS","18578","6a08712091f7ece69c3332b9","2026-05-16T13:29:04.426000","2026-05-16T13:29:04.426000","6a0720445c9dd6ed8a2275ed","grupof8.ely2026@gmail.com","false"
"2026-01-31","55.43","","","15.44","ARLA","","","SCP8F89","LT","","JP DERIVADOS DE PETROLEO LTDA","COMBUSTÍVEIS","221659","6a08712091f7ece69c3332c3","2026-05-16T13:29:04.426000","2026-05-16T13:29:04.426000","6a0720445c9dd6ed8a2275ed","grupof8.ely2026@gmail.com","false"
"2026-02-06","12.28","","","3.43","ARLA","","","SDF8F89","LT","","PETROPEN","COMBUSTÍVEIS","1084236","6a08712091f7ece69c3332cc","2026-05-16T13:29:04.426000","2026-05-16T13:29:04.426000","6a0720445c9dd6ed8a2275ed","grupof8.ely2026@gmail.com","false"
"2026-01-19","32.53","","","9.32","ARLA","","","SDK8F89","LT","","AUTO POSTO MASUT LTDA","COMBUSTÍVEIS","24136","6a08712091f7ece69c3332d7","2026-05-16T13:29:04.426000","2026-05-16T13:29:04.426000","6a0720445c9dd6ed8a2275ed","grupof8.ely2026@gmail.com","false"
"2026-04-15","36.18","","","9.3","ARLA","","","SDK8F89","LT","","AUTO POSTO URUGUAI LTDA","COMBUSTÍVEIS","5477","6a08712091f7ece69c3332e8","2026-05-16T13:29:04.426000","2026-05-16T13:29:04.426000","6a0720445c9dd6ed8a2275ed","grupof8.ely2026@gmail.com","false"
"2026-02-25","28.4","","","7.49","ARLA","","","SDK8F89","LT","","DECIO COMERCIO E SERVICOS RODOVIARIOS LTDA","COMBUSTÍVEIS","35619","6a08712091f7ece69c3332db","2026-05-16T13:29:04.426000","2026-05-16T13:29:04.426000","6a0720445c9dd6ed8a2275ed","grupof8.ely2026@gmail.com","false"
"2026-04-29","166.09","","","45.01","ARLA","","","SCE8F89","LT","","POSTO SÃO ROQUE BR 080 LTDA","COMBUSTÍVEIS","8842","6a08712091f7ece69c3332ab","2026-05-16T13:29:04.426000","2026-05-16T13:29:04.426000","6a0720445c9dd6ed8a2275ed","grupof8.ely2026@gmail.com","false"
"2026-03-24","18.23","","","6.1","ARLA","","","SDK8F89","LT","","GRAAL BANDEIRANTES JUNDIAI","COMBUSTÍVEIS","289134","6a08712091f7ece69c3332e5","2026-05-16T13:29:04.426000","2026-05-16T13:29:04.426000","6a0720445c9dd6ed8a2275ed","grupof8.ely2026@gmail.com","false"
"2026-04-27","197.49","","","27.08","ARLA","","","SCN8F89","LT","","EFAM COMERCIO VAREJISTA DE COMBUSTIVEIS LTDA","COMBUSTÍVEIS","181497","6a08712091f7ece69c3332bd","2026-05-16T13:29:04.426000","2026-05-16T13:29:04.426000","6a0720445c9dd6ed8a2275ed","grupof8.ely2026@gmail.com","false"
"2026-02-09","14.24","","","5.1","ARLA","","","SDF8F89","LT","","AUTO POSTO ESCALA 121 LTDA","COMBUSTÍVEIS","37147","6a08712091f7ece69c3332cd","2026-05-16T13:29:04.426000","2026-05-16T13:29:04.426000","6a0720445c9dd6ed8a2275ed","grupof8.ely2026@gmail.com","false"
"2026-01-26","75.03","","","21.2","ARLA","","","SCN8F89","LT","","COMERCIO DE COMBUSTIVEIS CACHOEIRA LTDA","COMBUSTÍVEIS","57250","6a08712091f7ece69c3332b2","2026-05-16T13:29:04.426000","2026-05-16T13:29:04.426000","6a0720445c9dd6ed8a2275ed","grupof8.ely2026@gmail.com","false"
"2026-03-10","61.56","","","17.64","ARLA","","","SCP8F89","LT","","AUTO POSTO MASUT LTDA","COMBUSTÍVEIS","42255","6a08712091f7ece69c3332c6","2026-05-16T13:29:04.426000","2026-05-16T13:29:04.426000","6a0720445c9dd6ed8a2275ed","grupof8.ely2026@gmail.com","false"
"2026-04-30","120.92","","","40.44","ARLA","","","SCE8F89","LT","","CARRETEIRO DERIVADOS DE PETROLEO LTDA","COMBUSTÍVEIS","83969","6a08712091f7ece69c3332ac","2026-05-16T13:29:04.426000","2026-05-16T13:29:04.426000","6a0720445c9dd6ed8a2275ed","grupof8.ely2026@gmail.com","false"
"2026-03-18","86.15","","","22.97","ARLA","","","SCN8F89","LT","","COMERCIAL DERIV PETROLEO SAO CARLOS LTDA","COMBUSTÍVEIS","111590","6a08712091f7ece69c3332ba","2026-05-16T13:29:04.426000","2026-05-16T13:29:04.426000","6a0720445c9dd6ed8a2275ed","grupof8.ely2026@gmail.com","false"
"2026-01-29","62.68","","","15.71","ARLA","","","SCP8F89","LT","","PETROTRANS TRANSPORTES QUIMICOS E PETROQUIMICOS LTDA","COMBUSTÍVEIS","247855","6a08712091f7ece69c3332c2","2026-05-16T13:29:04.426000","2026-05-16T13:29:04.426000","6a0720445c9dd6ed8a2275ed","grupof8.ely2026@gmail.com","false"
"2026-03-06","159.62","","","40.01","ARLA","","","SCE8F89","LT","","QUALIS COMBUSTIVEIS LTDA","COMBUSTÍVEIS","48750","6a08712091f7ece69c3332a7","2026-05-16T13:29:04.426000","2026-05-16T13:29:04.426000","6a0720445c9dd6ed8a2275ed","grupof8.ely2026@gmail.com","false"
"2026-02-25","65.04","","","22.51","ARLA","","","SCN8F89","LT","","POSTO DA MATA COMERCIO DE COMBUSTIVEIS LTDA","COMBUSTÍVEIS","2550","6a08712091f7ece69c3332b8","2026-05-16T13:29:04.426000","2026-05-16T13:29:04.426000","6a0720445c9dd6ed8a2275ed","grupof8.ely2026@gmail.com","false"
"2026-02-20","21.74","","","6.23","ARLA","","","SDK8F89","LT","","AUTO POSTO MASUT LTDA","COMBUSTÍVEIS","41274","6a08712091f7ece69c3332da","2026-05-16T13:29:04.426000","2026-05-16T13:29:04.426000","6a0720445c9dd6ed8a2275ed","grupof8.ely2026@gmail.com","false"
"2026-03-18","15.07","","","4.58","ARLA","","","SDK8F89","LT","","TRAVESSIA IMPERIAL","COMBUSTÍVEIS","1214967","6a08712091f7ece69c3332e2","2026-05-16T13:29:04.426000","2026-05-16T13:29:04.426000","6a0720445c9dd6ed8a2275ed","grupof8.ely2026@gmail.com","false"
"2026-04-15","21.76","","","4.39","ARLA","","","SDK8F89","LT","","AUTO POSTO CORRENTE LTDA","COMBUSTÍVEIS","159863","6a08712091f7ece69c3332e9","2026-05-16T13:29:04.426000","2026-05-16T13:29:04.426000","6a0720445c9dd6ed8a2275ed","grupof8.ely2026@gmail.com","false"
"2026-02-12","68.78","","","18.34","ARLA","","","SCP8F89","LT","","COMERCIAL DERIV PETROLEO SAO CARLOS LTDA","COMBUSTÍVEIS","109538","6a08712091f7ece69c3332c4","2026-05-16T13:29:04.426000","2026-05-16T13:29:04.426000","6a0720445c9dd6ed8a2275ed","grupof8.ely2026@gmail.com","false"
"2026-01-28","97.09","","","22.32","ARLA","","","SCN8F89","LT","","POSTO MACAUBENSE VII","COMBUSTÍVEIS","43494","6a08712091f7ece69c3332b3","2026-05-16T13:29:04.426000","2026-05-16T13:29:04.426000","6a0720445c9dd6ed8a2275ed","grupof8.ely2026@gmail.com","false"
"2026-02-20","33.23","","","8.54","ARLA","","","SCN8F89","LT","","AUTO POSTO URUGUAI LTDA","COMBUSTÍVEIS","3964","6a08712091f7ece69c3332b5","2026-05-16T13:29:04.426000","2026-05-16T13:29:04.426000","6a0720445c9dd6ed8a2275ed","grupof8.ely2026@gmail.com","false"
"2026-03-19","26.57","","","6.66","ARLA","","","SDK8F89","LT","","NOROESTE DERIVADOS DE PETROLEO LTDA","COMBUSTÍVEIS","59858","6a08712091f7ece69c3332e3","2026-05-16T13:29:04.426000","2026-05-16T13:29:04.426000","6a0720445c9dd6ed8a2275ed","grupof8.ely2026@gmail.com","false"
"2026-03-03","24.27","","","6.24","ARLA","","","SDF8F89","LT","","AUTO POSTO URUGUAI LTDA","COMBUSTÍVEIS","4217","6a08712091f7ece69c3332d1","2026-05-16T13:29:04.426000","2026-05-16T13:29:04.426000","6a0720445c9dd6ed8a2275ed","grupof8.ely2026@gmail.com","false"
"2026-01-05","52.4","","","13.97","ARLA","","","SCK8F89","LT","","COMERCIAL DERIV PETROLEO SAO CARLOS LTDA","COMBUSTÍVEIS","107480","6a08712091f7ece69c3332ad","2026-05-16T13:29:04.426000","2026-05-16T13:29:04.426000","6a0720445c9dd6ed8a2275ed","grupof8.ely2026@gmail.com","false"
"2026-02-14","16.54","","","4.74","ARLA","","","SDK8F89","LT","","AUTO POSTO MASUT LTDA","COMBUSTÍVEIS","25153","6a08712091f7ece69c3332d9","2026-05-16T13:29:04.426000","2026-05-16T13:29:04.426000","6a0720445c9dd6ed8a2275ed","grupof8.ely2026@gmail.com","false"
"2026-03-25","30.61","","","9.6","ARLA","","","SDK8F89","LT","","POSTOS WK PLANALTINA LTDA","COMBUSTÍVEIS","10140","6a08712091f7ece69c3332e6","2026-05-16T13:29:04.426000","2026-05-16T13:29:04.426000","6a0720445c9dd6ed8a2275ed","grupof8.ely2026@gmail.com","false"
"2026-02-11","20.93","","","7","ARLA","","","SDF8F89","LT","","AUTO POSTO SANTA RITA","COMBUSTÍVEIS","31107","6a08712091f7ece69c3332cf","2026-05-16T13:29:04.426000","2026-05-16T13:29:04.426000","6a0720445c9dd6ed8a2275ed","grupof8.ely2026@gmail.com","false"
"2026-04-08","42.98","","","9.55","ARLA","","","SDK8F89","LT","","POSTO 3M","COMBUSTÍVEIS","29251","6a08712091f7ece69c3332e7","2026-05-16T13:29:04.426000","2026-05-16T13:29:04.426000","6a0720445c9dd6ed8a2275ed","grupof8.ely2026@gmail.com","false"
"2026-02-09","67.69","","","19.97","ARLA","","","SCK8F89","LT","","POSTO SABADIN II LTDA","COMBUSTÍVEIS","12241","6a08712091f7ece69c3332ae","2026-05-16T13:29:04.426000","2026-05-16T13:29:04.426000","6a0720445c9dd6ed8a2275ed","grupof8.ely2026@gmail.com","false"
"2026-04-11","42.69","","","10.7","ARLA","","","SDF8F89","LT","","AUTO POSTO RODOSUL","COMBUSTÍVEIS","85968","6a08712091f7ece69c3332d4","2026-05-16T13:29:04.426000","2026-05-16T13:29:04.426000","6a0720445c9dd6ed8a2275ed","grupof8.ely2026@gmail.com","false"
"2026-02-11","25.63","","","7.22","ARLA","","","SDF8F89","LT","","HOT PETRO AUTO POSTO","COMBUSTÍVEIS","211875","6a08712091f7ece69c3332d0","2026-05-16T13:29:04.426000","2026-05-16T13:29:04.426000","6a0720445c9dd6ed8a2275ed","grupof8.ely2026@gmail.com","false"
"2026-01-07","32.49","","","9.31","ARLA","","","SCP8F89","LT","","AUTO POSTO MASUT LTDA","COMBUSTÍVEIS","23728","6a08712091f7ece69c3332bf","2026-05-16T13:29:04.426000","2026-05-16T13:29:04.426000","6a0720445c9dd6ed8a2275ed","grupof8.ely2026@gmail.com","false"
"2026-02-10","13.98","","","3.95","ARLA","","","SDF8F89","LT","","POSTO TAQUARI","COMBUSTÍVEIS","68187","6a08712091f7ece69c3332ce","2026-05-16T13:29:04.426000","2026-05-16T13:29:04.426000","6a0720445c9dd6ed8a2275ed","grupof8.ely2026@gmail.com","false"
"2026-02-03","20.94","","","6","ARLA","","","SDF8F89","LT","","AUTO POSTO RINCAO LTDA","COMBUSTÍVEIS","760549","6a08712091f7ece69c3332c9","2026-05-16T13:29:04.426000","2026-05-16T13:29:04.426000","6a0720445c9dd6ed8a2275ed","grupof8.ely2026@gmail.com","false"
"2026-02-25","44.82","","","13.22","ARLA","","","SCP8F89","LT","","POSTO SABADIN II LTDA","COMBUSTÍVEIS","12666","6a08712091f7ece69c3332c5","2026-05-16T13:29:04.426000","2026-05-16T13:29:04.426000","6a0720445c9dd6ed8a2275ed","grupof8.ely2026@gmail.com","false"
"2026-02-26","16.45","","","5","ARLA","","","SDK8F89","LT","","AUTO POSTO XINGU LTDA","COMBUSTÍVEIS","93116","6a08712091f7ece69c3332dc","2026-05-16T13:29:04.426000","2026-05-16T13:29:04.426000","6a0720445c9dd6ed8a2275ed","grupof8.ely2026@gmail.com","false"
"2026-03-11","138.68","","","38.63","ARLA","","","SCE8F89","LT","","AUTO POSTO MASUT LTDA","COMBUSTÍVEIS","42318","6a08712091f7ece69c3332a8","2026-05-16T13:29:04.426000","2026-05-16T13:29:04.426000","6a0720445c9dd6ed8a2275ed","grupof8.ely2026@gmail.com","false"
"2026-02-04","16.54","","","4.88","ARLA","","","SDF8F89","LT","","POSTO ROTA 101 DERIVADOS DE PETROLEO LTDA","COMBUSTÍVEIS","717760","6a08712091f7ece69c3332ca","2026-05-16T13:29:04.426000","2026-05-16T13:29:04.426000","6a0720445c9dd6ed8a2275ed","grupof8.ely2026@gmail.com","false"
"2026-02-13","16.68","","","5.07","ARLA","","","SDK8F89","LT","","PETRO RIO COMERCIO DE DERIVADOS DE PETROLEO LTDA","COMBUSTÍVEIS","9874","6a08712091f7ece69c3332d8","2026-05-16T13:29:04.426000","2026-05-16T13:29:04.426000","6a0720445c9dd6ed8a2275ed","grupof8.ely2026@gmail.com","false"
"2026-03-14","12.89","","","4.79","ARLA","","","SDK8F89","LT","","RODOPOSTO SAO CARLOS LTDA","COMBUSTÍVEIS","269923","6a08712091f7ece69c3332df","2026-05-16T13:29:04.426000","2026-05-16T13:29:04.426000","6a0720445c9dd6ed8a2275ed","grupof8.ely2026@gmail.com","false"
"2026-03-13","24.66","","","6.34","ARLA","","","SDK8F89","LT","","AUTO POSTO URUGUAI LTDA","COMBUSTÍVEIS","274124","6a08712091f7ece69c3332dd","2026-05-16T13:29:04.426000","2026-05-16T13:29:04.426000","6a0720445c9dd6ed8a2275ed","grupof8.ely2026@gmail.com","false"
"2026-02-21","110.19","","","25.56","ARLA","","","SCN8F89","LT","","AUTO POSTO NEVES LTDA","COMBUSTÍVEIS","1500932","6a08712091f7ece69c3332b6","2026-05-16T13:29:04.426000","2026-05-16T13:29:04.426000","6a0720445c9dd6ed8a2275ed","grupof8.ely2026@gmail.com","false"
"2026-03-18","147.94","","","41.21","ARLA","","","SCE8F89","LT","","AUTO POSTO MASUT LTDA","COMBUSTÍVEIS","42755","6a08712091f7ece69c3332a9","2026-05-16T13:29:04.426000","2026-05-16T13:29:04.426000","6a0720445c9dd6ed8a2275ed","grupof8.ely2026@gmail.com","false"
"2026-04-20","249.54","","","66.54","ARLA","","","SCE8F89","LT","","COMERCIAL DERIV PETROLEO SAO CARLOS LTDA","COMBUSTÍVEIS","113367","6a08712091f7ece69c3332aa","2026-05-16T13:29:04.426000","2026-05-16T13:29:04.426000","6a0720445c9dd6ed8a2275ed","grupof8.ely2026@gmail.com","false"
"2026-04-16","96.89","","","28.58","ARLA","","","SCP8F89","LT","","POSTO SABADIN II LTDA","COMBUSTÍVEIS","438575","6a08712091f7ece69c3332c7","2026-05-16T13:29:04.426000","2026-05-16T13:29:04.426000","6a0720445c9dd6ed8a2275ed","grupof8.ely2026@gmail.com","false"
"2026-04-17","103.21","","","28.75","ARLA","","","SCK8F89","LT","","AUTO POSTO MASUT LTDA","COMBUSTÍVEIS","44306","6a08712091f7ece69c3332af","2026-05-16T13:29:04.426000","2026-05-16T13:29:04.426000","6a0720445c9dd6ed8a2275ed","grupof8.ely2026@gmail.com","false"
"2026-01-21","89.9","","","23.97","ARLA","","","SCN8F89","LT","","COMERCIAL DERIV PETROLEO SAO CARLOS LTDA","COMBUSTÍVEIS","108335","6a08712091f7ece69c3332b0","2026-05-16T13:29:04.426000","2026-05-16T13:29:04.426000","6a0720445c9dd6ed8a2275ed","grupof8.ely2026@gmail.com","false"
"2026-01-25","87.47","","","22.48","ARLA","","","SCP8F89","LT","","AUTO POSTO URUGUAI LTDA","COMBUSTÍVEIS","258712","6a08712091f7ece69c3332c0","2026-05-16T13:29:04.426000","2026-05-16T13:29:04.426000","6a0720445c9dd6ed8a2275ed","grupof8.ely2026@gmail.com","false"
"2026-03-16","19.61","","","5.96","ARLA","","","SDK8F89","LT","","RODO POSTO JUIZ DE FORA LTDA","COMBUSTÍVEIS","1711831","6a08712091f7ece69c3332e0","2026-05-16T13:29:04.426000","2026-05-16T13:29:04.426000","6a0720445c9dd6ed8a2275ed","grupof8.ely2026@gmail.com","false"
"2026-04-16","110.85","","","30.04","ARLA","","","SCN8F89","LT","","BARRIGAO COMERCIAL LTDA","COMBUSTÍVEIS","6829","6a08712091f7ece69c3332bb","2026-05-16T13:29:04.426000","2026-05-16T13:29:04.426000","6a0720445c9dd6ed8a2275ed","grupof8.ely2026@gmail.com","false"
"2026-01-30","11.39","","","3.01","ARLA","","","SDF8F89","LT","","DECIO COMERCIO E SERVICOS RODOVIARIOS LTDA","COMBUSTÍVEIS","35465","6a08712091f7ece69c3332c8","2026-05-16T13:29:04.426000","2026-05-16T13:29:04.426000","6a0720445c9dd6ed8a2275ed","grupof8.ely2026@gmail.com","false"
"2026-03-13","23.94","","","1","ARLA","","","SDK8F89","LT","","AUTO POSTO PAMPLONA LTDA","COMBUSTÍVEIS","668426","6a08712091f7ece69c3332de","2026-05-16T13:29:04.426000","2026-05-16T13:29:04.426000","6a0720445c9dd6ed8a2275ed","grupof8.ely2026@gmail.com","false"
"2026-02-12","95.63","","","24.59","ARLA","","","SCA8F89","LT","","AUTO POSTO URUGUAI LTDA","COMBUSTÍVEIS","3821","6a08712091f7ece69c33328a","2026-05-16T13:29:04.425000","2026-05-16T13:29:04.425000","6a0720445c9dd6ed8a2275ed","grupof8.ely2026@gmail.com","false"
"2026-03-19","78.99","","","18.5","ARLA","","","SCB8F89","LT","","POSTO MEIRA COMERCIO DE COMBUSTIVEIS LTDA","COMBUSTÍVEIS","6664","6a08712091f7ece69c33329c","2026-05-16T13:29:04.425000","2026-05-16T13:29:04.425000","6a0720445c9dd6ed8a2275ed","grupof8.ely2026@gmail.com","false"
"2026-02-26","79.31","","","20.93","ARLA","","","SCB8F89","LT","","DECIO COMERCIO E SERVICOS RODOVIARIOS LTDA","COMBUSTÍVEIS","35841","6a08712091f7ece69c333299","2026-05-16T13:29:04.425000","2026-05-16T13:29:04.425000","6a0720445c9dd6ed8a2275ed","grupof8.ely2026@gmail.com","false"
"2026-03-25","100.02","","","27.86","ARLA","","","SCA8F89","LT","","AUTO POSTO MASUT LTDA","COMBUSTÍVEIS","43159","6a08712091f7ece69c33328e","2026-05-16T13:29:04.425000","2026-05-16T13:29:04.425000","6a0720445c9dd6ed8a2275ed","grupof8.ely2026@gmail.com","false"
"2026-02-24","135.42","","","35.73","ARLA","","","SCE8F89","LT","","DECIO COMERCIO E SERVICOS RODOVIARIOS LTDA","COMBUSTÍVEIS","57751","6a08712091f7ece69c3332a5","2026-05-16T13:29:04.425000","2026-05-16T13:29:04.425000","6a0720445c9dd6ed8a2275ed","grupof8.ely2026@gmail.com","false"
"2026-03-19","91.06","","","24.03","ARLA","","","SCA8F89","LT","","DECIO COMERCIO E SERVICOS RODOVIARIOS LTDA","COMBUSTÍVEIS","64315","6a08712091f7ece69c33328d","2026-05-16T13:29:04.425000","2026-05-16T13:29:04.425000","6a0720445c9dd6ed8a2275ed","grupof8.ely2026@gmail.com","false"
"2026-02-07","100.86","","","23.62","ARLA","","","SCB8F89","LT","","POSTO MEIRA COMERCIO DE COMBUSTIVEIS LTDA","COMBUSTÍVEIS","5882","6a08712091f7ece69c333297","2026-05-16T13:29:04.425000","2026-05-16T13:29:04.425000","6a0720445c9dd6ed8a2275ed","grupof8.ely2026@gmail.com","false"
"2026-02-27","71.87","","","21.2","ARLA","","","SCE8F89","LT","","RODOVIA COMERCIO DE COMBUSTIVEIS E DERIVADOS LTDA","COMBUSTÍVEIS","167944","6a08712091f7ece69c3332a6","2026-05-16T13:29:04.425000","2026-05-16T13:29:04.425000","6a0720445c9dd6ed8a2275ed","grupof8.ely2026@gmail.com","false"
"2026-03-31","279.99","","","74.66","ARLA","","","RCJ1E32","LT","","COMERCIAL DERIV PETROLEO SAO CARLOS LTDA","COMBUSTÍVEIS","112302","6a08712091f7ece69c33327f","2026-05-16T13:29:04.425000","2026-05-16T13:29:04.425000","6a0720445c9dd6ed8a2275ed","grupof8.ely2026@gmail.com","false"
"2026-04-30","151.1","","","42.09","ARLA","","","RCJ1E32","LT","","AUTO POSTO MASUT LTDA","COMBUSTÍVEIS","45055","6a08712091f7ece69c333282","2026-05-16T13:29:04.425000","2026-05-16T13:29:04.425000","6a0720445c9dd6ed8a2275ed","grupof8.ely2026@gmail.com","false"
"2026-01-16","82.29","","","23.58","ARLA","","","SCE8F89","LT","","AUTO POSTO MASUT LTDA","COMBUSTÍVEIS","24037","6a08712091f7ece69c3332a0","2026-05-16T13:29:04.425000","2026-05-16T13:29:04.425000","6a0720445c9dd6ed8a2275ed","grupof8.ely2026@gmail.com","false"
"2026-01-07","59.45","","","15.85","ARLA","","","SCB8F89","LT","","COMERCIAL DERIV PETROLEO SAO CARLOS LTDA","COMBUSTÍVEIS","107614","6a08712091f7ece69c333294","2026-05-16T13:29:04.425000","2026-05-16T13:29:04.425000","6a0720445c9dd6ed8a2275ed","grupof8.ely2026@gmail.com","false"
"2026-01-18","82.51","","","25.08","ARLA","","","SCB8F89","LT","","POSTO DOM PEDRO FREI INOCENCIO","COMBUSTÍVEIS","64960","6a08712091f7ece69c333295","2026-05-16T13:29:04.425000","2026-05-16T13:29:04.425000","6a0720445c9dd6ed8a2275ed","grupof8.ely2026@gmail.com","false"
"2026-02-04","161.48","","","46.27","ARLA","","","SCE8F89","LT","","AUTO POSTO MASUT LTDA","COMBUSTÍVEIS","24759","6a08712091f7ece69c3332a3","2026-05-16T13:29:04.425000","2026-05-16T13:29:04.425000","6a0720445c9dd6ed8a2275ed","grupof8.ely2026@gmail.com","false"
"2026-04-28","206.75","","","57.59","ARLA","","","RCJ1E32","LT","","AUTO POSTO MASUT LTDA","COMBUSTÍVEIS","44919","6a08712091f7ece69c333281","2026-05-16T13:29:04.425000","2026-05-16T13:29:04.425000","6a0720445c9dd6ed8a2275ed","grupof8.ely2026@gmail.com","false"
"2026-01-29","220.04","","","63.05","ARLA","","","RCJ1E32","LT","","AUTO POSTO MASUT LTDA","COMBUSTÍVEIS","24504","6a08712091f7ece69c33327b","2026-05-16T13:29:04.425000","2026-05-16T13:29:04.425000","6a0720445c9dd6ed8a2275ed","grupof8.ely2026@gmail.com","false"
"2026-04-10","204.5","","","53.96","ARLA","","","RCN5F85","LT","","DECIO COMERCIO E SERVICOS RODOVIARIOS LTDA","COMBUSTÍVEIS","69504","6a08712091f7ece69c333285","2026-05-16T13:29:04.425000","2026-05-16T13:29:04.425000","6a0720445c9dd6ed8a2275ed","grupof8.ely2026@gmail.com","false"
"2026-04-24","117.83","","","26.84","ARLA","","","SCA8F89","LT","","POSTO SÃO ROQUE CONQUISTA ANÁPOLIS LTDA","COMBUSTÍVEIS","11502","6a08712091f7ece69c333292","2026-05-16T13:29:04.425000","2026-05-16T13:29:04.425000","6a0720445c9dd6ed8a2275ed","grupof8.ely2026@gmail.com","false"
"2026-04-09","101.84","","","23.2","ARLA","","","SCA8F89","LT","","POSTO SÃO ROQUE CONQUISTA ANÁPOLIS LTDA","COMBUSTÍVEIS","10926","6a08712091f7ece69c333290","2026-05-16T13:29:04.425000","2026-05-16T13:29:04.425000","6a0720445c9dd6ed8a2275ed","grupof8.ely2026@gmail.com","false"
"2026-04-01","84.07","","","21.07","ARLA","","","SCA8F89","LT","","L T LOGISTICA DE COMERCIO DE COMBUSTIVEL LTDA","COMBUSTÍVEIS","35620","6a08712091f7ece69c33328f","2026-05-16T13:29:04.425000","2026-05-16T13:29:04.425000","6a0720445c9dd6ed8a2275ed","grupof8.ely2026@gmail.com","false"
"2026-03-12","85.8","","","23.9","ARLA","","","SCA8F89","LT","","AUTO POSTO MASUT LTDA","COMBUSTÍVEIS","42393","6a08712091f7ece69c33328c","2026-05-16T13:29:04.425000","2026-05-16T13:29:04.425000","6a0720445c9dd6ed8a2275ed","grupof8.ely2026@gmail.com","false"
"2026-01-13","262.76","","","70.06","ARLA","","","RCJ1E32","LT","","COMERCIAL DERIV PETROLEO SAO CARLOS LTDA","COMBUSTÍVEIS","107905","6a08712091f7ece69c333279","2026-05-16T13:29:04.425000","2026-05-16T13:29:04.425000","6a0720445c9dd6ed8a2275ed","grupof8.ely2026@gmail.com","false"
"2026-02-02","191.32","","","54.82","ARLA","","","RCJ1E32","LT","","AUTO POSTO MASUT LTDA","COMBUSTÍVEIS","24677","6a08712091f7ece69c33327c","2026-05-16T13:29:04.425000","2026-05-16T13:29:04.425000","6a0720445c9dd6ed8a2275ed","grupof8.ely2026@gmail.com","false"
"2026-03-21","137.75","","","38.37","ARLA","","","RCN5F85","LT","","AUTO POSTO MASUT LTDA","COMBUSTÍVEIS","42889","6a08712091f7ece69c333284","2026-05-16T13:29:04.425000","2026-05-16T13:29:04.425000","6a0720445c9dd6ed8a2275ed","grupof8.ely2026@gmail.com","false"
"2026-02-28","97.66","","","26.04","ARLA","","","SCA8F89","LT","","COMERCIAL DERIV PETROLEO SAO CARLOS LTDA","COMBUSTÍVEIS","110438","6a08712091f7ece69c33328b","2026-05-16T13:29:04.425000","2026-05-16T13:29:04.425000","6a0720445c9dd6ed8a2275ed","grupof8.ely2026@gmail.com","false"
"2026-01-27","62.43","","","19.57","ARLA","","","SCA8F89","LT","","CENTRO AUTOMOTIVO BANDEIRANTE LTDA","COMBUSTÍVEIS","59669","6a08712091f7ece69c333289","2026-05-16T13:29:04.425000","2026-05-16T13:29:04.425000","6a0720445c9dd6ed8a2275ed","grupof8.ely2026@gmail.com","false"
"2026-01-21","182.33","","","48.11","ARLA","","","SCE8F89","LT","","DECIO COMERCIO E SERVICOS RODOVIARIOS LTDA","COMBUSTÍVEIS","49810","6a08712091f7ece69c3332a1","2026-05-16T13:29:04.425000","2026-05-16T13:29:04.425000","6a0720445c9dd6ed8a2275ed","grupof8.ely2026@gmail.com","false"
"2026-02-12","230.69","","","66.1","ARLA","","","SCE8F89","LT","","AUTO POSTO MASUT LTDA","COMBUSTÍVEIS","25083","6a08712091f7ece69c3332a4","2026-05-16T13:29:04.425000","2026-05-16T13:29:04.425000","6a0720445c9dd6ed8a2275ed","grupof8.ely2026@gmail.com","false"
"2026-03-03","93.01","","","28.27","ARLA","","","SCB8F89","LT","","RODOPOSTO CORAL LTDA","COMBUSTÍVEIS","160130","6a08712091f7ece69c33329a","2026-05-16T13:29:04.425000","2026-05-16T13:29:04.425000","6a0720445c9dd6ed8a2275ed","grupof8.ely2026@gmail.com","false"
"2026-03-21","260.53","","","72.57","ARLA","","","RCJ1E32","LT","","AUTO POSTO MASUT LTDA","COMBUSTÍVEIS","42892","6a08712091f7ece69c33327e","2026-05-16T13:29:04.425000","2026-05-16T13:29:04.425000","6a0720445c9dd6ed8a2275ed","grupof8.ely2026@gmail.com","false"
"2026-01-12","76.37","","","23.94","ARLA","","","SCA8F89","LT","","CENTRO AUTOMOTIVO BANDEIRANTE LTDA","COMBUSTÍVEIS","58420","6a08712091f7ece69c333288","2026-05-16T13:29:04.425000","2026-05-16T13:29:04.425000","6a0720445c9dd6ed8a2275ed","grupof8.ely2026@gmail.com","false"
"2026-01-21","127.12","","","31.86","ARLA","","","RCJ1E32","LT","","REDE DE POSTOS MARAJÓ HIDROLÂNDIA LTDA","COMBUSTÍVEIS","156651","6a08712091f7ece69c33327a","2026-05-16T13:29:04.425000","2026-05-16T13:29:04.425000","6a0720445c9dd6ed8a2275ed","grupof8.ely2026@gmail.com","false"
"2026-02-11","107.35","","","30.76","ARLA","","","RCN5F85","LT","","AUTO POSTO MASUT LTDA","COMBUSTÍVEIS","25051","6a08712091f7ece69c333283","2026-05-16T13:29:04.425000","2026-05-16T13:29:04.425000","6a0720445c9dd6ed8a2275ed","grupof8.ely2026@gmail.com","false"
"2026-01-06","62.77","","","21.72","ARLA","","","SCA8F89","LT","","POSTO DA MATA COMERCIO DE COMBUSTIVEIS LTDA","COMBUSTÍVEIS","2360","6a08712091f7ece69c333287","2026-05-16T13:29:04.425000","2026-05-16T13:29:04.425000","6a0720445c9dd6ed8a2275ed","grupof8.ely2026@gmail.com","false"
"2026-04-16","105.53","","","28.91","ARLA","","","SCA8F89","LT","","HOT PETRO AUTO POSTO","COMBUSTÍVEIS","11430","6a08712091f7ece69c333291","2026-05-16T13:29:04.425000","2026-05-16T13:29:04.425000","6a0720445c9dd6ed8a2275ed","grupof8.ely2026@gmail.com","false"
"2026-01-22","98.35","","","28.18","ARLA","","","SCB8F89","LT","","AUTO POSTO MASUT LTDA","COMBUSTÍVEIS","24244","6a08712091f7ece69c333296","2026-05-16T13:29:04.425000","2026-05-16T13:29:04.425000","6a0720445c9dd6ed8a2275ed","grupof8.ely2026@gmail.com","false"
"2026-04-23","175.66","","","48.93","ARLA","","","RCJ1E32","LT","","AUTO POSTO MASUT LTDA","COMBUSTÍVEIS","44642","6a08712091f7ece69c333280","2026-05-16T13:29:04.425000","2026-05-16T13:29:04.425000","6a0720445c9dd6ed8a2275ed","grupof8.ely2026@gmail.com","false"
"2026-04-22","106.69","","","29.72","ARLA","","","SCB8F89","LT","","AUTO POSTO MASUT LTDA","COMBUSTÍVEIS","44591","6a08712091f7ece69c33329e","2026-05-16T13:29:04.425000","2026-05-16T13:29:04.425000","6a0720445c9dd6ed8a2275ed","grupof8.ely2026@gmail.com","false"
"2026-03-22","93.76","","","26.79","ARLA","","","SCB8F89","LT","","SERVICENTRO OLIVEIRA RIOS LTDA","COMBUSTÍVEIS","34271","6a08712091f7ece69c33329d","2026-05-16T13:29:04.425000","2026-05-16T13:29:04.425000","6a0720445c9dd6ed8a2275ed","grupof8.ely2026@gmail.com","false"
"2026-01-20","36.68","","","7.35","ARLA","","","FIL2E25","LT","","SANTA MARIA DERIVADOS DE PETROLEO LTDA","COMBUSTÍVEIS","83613","6a08712091f7ece69c333277","2026-05-16T13:29:04.425000","2026-05-16T13:29:04.425000","6a0720445c9dd6ed8a2275ed","grupof8.ely2026@gmail.com","false"
"2026-01-29","80.24","","","20.11","ARLA","","","SCE8F89","LT","","REDE DE POSTOS MARAJO GRANDE GOIANIA LTDA","COMBUSTÍVEIS","291221","6a08712091f7ece69c3332a2","2026-05-16T13:29:04.425000","2026-05-16T13:29:04.425000","6a0720445c9dd6ed8a2275ed","grupof8.ely2026@gmail.com","false"
"2026-03-17","66.2","","","18.44","ARLA","","","SCB8F89","LT","","AUTO POSTO MASUT LTDA","COMBUSTÍVEIS","42701","6a08712091f7ece69c33329b","2026-05-16T13:29:04.425000","2026-05-16T13:29:04.425000","6a0720445c9dd6ed8a2275ed","grupof8.ely2026@gmail.com","false"
"2026-01-13","121.33","","","32.01","ARLA","","","SCE8F89","LT","","DECIO COMERCIO E SERVICOS RODOVIARIOS LTDA","COMBUSTÍVEIS","48082","6a08712091f7ece69c33329f","2026-05-16T13:29:04.425000","2026-05-16T13:29:04.425000","6a0720445c9dd6ed8a2275ed","grupof8.ely2026@gmail.com","false"
"2026-03-23","84.19","","","24.84","ARLA","","","FON1F81","LT","","POSTO TUPY ELOI MENDES","COMBUSTÍVEIS","1391","6a08712091f7ece69c333278","2026-05-16T13:29:04.425000","2026-05-16T13:29:04.425000","6a0720445c9dd6ed8a2275ed","grupof8.ely2026@gmail.com","false"
"2026-02-09","65.93","","","20.04","ARLA","","","SCB8F89","LT","","POSTO DOM PEDRO FREI INOCENCIO","COMBUSTÍVEIS","65941","6a08712091f7ece69c333298","2026-05-16T13:29:04.425000","2026-05-16T13:29:04.425000","6a0720445c9dd6ed8a2275ed","grupof8.ely2026@gmail.com","false"
"2026-04-29","178.39","","","47.07","ARLA","","","RCN5F85","LT","","CINQUENTAO COMERCIO DE COMBUSTIVEIS LTDA","COMBUSTÍVEIS","9603","6a08712091f7ece69c333286","2026-05-16T13:29:04.425000","2026-05-16T13:29:04.425000","6a0720445c9dd6ed8a2275ed","grupof8.ely2026@gmail.com","false"
"2026-02-05","150.94","","","43.25","ARLA","","","RCJ1E32","LT","","AUTO POSTO MASUT LTDA","COMBUSTÍVEIS","24809","6a08712091f7ece69c33327d","2026-05-16T13:29:04.425000","2026-05-16T13:29:04.425000","6a0720445c9dd6ed8a2275ed","grupof8.ely2026@gmail.com","false"
"2026-04-30","119.31","","","31.48","ARLA","","","SCA8F89","LT","","SAO ROQUE MORRINHOS COMERCIO VAREJISTA DE COMBUSTIVEIS LTDA","COMBUSTÍVEIS","62000","6a08712091f7ece69c333293","2026-05-16T13:29:04.425000","2026-05-16T13:29:04.425000","6a0720445c9dd6ed8a2275ed","grupof8.ely2026@gmail.com","false"
"2026-03-04","181.62","","","34.92","GASOLINA","","","TGE8F88","LT","","AUTO POSTO SAO JOAO LTDA","COMBUSTÍVEIS","262675","6a08706592b3075aa6a72dc7","2026-05-16T13:25:57.641000","2026-05-16T13:25:57.641000","6a0720445c9dd6ed8a2275ed","grupof8.ely2026@gmail.com","false"
"2026-04-30","310.01","","","44.67","GASOLINA","","","SDF7I44","LT","","TRÊS BARRAS COMBUSTÍVEIS LTDA","COMBUSTÍVEIS","31549","6a08706592b3075aa6a72dbc","2026-05-16T13:25:57.641000","2026-05-16T13:25:57.641000","6a0720445c9dd6ed8a2275ed","grupof8.ely2026@gmail.com","false"
"2026-01-09","240.2","","","47.19","GASOLINA","","","TGE8F88","LT","","MP LOGISTICA COMBUSTIVEIS E CONVENIENCIA LTDA","COMBUSTÍVEIS","308856","6a08706592b3075aa6a72dc3","2026-05-16T13:25:57.641000","2026-05-16T13:25:57.641000","6a0720445c9dd6ed8a2275ed","grupof8.ely2026@gmail.com","false"
"2026-01-15","110.01","","","20.99","GASOLINA","","","SDF7I44","LT","","TRÊS BARRAS COMBUSTÍVEIS LTDA","COMBUSTÍVEIS","18911","6a08706592b3075aa6a72dba","2026-05-16T13:25:57.641000","2026-05-16T13:25:57.641000","6a0720445c9dd6ed8a2275ed","grupof8.ely2026@gmail.com","false"
"2026-03-19","290.96","","","42.23","GASOLINA","","","TGE8F88","LT","","POSTO GALVAO BRASIL LTDA","COMBUSTÍVEIS","49155","6a08706592b3075aa6a72dc8","2026-05-16T13:25:57.641000","2026-05-16T13:25:57.641000","6a0720445c9dd6ed8a2275ed","grupof8.ely2026@gmail.com","false"
"2026-03-07","328.99","","","51.81","GASOLINA","","","TGB8F88","LT","","HOT PETRO AUTO POSTO","COMBUSTÍVEIS","11263","6a08706592b3075aa6a72dc2","2026-05-16T13:25:57.641000","2026-05-16T13:25:57.641000","6a0720445c9dd6ed8a2275ed","grupof8.ely2026@gmail.com","false"
"2026-02-02","111.95","","","17.94","GASOLINA","","","TGB8F88","LT","","PETRO RIO COMERCIO DE DERIVADOS DE PETROLEO LTDA","COMBUSTÍVEIS","593936","6a08706592b3075aa6a72dc1","2026-05-16T13:25:57.641000","2026-05-16T13:25:57.641000","6a0720445c9dd6ed8a2275ed","grupof8.ely2026@gmail.com","false"
"2026-04-01","112.02","","","14.03","GASOLINA","","","TGA8F88","LT","","POSTO DE COMBUSTIVEIS RIO CORRENTINA 1 LTDA","COMBUSTÍVEIS","812448","6a08706592b3075aa6a72dbf","2026-05-16T13:25:57.641000","2026-05-16T13:25:57.641000","6a0720445c9dd6ed8a2275ed","grupof8.ely2026@gmail.com","false"
"2026-01-06","470.11","","","73.57","GASOLINA","","","SCU8F80","LT","","MP LOGISTICA COMBUSTIVEIS E CONVENIENCIA LTDA","COMBUSTÍVEIS","308499","6a08706592b3075aa6a72db4","2026-05-16T13:25:57.641000","2026-05-16T13:25:57.641000","6a0720445c9dd6ed8a2275ed","grupof8.ely2026@gmail.com","false"
"2026-01-29","30.05","","","4.44","GASOLINA","","","TGB8F88","LT","","AUTO POSTO PORTAL","COMBUSTÍVEIS","203281","6a08706592b3075aa6a72dc0","2026-05-16T13:25:57.641000","2026-05-16T13:25:57.641000","6a0720445c9dd6ed8a2275ed","grupof8.ely2026@gmail.com","false"
"2026-04-27","462.41","","","66.63","GASOLINA","","","SCU8F80","LT","","AUTO POSTO NOVO MILLENIUM LTDA","COMBUSTÍVEIS","198850","6a08706592b3075aa6a72db6","2026-05-16T13:25:57.641000","2026-05-16T13:25:57.641000","6a0720445c9dd6ed8a2275ed","grupof8.ely2026@gmail.com","false"
"2026-01-08","100","","","19.08","GASOLINA","","","SDF7I44","LT","","TRÊS BARRAS COMBUSTÍVEIS LTDA","COMBUSTÍVEIS","18091","6a08706592b3075aa6a72db8","2026-05-16T13:25:57.641000","2026-05-16T13:25:57.641000","6a0720445c9dd6ed8a2275ed","grupof8.ely2026@gmail.com","false"
"2026-03-31","274.03","","","41.27","GASOLINA","","","TGA8F88","LT","","POSTO SERTANEJO","COMBUSTÍVEIS","863361","6a08706592b3075aa6a72dbe","2026-05-16T13:25:57.641000","2026-05-16T13:25:57.641000","6a0720445c9dd6ed8a2275ed","grupof8.ely2026@gmail.com","false"
"2026-01-12","238.89","","","45.59","GASOLINA","","","SDF7I44","LT","","TRÊS BARRAS COMBUSTÍVEIS LTDA","COMBUSTÍVEIS","18455","6a08706592b3075aa6a72db9","2026-05-16T13:25:57.641000","2026-05-16T13:25:57.641000","6a0720445c9dd6ed8a2275ed","grupof8.ely2026@gmail.com","false"
"2026-04-08","298.59","","","49.84","GASOLINA","","","SDF7I44","LT","","TRÊS BARRAS COMBUSTÍVEIS LTDA","COMBUSTÍVEIS","28995","6a08706592b3075aa6a72dbb","2026-05-16T13:25:57.641000","2026-05-16T13:25:57.641000","6a0720445c9dd6ed8a2275ed","grupof8.ely2026@gmail.com","false"
"2026-01-15","174.33","","","33.59","GASOLINA","","","TGE8F88","LT","","POSTO ALDEIA LTDA","COMBUSTÍVEIS","40262","6a08706592b3075aa6a72dc4","2026-05-16T13:25:57.641000","2026-05-16T13:25:57.641000","6a0720445c9dd6ed8a2275ed","grupof8.ely2026@gmail.com","false"
"2026-03-30","141.6","","","22.16","GASOLINA","","","TGA8F88","LT","","CAPUL","COMBUSTÍVEIS","757684","6a08706592b3075aa6a72dbd","2026-05-16T13:25:57.641000","2026-05-16T13:25:57.641000","6a0720445c9dd6ed8a2275ed","grupof8.ely2026@gmail.com","false"
"2026-01-06","246.8","","","47.09","GASOLINA","","","SDF7I44","LT","","TRÊS BARRAS COMBUSTÍVEIS LTDA","COMBUSTÍVEIS","17770","6a08706592b3075aa6a72db7","2026-05-16T13:25:57.641000","2026-05-16T13:25:57.641000","6a0720445c9dd6ed8a2275ed","grupof8.ely2026@gmail.com","false"
"2026-03-03","120.62","","","19.18","GASOLINA","","","TGE8F88","LT","","POSTO KALILANDIA LTDA","COMBUSTÍVEIS","60272","6a08706592b3075aa6a72dc5","2026-05-16T13:25:57.641000","2026-05-16T13:25:57.641000","6a0720445c9dd6ed8a2275ed","grupof8.ely2026@gmail.com","false"
"2026-03-27","489.36","","","75.4","GASOLINA","","","SCU8F80","LT","","AUTO POSTO NOVO MILLENIUM LTDA","COMBUSTÍVEIS","881","6a08706592b3075aa6a72db5","2026-05-16T13:25:57.641000","2026-05-16T13:25:57.641000","6a0720445c9dd6ed8a2275ed","grupof8.ely2026@gmail.com","false"
"2026-03-03","235.5","","","36.97","GASOLINA","","","TGE8F88","LT","","SANTA HELENA COMBUSTIVEIS","COMBUSTÍVEIS","304849","6a08706592b3075aa6a72dc6","2026-05-16T13:25:57.641000","2026-05-16T13:25:57.641000","6a0720445c9dd6ed8a2275ed","grupof8.ely2026@gmail.com","false"
"2026-02-04","227.02","","","1","GASOLINA","","","RTK7F94","LT","","POSTO Z + Z T-63 LTDA","COMBUSTÍVEIS","321","6a08706592b3075aa6a72db1","2026-05-16T13:25:57.640000","2026-05-16T13:25:57.640000","6a0720445c9dd6ed8a2275ed","grupof8.ely2026@gmail.com","false"
"2026-03-06","206.01","","","31.5","GASOLINA","","","RTK7F94","LT","","AMF COMERCIAL DE DERIVADOS DE PETROLEO LTDA","COMBUSTÍVEIS","478919","6a08706592b3075aa6a72db3","2026-05-16T13:25:57.640000","2026-05-16T13:25:57.640000","6a0720445c9dd6ed8a2275ed","grupof8.ely2026@gmail.com","false"
"2026-02-23","255.25","","","39.33","GASOLINA","","","RTK7F94","LT","","AUTO POSTO URUGUAI LTDA","COMBUSTÍVEIS","268511","6a08706592b3075aa6a72db2","2026-05-16T13:25:57.640000","2026-05-16T13:25:57.640000","6a0720445c9dd6ed8a2275ed","grupof8.ely2026@gmail.com","false"
"2026-04-28","157.93","","","32.97","ETANOL","","","TGE8F88","LT","","DECIO COMERCIO E SERVICOS RODOVIARIOS LTDA","COMBUSTÍVEIS","346559","6a086ed4a508cd541f58b2b2","2026-05-16T13:19:16.029000","2026-05-16T13:19:16.029000","6a0720445c9dd6ed8a2275ed","grupof8.ely2026@gmail.com","false"
"2026-04-29","139.98","","","32.18","ETANOL","","","TGE8F88","LT","","CENTRO COMERCIAL CAMPESTRE E SERVICOS LTDA","COMBUSTÍVEIS","226655","6a086ed4a508cd541f58b2b4","2026-05-16T13:19:16.029000","2026-05-16T13:19:16.029000","6a0720445c9dd6ed8a2275ed","grupof8.ely2026@gmail.com","false"
"2026-04-29","205.37","","","40.91","ETANOL","","","TGE8F88","LT","","POSTO BRESCIA","COMBUSTÍVEIS","348406","6a086ed4a508cd541f58b2b5","2026-05-16T13:19:16.029000","2026-05-16T13:19:16.029000","6a0720445c9dd6ed8a2275ed","grupof8.ely2026@gmail.com","false"
"2026-04-29","199.96","","","38.16","ETANOL","","","TGE8F88","LT","","AUTO POSTO BAUS LTDA","COMBUSTÍVEIS","109892","6a086ed4a508cd541f58b2b3","2026-05-16T13:19:16.029000","2026-05-16T13:19:16.029000","6a0720445c9dd6ed8a2275ed","grupof8.ely2026@gmail.com","false"
"2026-03-16","177.95","","","36.39","ETANOL","","","TGE8F88","LT","","POSTO PRATAO LTDA","COMBUSTÍVEIS","87558","6a086ed4a508cd541f58b295","2026-05-16T13:19:16.028000","2026-05-16T13:19:16.028000","6a0720445c9dd6ed8a2275ed","grupof8.ely2026@gmail.com","false"
"2026-01-20","245.69","","","50.45","ETANOL","","","TGE8F88","LT","","POSTO NUNES LTDA","COMBUSTÍVEIS","14934","6a086ed4a508cd541f58b26f","2026-05-16T13:19:16.028000","2026-05-16T13:19:16.028000","6a0720445c9dd6ed8a2275ed","grupof8.ely2026@gmail.com","false"
"2026-04-01","211.03","","","42.29","ETANOL","","","TGE8F88","LT","","POSTO GALVAO BRASIL LTDA","COMBUSTÍVEIS","349509","6a086ed4a508cd541f58b2a0","2026-05-16T13:19:16.028000","2026-05-16T13:19:16.028000","6a0720445c9dd6ed8a2275ed","grupof8.ely2026@gmail.com","false"
"2026-03-11","223.61","","","39.23","ETANOL","","","TGE8F88","LT","","POSTO AZEVEDO","COMBUSTÍVEIS","532456","6a086ed4a508cd541f58b28f","2026-05-16T13:19:16.028000","2026-05-16T13:19:16.028000","6a0720445c9dd6ed8a2275ed","grupof8.ely2026@gmail.com","false"
"2026-04-28","99.99","","","21.18","ETANOL","","","TGE8F88","LT","","PETROMASTTER","COMBUSTÍVEIS","24602","6a086ed4a508cd541f58b2b0","2026-05-16T13:19:16.028000","2026-05-16T13:19:16.028000","6a0720445c9dd6ed8a2275ed","grupof8.ely2026@gmail.com","false"
"2026-04-14","260.57","","","40.15","ETANOL","","","TGE8F88","LT","","POSTO SABRINA II","COMBUSTÍVEIS","727419","6a086ed4a508cd541f58b2a7","2026-05-16T13:19:16.028000","2026-05-16T13:19:16.028000","6a0720445c9dd6ed8a2275ed","grupof8.ely2026@gmail.com","false"
"2026-01-22","157.46","","","30.34","ETANOL","","","TGE8F88","LT","","POSTO KARAKA DERIVADOS DE PETROLEO LTDA","COMBUSTÍVEIS","6696","6a086ed4a508cd541f58b270","2026-05-16T13:19:16.028000","2026-05-16T13:19:16.028000","6a0720445c9dd6ed8a2275ed","grupof8.ely2026@gmail.com","false"
"2026-02-03","239.98","","","50.1","ETANOL","","","TGE8F88","LT","","IPETRO COMERCIO DE COMBUSTIVEIS LTDA","COMBUSTÍVEIS","739128","6a086ed4a508cd541f58b279","2026-05-16T13:19:16.028000","2026-05-16T13:19:16.028000","6a0720445c9dd6ed8a2275ed","grupof8.ely2026@gmail.com","false"
"2026-04-06","226.9","","","46.4","ETANOL","","","TGD8F88","LT","","AUTO POSTO URUGUAI LTDA","COMBUSTÍVEIS","280876","6a086ed4a508cd541f58b26a","2026-05-16T13:19:16.028000","2026-05-16T13:19:16.028000","6a0720445c9dd6ed8a2275ed","grupof8.ely2026@gmail.com","false"
"2026-01-28","233.46","","","48.74","ETANOL","","","TGE8F88","LT","","IPETRO COMERCIO DE COMBUSTIVEIS LTDA","COMBUSTÍVEIS","738325","6a086ed4a508cd541f58b274","2026-05-16T13:19:16.028000","2026-05-16T13:19:16.028000","6a0720445c9dd6ed8a2275ed","grupof8.ely2026@gmail.com","false"
"2026-03-30","177.99","","","36.03","ETANOL","","","TGE8F88","LT","","POSTO 3M","COMBUSTÍVEIS","214585","6a086ed4a508cd541f58b29e","2026-05-16T13:19:16.028000","2026-05-16T13:19:16.028000","6a0720445c9dd6ed8a2275ed","grupof8.ely2026@gmail.com","false"
"2026-01-14","282.51","","","49.39","ETANOL","","","TGE8F88","LT","","POSTO Z+Z 136 LTDA","COMBUSTÍVEIS","2276969","6a086ed4a508cd541f58b26d","2026-05-16T13:19:16.028000","2026-05-16T13:19:16.028000","6a0720445c9dd6ed8a2275ed","grupof8.ely2026@gmail.com","false"
"2026-03-01","137.01","","","27.46","ETANOL","","","TGE8F88","LT","","AUTO POSTO DDD LTDA","COMBUSTÍVEIS","8739","6a086ed4a508cd541f58b285","2026-05-16T13:19:16.028000","2026-05-16T13:19:16.028000","6a0720445c9dd6ed8a2275ed","grupof8.ely2026@gmail.com","false"
"2026-04-16","162.05","","","32.54","ETANOL","","","TGE8F88","LT","","AUTO POSTO CHAVES LTDA","COMBUSTÍVEIS","2110415","6a086ed4a508cd541f58b2aa","2026-05-16T13:19:16.028000","2026-05-16T13:19:16.028000","6a0720445c9dd6ed8a2275ed","grupof8.ely2026@gmail.com","false"
"2026-03-31","117.21","","","23.97","ETANOL","","","TGD8F88","LT","","AUTO POSTO URUGUAI LTDA","COMBUSTÍVEIS","279236","6a086ed4a508cd541f58b269","2026-05-16T13:19:16.028000","2026-05-16T13:19:16.028000","6a0720445c9dd6ed8a2275ed","grupof8.ely2026@gmail.com","false"
"2026-02-10","246.33","","","47.01","ETANOL","","","TGE8F88","LT","","AUTO POSTO CASCAVEL LTDA","COMBUSTÍVEIS","363665","6a086ed4a508cd541f58b27b","2026-05-16T13:19:16.028000","2026-05-16T13:19:16.028000","6a0720445c9dd6ed8a2275ed","grupof8.ely2026@gmail.com","false"
"2026-03-10","200.07","","","29.25","ETANOL","","","TGE8F88","LT","","SANTA HELENA COMBUSTIVEIS","COMBUSTÍVEIS","306189","6a086ed4a508cd541f58b28e","2026-05-16T13:19:16.028000","2026-05-16T13:19:16.028000","6a0720445c9dd6ed8a2275ed","grupof8.ely2026@gmail.com","false"
"2026-04-11","216.33","","","25.48","ETANOL","","","TGE8F88","LT","","POSTO SABRINA II","COMBUSTÍVEIS","726942","6a086ed4a508cd541f58b2a5","2026-05-16T13:19:16.028000","2026-05-16T13:19:16.028000","6a0720445c9dd6ed8a2275ed","grupof8.ely2026@gmail.com","false"
"2026-03-03","10.94","","","1.74","ETANOL","","","TGE8F88","LT","","POSTO KALILANDIA LTDA","COMBUSTÍVEIS","60268","6a086ed4a508cd541f58b28a","2026-05-16T13:19:16.028000","2026-05-16T13:19:16.028000","6a0720445c9dd6ed8a2275ed","grupof8.ely2026@gmail.com","false"
"2026-04-27","111.23","","","22.29","ETANOL","","","TGE8F88","LT","","AUTO POSTO URUGUAI LTDA","COMBUSTÍVEIS","287672","6a086ed4a508cd541f58b2af","2026-05-16T13:19:16.028000","2026-05-16T13:19:16.028000","6a0720445c9dd6ed8a2275ed","grupof8.ely2026@gmail.com","false"
"2026-01-27","191.41","","","39.96","ETANOL","","","TGE8F88","LT","","IPETRO COMERCIO DE COMBUSTIVEIS LTDA","COMBUSTÍVEIS","738166","6a086ed4a508cd541f58b273","2026-05-16T13:19:16.028000","2026-05-16T13:19:16.028000","6a0720445c9dd6ed8a2275ed","grupof8.ely2026@gmail.com","false"
"2026-04-17","247.16","","","49.63","ETANOL","","","TGE8F88","LT","","AUTO POSTO MASUT LTDA","COMBUSTÍVEIS","37931","6a086ed4a508cd541f58b2ab","2026-05-16T13:19:16.028000","2026-05-16T13:19:16.028000","6a0720445c9dd6ed8a2275ed","grupof8.ely2026@gmail.com","false"
"2026-03-31","216.71","","","51.72","ETANOL","","","TGE8F88","LT","","POSTO SABADIN II LTDA","COMBUSTÍVEIS","424869","6a086ed4a508cd541f58b29f","2026-05-16T13:19:16.028000","2026-05-16T13:19:16.028000","6a0720445c9dd6ed8a2275ed","grupof8.ely2026@gmail.com","false"
"2026-03-15","183.6","","","40","ETANOL","","","TGE8F88","LT","","AUTO POSTO URUGUAI LTDA","COMBUSTÍVEIS","274596","6a086ed4a508cd541f58b294","2026-05-16T13:19:16.028000","2026-05-16T13:19:16.028000","6a0720445c9dd6ed8a2275ed","grupof8.ely2026@gmail.com","false"
"2026-04-28","127.86","","","24.17","ETANOL","","","TGE8F88","LT","","POSTO R7","COMBUSTÍVEIS","323426","6a086ed4a508cd541f58b2b1","2026-05-16T13:19:16.028000","2026-05-16T13:19:16.028000","6a0720445c9dd6ed8a2275ed","grupof8.ely2026@gmail.com","false"
"2026-02-13","190.02","","","39.67","ETANOL","","","TGE8F88","LT","","IPETRO COMERCIO DE COMBUSTIVEIS LTDA","COMBUSTÍVEIS","740413","6a086ed4a508cd541f58b27d","2026-05-16T13:19:16.028000","2026-05-16T13:19:16.028000","6a0720445c9dd6ed8a2275ed","grupof8.ely2026@gmail.com","false"
"2026-02-24","183.52","","","41.9","ETANOL","","","TGE8F88","LT","","AUTO POSTO TAMANDUA LTDA","COMBUSTÍVEIS","814243","6a086ed4a508cd541f58b281","2026-05-16T13:19:16.028000","2026-05-16T13:19:16.028000","6a0720445c9dd6ed8a2275ed","grupof8.ely2026@gmail.com","false"
"2026-03-17","192.06","","","39.6","ETANOL","","","TGE8F88","LT","","POSTO TRADICIONAL","COMBUSTÍVEIS","603680","6a086ed4a508cd541f58b297","2026-05-16T13:19:16.028000","2026-05-16T13:19:16.028000","6a0720445c9dd6ed8a2275ed","grupof8.ely2026@gmail.com","false"
"2026-04-23","249.53","","","47.62","ETANOL","","","TGE8F88","LT","","AUTO POSTO URUGUAI LTDA","COMBUSTÍVEIS","286283","6a086ed4a508cd541f58b2ad","2026-05-16T13:19:16.028000","2026-05-16T13:19:16.028000","6a0720445c9dd6ed8a2275ed","grupof8.ely2026@gmail.com","false"
"2026-04-17","219.58","","","44.45","ETANOL","","","TGE8F88","LT","","POSTO 3M","COMBUSTÍVEIS","219029","6a086ed4a508cd541f58b2ac","2026-05-16T13:19:16.028000","2026-05-16T13:19:16.028000","6a0720445c9dd6ed8a2275ed","grupof8.ely2026@gmail.com","false"
"2026-02-25","219.83","","","44.24","ETANOL","","","TGE8F88","LT","","POSTO Z + Z JATAÍ LTDA","COMBUSTÍVEIS","1496000","6a086ed4a508cd541f58b282","2026-05-16T13:19:16.028000","2026-05-16T13:19:16.028000","6a0720445c9dd6ed8a2275ed","grupof8.ely2026@gmail.com","false"
"2026-03-05","166.85","","","31.54","ETANOL","","","TGE8F88","LT","","POSTO BRASIL 04","COMBUSTÍVEIS","654157","6a086ed4a508cd541f58b28b","2026-05-16T13:19:16.028000","2026-05-16T13:19:16.028000","6a0720445c9dd6ed8a2275ed","grupof8.ely2026@gmail.com","false"
"2026-04-08","175.12","","","36.56","ETANOL","","","TGE8F88","LT","","COMERCIAL DERIV PETROLEO SAO CARLOS LTDA","COMBUSTÍVEIS","1362676","6a086ed4a508cd541f58b2a3","2026-05-16T13:19:16.028000","2026-05-16T13:19:16.028000","6a0720445c9dd6ed8a2275ed","grupof8.ely2026@gmail.com","false"
"2026-01-24","174.36","","","36.4","ETANOL","","","TGE8F88","LT","","AUTO POSTO TUCANO LTDA","COMBUSTÍVEIS","2678706","6a086ed4a508cd541f58b272","2026-05-16T13:19:16.028000","2026-05-16T13:19:16.028000","6a0720445c9dd6ed8a2275ed","grupof8.ely2026@gmail.com","false"
"2026-02-26","199.97","","","38.53","ETANOL","","","TGE8F88","LT","","POSTO ALDEIA LTDA","COMBUSTÍVEIS","43358","6a086ed4a508cd541f58b283","2026-05-16T13:19:16.028000","2026-05-16T13:19:16.028000","6a0720445c9dd6ed8a2275ed","grupof8.ely2026@gmail.com","false"
"2026-03-12","120.34","","","21.15","ETANOL","","","TGE8F88","LT","","POSTO SEABRA LTDA","COMBUSTÍVEIS","336013","6a086ed4a508cd541f58b290","2026-05-16T13:19:16.028000","2026-05-16T13:19:16.028000","6a0720445c9dd6ed8a2275ed","grupof8.ely2026@gmail.com","false"
"2026-03-25","208.28","","","41.74","ETANOL","","","TGE8F88","LT","","MP AUTO POSTO COMERCIO DE DERIVADOS DE PETROLEO LTDA.","COMBUSTÍVEIS","146532","6a086ed4a508cd541f58b29c","2026-05-16T13:19:16.028000","2026-05-16T13:19:16.028000","6a0720445c9dd6ed8a2275ed","grupof8.ely2026@gmail.com","false"
"2026-03-12","163.41","","","30.89","ETANOL","","","TGE8F88","LT","","POSTO DE COMBUSTIVEIS RIO CORRENTINA 1 LTDA","COMBUSTÍVEIS","803251","6a086ed4a508cd541f58b292","2026-05-16T13:19:16.028000","2026-05-16T13:19:16.028000","6a0720445c9dd6ed8a2275ed","grupof8.ely2026@gmail.com","false"
"2026-04-15","253.42","","","44.49","ETANOL","","","TGE8F88","LT","","AUTO POSTO PRECIOSO DO OESTE LTDA","COMBUSTÍVEIS","876452","6a086ed4a508cd541f58b2a9","2026-05-16T13:19:16.028000","2026-05-16T13:19:16.028000","6a0720445c9dd6ed8a2275ed","grupof8.ely2026@gmail.com","false"
"2026-01-29","185.33","","","38.69","ETANOL","","","TGE8F88","LT","","IPETRO COMERCIO DE COMBUSTIVEIS LTDA","COMBUSTÍVEIS","738479","6a086ed4a508cd541f58b275","2026-05-16T13:19:16.028000","2026-05-16T13:19:16.028000","6a0720445c9dd6ed8a2275ed","grupof8.ely2026@gmail.com","false"
"2026-03-24","183.19","","","34.76","ETANOL","","","TGE8F88","LT","","POSTO Z+Z HOUSING LTDA","COMBUSTÍVEIS","1322389","6a086ed4a508cd541f58b29b","2026-05-16T13:19:16.028000","2026-05-16T13:19:16.028000","6a0720445c9dd6ed8a2275ed","grupof8.ely2026@gmail.com","false"
"2026-02-02","202.99","","","46.02","ETANOL","","","TGE8F88","LT","","QUALIS COMBUSTIVEIS LTDA","COMBUSTÍVEIS","101978","6a086ed4a508cd541f58b278","2026-05-16T13:19:16.028000","2026-05-16T13:19:16.028000","6a0720445c9dd6ed8a2275ed","grupof8.ely2026@gmail.com","false"
"2026-02-20","204.65","","","41.85","ETANOL","","","TGE8F88","LT","","SAO ROQUE MORRINHOS COMERCIO VAREJISTA DE COMBUSTIVEIS LTDA","COMBUSTÍVEIS","131090","6a086ed4a508cd541f58b27e","2026-05-16T13:19:16.028000","2026-05-16T13:19:16.028000","6a0720445c9dd6ed8a2275ed","grupof8.ely2026@gmail.com","false"
"2026-03-01","197.29","","","35.93","ETANOL","","","TGE8F88","LT","","POSTO SEABRA LTDA","COMBUSTÍVEIS","1196024","6a086ed4a508cd541f58b288","2026-05-16T13:19:16.028000","2026-05-16T13:19:16.028000","6a0720445c9dd6ed8a2275ed","grupof8.ely2026@gmail.com","false"
"2026-01-30","222.21","","","46.39","ETANOL","","","TGE8F88","LT","","IPETRO COMERCIO DE COMBUSTIVEIS LTDA","COMBUSTÍVEIS","738634","6a086ed4a508cd541f58b276","2026-05-16T13:19:16.028000","2026-05-16T13:19:16.028000","6a0720445c9dd6ed8a2275ed","grupof8.ely2026@gmail.com","false"
"2026-03-24","255.3","","","48.26","ETANOL","","","TGE8F88","LT","","POSTO JAMAICA","COMBUSTÍVEIS","838057","6a086ed4a508cd541f58b29a","2026-05-16T13:19:16.028000","2026-05-16T13:19:16.028000","6a0720445c9dd6ed8a2275ed","grupof8.ely2026@gmail.com","false"
"2026-02-24","196.46","","","41.89","ETANOL","","","TGE8F88","LT","","POSTO TRADICIONAL","COMBUSTÍVEIS","594755","6a086ed4a508cd541f58b280","2026-05-16T13:19:16.028000","2026-05-16T13:19:16.028000","6a0720445c9dd6ed8a2275ed","grupof8.ely2026@gmail.com","false"
"2026-04-08","139.19","","","27.09","ETANOL","","","TGE8F88","LT","","SR SÃO PAULO COMERCIO VAREJISTA DE COMBUSTÍVEIS LTDA","COMBUSTÍVEIS","754209","6a086ed4a508cd541f58b2a1","2026-05-16T13:19:16.028000","2026-05-16T13:19:16.028000","6a0720445c9dd6ed8a2275ed","grupof8.ely2026@gmail.com","false"
"2026-01-14","227.96","","","47.59","ETANOL","","","TGE8F88","LT","","CENTRO AUTOMOTIVO BANDEIRANTE LTDA","COMBUSTÍVEIS","58642","6a086ed4a508cd541f58b26c","2026-05-16T13:19:16.028000","2026-05-16T13:19:16.028000","6a0720445c9dd6ed8a2275ed","grupof8.ely2026@gmail.com","false"
"2026-01-31","94.75","","","19.78","ETANOL","","","TGE8F88","LT","","IPETRO COMERCIO DE COMBUSTIVEIS LTDA","COMBUSTÍVEIS","738761","6a086ed4a508cd541f58b277","2026-05-16T13:19:16.028000","2026-05-16T13:19:16.028000","6a0720445c9dd6ed8a2275ed","grupof8.ely2026@gmail.com","false"
"2026-02-28","76.71","","","15.07","ETANOL","","","TGE8F88","LT","","AUTO POSTO URUGUAI LTDA","COMBUSTÍVEIS","270073","6a086ed4a508cd541f58b284","2026-05-16T13:19:16.028000","2026-05-16T13:19:16.028000","6a0720445c9dd6ed8a2275ed","grupof8.ely2026@gmail.com","false"
"2026-01-16","183.42","","","39.96","ETANOL","","","TGE8F88","LT","","AGPETRO COMÉRCIO DE PETRÓLEO LTDA","COMBUSTÍVEIS","243722","6a086ed4a508cd541f58b26e","2026-05-16T13:19:16.028000","2026-05-16T13:19:16.028000","6a0720445c9dd6ed8a2275ed","grupof8.ely2026@gmail.com","false"
"2026-04-13","191.97","","","29.58","ETANOL","","","TGE8F88","LT","","POSTO SABRINA II","COMBUSTÍVEIS","727166","6a086ed4a508cd541f58b2a6","2026-05-16T13:19:16.028000","2026-05-16T13:19:16.028000","6a0720445c9dd6ed8a2275ed","grupof8.ely2026@gmail.com","false"
"2026-01-22","140.01","","","29.23","ETANOL","","","TGE8F88","LT","","SERTANEJA COM COMBUSTIVEIS DER DE PETROLEO LTDA.","COMBUSTÍVEIS","869945","6a086ed4a508cd541f58b271","2026-05-16T13:19:16.028000","2026-05-16T13:19:16.028000","6a0720445c9dd6ed8a2275ed","grupof8.ely2026@gmail.com","false"
"2026-02-11","241.99","","","50.52","ETANOL","","","TGE8F88","LT","","IPETRO COMERCIO DE COMBUSTIVEIS LTDA","COMBUSTÍVEIS","740155","6a086ed4a508cd541f58b27c","2026-05-16T13:19:16.028000","2026-05-16T13:19:16.028000","6a0720445c9dd6ed8a2275ed","grupof8.ely2026@gmail.com","false"
"2026-03-01","133.86","","","22.65","ETANOL","","","TGE8F88","LT","","AUTO POSTO DDD 242","COMBUSTÍVEIS","837735","6a086ed4a508cd541f58b286","2026-05-16T13:19:16.028000","2026-05-16T13:19:16.028000","6a0720445c9dd6ed8a2275ed","grupof8.ely2026@gmail.com","false"
"2026-03-30","204.24","","","41.77","ETANOL","","","TGE8F88","LT","","AUTO POSTO NOVO MILLENIUM LTDA","COMBUSTÍVEIS","892","6a086ed4a508cd541f58b29d","2026-05-16T13:19:16.028000","2026-05-16T13:19:16.028000","6a0720445c9dd6ed8a2275ed","grupof8.ely2026@gmail.com","false"
"2026-03-12","136.97","","","28.01","ETANOL","","","TGE8F88","LT","","AUTO POSTO DDD LTDA","COMBUSTÍVEIS","371872","6a086ed4a508cd541f58b291","2026-05-16T13:19:16.028000","2026-05-16T13:19:16.028000","6a0720445c9dd6ed8a2275ed","grupof8.ely2026@gmail.com","false"
"2026-03-01","166.82","","","31.54","ETANOL","","","TGE8F88","LT","","AUTO POSTO PRECIOSO DO OESTE LTDA","COMBUSTÍVEIS","866399","6a086ed4a508cd541f58b287","2026-05-16T13:19:16.028000","2026-05-16T13:19:16.028000","6a0720445c9dd6ed8a2275ed","grupof8.ely2026@gmail.com","false"
"2026-04-08","251.08","","","44.08","ETANOL","","","TGE8F88","LT","","AUTO POSTO PRECIOSO DO OESTE LTDA","COMBUSTÍVEIS","874977","6a086ed4a508cd541f58b2a2","2026-05-16T13:19:16.028000","2026-05-16T13:19:16.028000","6a0720445c9dd6ed8a2275ed","grupof8.ely2026@gmail.com","false"
"2026-02-20","255.84","","","52.32","ETANOL","","","TGE8F88","LT","","REDE DE POSTOS MARAJÓ HIDROLÂNDIA LTDA","COMBUSTÍVEIS","341516","6a086ed4a508cd541f58b27f","2026-05-16T13:19:16.028000","2026-05-16T13:19:16.028000","6a0720445c9dd6ed8a2275ed","grupof8.ely2026@gmail.com","false"
"2026-04-24","175.22","","","37.36","ETANOL","","","TGE8F88","LT","","HOT PETRO AUTO POSTO","COMBUSTÍVEIS","214615","6a086ed4a508cd541f58b2ae","2026-05-16T13:19:16.028000","2026-05-16T13:19:16.028000","6a0720445c9dd6ed8a2275ed","grupof8.ely2026@gmail.com","false"
"2026-03-25","247.65","","","49.63","ETANOL","","","TGD8F88","LT","","FARAO COMBUSTIVEIS LTDA","COMBUSTÍVEIS","40938","6a086ed4a508cd541f58b268","2026-05-16T13:19:16.028000","2026-05-16T13:19:16.028000","6a0720445c9dd6ed8a2275ed","grupof8.ely2026@gmail.com","false"
"2026-03-18","193.71","","","38.82","ETANOL","","","TGE8F88","LT","","MP LOGISTICA COMBUSTIVEIS E CONVENIENCIA LTDA","COMBUSTÍVEIS","313869","6a086ed4a508cd541f58b298","2026-05-16T13:19:16.028000","2026-05-16T13:19:16.028000","6a0720445c9dd6ed8a2275ed","grupof8.ely2026@gmail.com","false"
"2026-03-13","174.21","","","38.8","ETANOL","","","TGE8F88","LT","","POSTO SAO ROQUE LTDA","COMBUSTÍVEIS","1112862","6a086ed4a508cd541f58b293","2026-05-16T13:19:16.028000","2026-05-16T13:19:16.028000","6a0720445c9dd6ed8a2275ed","grupof8.ely2026@gmail.com","false"
"2026-03-10","286.74","","","40.73","ETANOL","","","TGE8F88","LT","","AUTO POSTO DDD 242","COMBUSTÍVEIS","294184","6a086ed4a508cd541f58b28d","2026-05-16T13:19:16.028000","2026-05-16T13:19:16.028000","6a0720445c9dd6ed8a2275ed","grupof8.ely2026@gmail.com","false"
"2026-03-20","188.43","","","37.02","ETANOL","","","TGE8F88","LT","","AUTO POSTO INDIARA LTDA","COMBUSTÍVEIS","112583","6a086ed4a508cd541f58b299","2026-05-16T13:19:16.028000","2026-05-16T13:19:16.028000","6a0720445c9dd6ed8a2275ed","grupof8.ely2026@gmail.com","false"
"2026-02-05","200.03","","","41.76","ETANOL","","","TGE8F88","LT","","IPETRO COMERCIO DE COMBUSTIVEIS LTDA","COMBUSTÍVEIS","739399","6a086ed4a508cd541f58b27a","2026-05-16T13:19:16.028000","2026-05-16T13:19:16.028000","6a0720445c9dd6ed8a2275ed","grupof8.ely2026@gmail.com","false"
"2026-04-15","191.55","","","36.21","ETANOL","","","TGE8F88","LT","","AUTO POSTO DDD LTDA","COMBUSTÍVEIS","380892","6a086ed4a508cd541f58b2a8","2026-05-16T13:19:16.028000","2026-05-16T13:19:16.028000","6a0720445c9dd6ed8a2275ed","grupof8.ely2026@gmail.com","false"
"2026-04-17","279.96","","","48.52","ETANOL","","","TGD8F88","LT","","POSTO Z+Z HOUSING LTDA","COMBUSTÍVEIS","6551","6a086ed4a508cd541f58b26b","2026-05-16T13:19:16.028000","2026-05-16T13:19:16.028000","6a0720445c9dd6ed8a2275ed","grupof8.ely2026@gmail.com","false"
"2026-03-01","119.46","","","23.94","ETANOL","","","TGE8F88","LT","","AUTO POSTO SOF NORTE LTDA","COMBUSTÍVEIS","1499387","6a086ed4a508cd541f58b289","2026-05-16T13:19:16.028000","2026-05-16T13:19:16.028000","6a0720445c9dd6ed8a2275ed","grupof8.ely2026@gmail.com","false"
"2026-04-09","339.6","","","40","ETANOL","","","TGE8F88","LT","","POSTO SABRINA II","COMBUSTÍVEIS","726673","6a086ed4a508cd541f58b2a4","2026-05-16T13:19:16.028000","2026-05-16T13:19:16.028000","6a0720445c9dd6ed8a2275ed","grupof8.ely2026@gmail.com","false"
"2026-03-06","242.34","","","35.43","ETANOL","","","TGE8F88","LT","","SANTA HELENA COMBUSTIVEIS","COMBUSTÍVEIS","305480","6a086ed4a508cd541f58b28c","2026-05-16T13:19:16.028000","2026-05-16T13:19:16.028000","6a0720445c9dd6ed8a2275ed","grupof8.ely2026@gmail.com","false"
"2026-03-17","133.52","","","28.47","ETANOL","","","TGE8F88","LT","","DECIO COMERCIO E SERVICOS RODOVIARIOS LTDA","COMBUSTÍVEIS","129966","6a086ed4a508cd541f58b296","2026-05-16T13:19:16.028000","2026-05-16T13:19:16.028000","6a0720445c9dd6ed8a2275ed","grupof8.ely2026@gmail.com","false"
"2026-04-15","212.05","","","44.27","ETANOL","","","TGB8F88","LT","","COMERCIAL DERIV PETROLEO SAO CARLOS LTDA","COMBUSTÍVEIS","1367494","6a086ed4a508cd541f58b22f","2026-05-16T13:19:16.027000","2026-05-16T13:19:16.027000","6a0720445c9dd6ed8a2275ed","grupof8.ely2026@gmail.com","false"
"2026-02-20","50","","","10.66","ETANOL","","","TGC8F88","LT","","POSTO GERAR LTDA","COMBUSTÍVEIS","14047","6a086ed4a508cd541f58b239","2026-05-16T13:19:16.027000","2026-05-16T13:19:16.027000","6a0720445c9dd6ed8a2275ed","grupof8.ely2026@gmail.com","false"
"2026-03-03","213.27","","","42.74","ETANOL","","","TGB8F88","LT","","POSTO ALDEIA LTDA","COMBUSTÍVEIS","27484","6a086ed4a508cd541f58b218","2026-05-16T13:19:16.027000","2026-05-16T13:19:16.027000","6a0720445c9dd6ed8a2275ed","grupof8.ely2026@gmail.com","false"
"2026-04-24","127.31","","","30.53","ETANOL","","","TGB8F88","LT","","POSTO SHOPPING VALE JCN LTDA","COMBUSTÍVEIS","59453","6a086ed4a508cd541f58b234","2026-05-16T13:19:16.027000","2026-05-16T13:19:16.027000","6a0720445c9dd6ed8a2275ed","grupof8.ely2026@gmail.com","false"
"2026-03-11","165.23","","","37.81","ETANOL","","","TGD8F88","LT","","AUTO POSTO BOMBONATO","COMBUSTÍVEIS","135588","6a086ed4a508cd541f58b25f","2026-05-16T13:19:16.027000","2026-05-16T13:19:16.027000","6a0720445c9dd6ed8a2275ed","grupof8.ely2026@gmail.com","false"
"2026-02-10","181.73","","","42.76","ETANOL","","","TGB8F88","LT","","POSTO ALDO LINHO","COMBUSTÍVEIS","73369","6a086ed4a508cd541f58b210","2026-05-16T13:19:16.027000","2026-05-16T13:19:16.027000","6a0720445c9dd6ed8a2275ed","grupof8.ely2026@gmail.com","false"
"2026-03-10","115.39","","","25.7","ETANOL","","","TGD8F88","LT","","POSTO 4000 SANTOPOLIS DO AGUAPEI LTDA","COMBUSTÍVEIS","72342","6a086ed4a508cd541f58b25e","2026-05-16T13:19:16.027000","2026-05-16T13:19:16.027000","6a0720445c9dd6ed8a2275ed","grupof8.ely2026@gmail.com","false"
"2026-04-02","223.99","","","40.07","ETANOL","","","TGB8F88","LT","","POSTO DE COMBUSTIVEIS RIO CORRENTINA 1 LTDA","COMBUSTÍVEIS","812770","6a086ed4a508cd541f58b22b","2026-05-16T13:19:16.027000","2026-05-16T13:19:16.027000","6a0720445c9dd6ed8a2275ed","grupof8.ely2026@gmail.com","false"
"2026-01-08","245.03","","","48.14","ETANOL","","","TGC8F88","LT","","MP LOGISTICA COMBUSTIVEIS E CONVENIENCIA LTDA","COMBUSTÍVEIS","308772","6a086ed4a508cd541f58b238","2026-05-16T13:19:16.027000","2026-05-16T13:19:16.027000","6a0720445c9dd6ed8a2275ed","grupof8.ely2026@gmail.com","false"
"2026-02-09","165.68","","","32.55","ETANOL","","","TGB8F88","LT","","AUTO POSTO URUGUAI LTDA","COMBUSTÍVEIS","263918","6a086ed4a508cd541f58b20e","2026-05-16T13:19:16.027000","2026-05-16T13:19:16.027000","6a0720445c9dd6ed8a2275ed","grupof8.ely2026@gmail.com","false"
"2026-02-23","213.16","","","47.9","ETANOL","","","TGB8F88","LT","","PETRO RIO COMERCIO DE DERIVADOS DE PETROLEO LTDA","COMBUSTÍVEIS","200795","6a086ed4a508cd541f58b217","2026-05-16T13:19:16.027000","2026-05-16T13:19:16.027000","6a0720445c9dd6ed8a2275ed","grupof8.ely2026@gmail.com","false"
"2026-04-22","142.59","","","34.03","ETANOL","","","TGB8F88","LT","","AUTO POSTO CEAEME LTDA.","COMBUSTÍVEIS","64320","6a086ed4a508cd541f58b231","2026-05-16T13:19:16.027000","2026-05-16T13:19:16.027000","6a0720445c9dd6ed8a2275ed","grupof8.ely2026@gmail.com","false"
"2026-02-12","100.1","","","23.89","ETANOL","","","TGB8F88","LT","","MARAJO GENERAL CARNEIRO","COMBUSTÍVEIS","20601","6a086ed4a508cd541f58b212","2026-05-16T13:19:16.027000","2026-05-16T13:19:16.027000","6a0720445c9dd6ed8a2275ed","grupof8.ely2026@gmail.com","false"
"2026-04-22","218.68","","","44.72","ETANOL","","","TGB8F88","LT","","POSTO PRATAO LTDA","COMBUSTÍVEIS","1110565","6a086ed4a508cd541f58b233","2026-05-16T13:19:16.027000","2026-05-16T13:19:16.027000","6a0720445c9dd6ed8a2275ed","grupof8.ely2026@gmail.com","false"
"2026-01-23","241.98","","","47.42","ETANOL","","","TGD8F88","LT","","AUTO POSTO NOVO MILLENIUM LTDA","COMBUSTÍVEIS","171270","6a086ed4a508cd541f58b249","2026-05-16T13:19:16.027000","2026-05-16T13:19:16.027000","6a0720445c9dd6ed8a2275ed","grupof8.ely2026@gmail.com","false"
"2026-01-08","76.79","","","17.9","ETANOL","","","TGD8F88","LT","","POSTO MENDES FIRMINOPOLIS LTDA","COMBUSTÍVEIS","86027","6a086ed4a508cd541f58b244","2026-05-16T13:19:16.027000","2026-05-16T13:19:16.027000","6a0720445c9dd6ed8a2275ed","grupof8.ely2026@gmail.com","false"
"2026-03-16","240.32","","","48.16","ETANOL","","","TGD8F88","LT","","POSTO ALDEIA LTDA","COMBUSTÍVEIS","67192","6a086ed4a508cd541f58b261","2026-05-16T13:19:16.027000","2026-05-16T13:19:16.027000","6a0720445c9dd6ed8a2275ed","grupof8.ely2026@gmail.com","false"
"2026-03-19","209.15","","","42.77","ETANOL","","","TGB8F88","LT","","AUTO POSTO NOVO MILLENIUM LTDA","COMBUSTÍVEIS","187161","6a086ed4a508cd541f58b21f","2026-05-16T13:19:16.027000","2026-05-16T13:19:16.027000","6a0720445c9dd6ed8a2275ed","grupof8.ely2026@gmail.com","false"
"2026-04-01","323.59","","","49.86","ETANOL","","","TGB8F88","LT","","POSTO SABRINA II","COMBUSTÍVEIS","725728","6a086ed4a508cd541f58b229","2026-05-16T13:19:16.027000","2026-05-16T13:19:16.027000","6a0720445c9dd6ed8a2275ed","grupof8.ely2026@gmail.com","false"
"2026-03-15","177.18","","","39.46","ETANOL","","","TGC8F88","LT","","AUTO POSTO SANTA LUZIA LTDA","COMBUSTÍVEIS","1367045","6a086ed4a508cd541f58b23c","2026-05-16T13:19:16.027000","2026-05-16T13:19:16.027000","6a0720445c9dd6ed8a2275ed","grupof8.ely2026@gmail.com","false"
"2026-01-26","232.87","","","45.75","ETANOL","","","TGD8F88","LT","","AUTO POSTO URUGUAI LTDA","COMBUSTÍVEIS","258955","6a086ed4a508cd541f58b24a","2026-05-16T13:19:16.027000","2026-05-16T13:19:16.027000","6a0720445c9dd6ed8a2275ed","grupof8.ely2026@gmail.com","false"
"2026-02-12","58.14","","","12.92","ETANOL","","","TGB8F88","LT","","D. E. CERUTTI & CIA LTDA","COMBUSTÍVEIS","463658","6a086ed4a508cd541f58b214","2026-05-16T13:19:16.027000","2026-05-16T13:19:16.027000","6a0720445c9dd6ed8a2275ed","grupof8.ely2026@gmail.com","false"
"2026-02-23","166.92","","","35.59","ETANOL","","","TGD8F88","LT","","POSTO Z+Z SANTA MARTA LTDA","COMBUSTÍVEIS","2059539","6a086ed4a508cd541f58b255","2026-05-16T13:19:16.027000","2026-05-16T13:19:16.027000","6a0720445c9dd6ed8a2275ed","grupof8.ely2026@gmail.com","false"
"2026-02-09","134.52","","","28.44","ETANOL","","","TGB8F88","LT","","POSTO DA DIVISA LTDA","COMBUSTÍVEIS","748495","6a086ed4a508cd541f58b20f","2026-05-16T13:19:16.027000","2026-05-16T13:19:16.027000","6a0720445c9dd6ed8a2275ed","grupof8.ely2026@gmail.com","false"
"2026-03-23","183.11","","","38.63","ETANOL","","","TGB8F88","LT","","POSTO TREVINHO LTDA","COMBUSTÍVEIS","606756","6a086ed4a508cd541f58b222","2026-05-16T13:19:16.027000","2026-05-16T13:19:16.027000","6a0720445c9dd6ed8a2275ed","grupof8.ely2026@gmail.com","false"
"2026-03-20","183.44","","","35.62","ETANOL","","","TGD8F88","LT","","AUTO POSTO MASUT LTDA","COMBUSTÍVEIS","37260","6a086ed4a508cd541f58b266","2026-05-16T13:19:16.027000","2026-05-16T13:19:16.027000","6a0720445c9dd6ed8a2275ed","grupof8.ely2026@gmail.com","false"
"2026-03-25","215.57","","","48","ETANOL","","","TGC8F88","LT","","AUTO POSTO SANTA LUZIA LTDA","COMBUSTÍVEIS","1374703","6a086ed4a508cd541f58b23d","2026-05-16T13:19:16.027000","2026-05-16T13:19:16.027000","6a0720445c9dd6ed8a2275ed","grupof8.ely2026@gmail.com","false"
"2026-03-05","237.23","","","51.68","ETANOL","","","TGB8F88","LT","","AUTO POSTO URUGUAI LTDA","COMBUSTÍVEIS","271564","6a086ed4a508cd541f58b219","2026-05-16T13:19:16.027000","2026-05-16T13:19:16.027000","6a0720445c9dd6ed8a2275ed","grupof8.ely2026@gmail.com","false"
"2026-02-13","78.75","","","18.79","ETANOL","","","TGB8F88","LT","","MARAJO GENERAL CARNEIRO","COMBUSTÍVEIS","20615","6a086ed4a508cd541f58b215","2026-05-16T13:19:16.027000","2026-05-16T13:19:16.027000","6a0720445c9dd6ed8a2275ed","grupof8.ely2026@gmail.com","false"
"2026-02-12","180.25","","","38.19","ETANOL","","","TGB8F88","LT","","ONEPETRO","COMBUSTÍVEIS","187403","6a086ed4a508cd541f58b213","2026-05-16T13:19:16.027000","2026-05-16T13:19:16.027000","6a0720445c9dd6ed8a2275ed","grupof8.ely2026@gmail.com","false"
"2026-01-29","181.86","","","37.88","ETANOL","","","TGD8F88","LT","","AUTO POSTO ORIGINAL BRASILIA 409 DERIVADOS DE PETROLEO LTDA","COMBUSTÍVEIS","8436214","6a086ed4a508cd541f58b250","2026-05-16T13:19:16.027000","2026-05-16T13:19:16.027000","6a0720445c9dd6ed8a2275ed","grupof8.ely2026@gmail.com","false"
"2026-03-06","253.81","","","46.57","ETANOL","","","TGB8F88","LT","","PETRONORTE COMBUSTIVEIS LTDA","COMBUSTÍVEIS","268596","6a086ed4a508cd541f58b21a","2026-05-16T13:19:16.027000","2026-05-16T13:19:16.027000","6a0720445c9dd6ed8a2275ed","grupof8.ely2026@gmail.com","false"
"2026-01-27","229.71","","","45.13","ETANOL","","","TGD8F88","LT","","AUTO POSTO URUGUAI LTDA","COMBUSTÍVEIS","259689","6a086ed4a508cd541f58b24d","2026-05-16T13:19:16.027000","2026-05-16T13:19:16.027000","6a0720445c9dd6ed8a2275ed","grupof8.ely2026@gmail.com","false"
"2026-03-21","214.43","","","43.85","ETANOL","","","TGB8F88","LT","","AUTO POSTO NOVO MILLENIUM LTDA","COMBUSTÍVEIS","187690","6a086ed4a508cd541f58b220","2026-05-16T13:19:16.027000","2026-05-16T13:19:16.027000","6a0720445c9dd6ed8a2275ed","grupof8.ely2026@gmail.com","false"
"2026-04-02","210.78","","","42.24","ETANOL","","","TGB8F88","LT","","POSTO DE COMBUSTIVEIS CORREA 020 LTDA","COMBUSTÍVEIS","218857","6a086ed4a508cd541f58b22a","2026-05-16T13:19:16.027000","2026-05-16T13:19:16.027000","6a0720445c9dd6ed8a2275ed","grupof8.ely2026@gmail.com","false"
"2026-01-26","154.28","","","30.31","ETANOL","","","TGD8F88","LT","","AUTO POSTO URUGUAI LTDA","COMBUSTÍVEIS","259211","6a086ed4a508cd541f58b24b","2026-05-16T13:19:16.027000","2026-05-16T13:19:16.027000","6a0720445c9dd6ed8a2275ed","grupof8.ely2026@gmail.com","false"
"2026-03-05","217.34","","","43.73","ETANOL","","","TGC8F88","LT","","AUTO POSTO SANTA LUZIA LTDA","COMBUSTÍVEIS","1358518","6a086ed4a508cd541f58b23b","2026-05-16T13:19:16.027000","2026-05-16T13:19:16.027000","6a0720445c9dd6ed8a2275ed","grupof8.ely2026@gmail.com","false"
"2026-01-08","216.72","","","44.32","ETANOL","","","TGD8F88","LT","","AUTO POSTO CRUZEIRO SUL LTDA","COMBUSTÍVEIS","339416","6a086ed4a508cd541f58b245","2026-05-16T13:19:16.027000","2026-05-16T13:19:16.027000","6a0720445c9dd6ed8a2275ed","grupof8.ely2026@gmail.com","false"
"2026-04-04","199.09","","","44.34","ETANOL","","","TGC8F88","LT","","AUTO POSTO SANTA LUZIA LTDA","COMBUSTÍVEIS","1381697","6a086ed4a508cd541f58b23e","2026-05-16T13:19:16.027000","2026-05-16T13:19:16.027000","6a0720445c9dd6ed8a2275ed","grupof8.ely2026@gmail.com","false"
"2026-04-24","189.48","","","40.4","ETANOL","","","TGB8F88","LT","","DECIO COMERCIO E SERVICOS RODOVIARIOS LTDA","COMBUSTÍVEIS","226977","6a086ed4a508cd541f58b236","2026-05-16T13:19:16.027000","2026-05-16T13:19:16.027000","6a0720445c9dd6ed8a2275ed","grupof8.ely2026@gmail.com","false"
"2026-03-09","185.75","","","41.37","ETANOL","","","TGD8F88","LT","","TOME & TOME LT","COMBUSTÍVEIS","13525","6a086ed4a508cd541f58b25b","2026-05-16T13:19:16.027000","2026-05-16T13:19:16.027000","6a0720445c9dd6ed8a2275ed","grupof8.ely2026@gmail.com","false"
"2026-03-13","186.63","","","35.96","ETANOL","","","TGB8F88","LT","","QUALIS COMBUSTIVEIS LTDA","COMBUSTÍVEIS","113591","6a086ed4a508cd541f58b21d","2026-05-16T13:19:16.027000","2026-05-16T13:19:16.027000","6a0720445c9dd6ed8a2275ed","grupof8.ely2026@gmail.com","false"
"2026-04-13","194.64","","","45.37","ETANOL","","","TGC8F88","LT","","AUTO POSTO SANTA LUZIA LTDA","COMBUSTÍVEIS","1388569","6a086ed4a508cd541f58b23f","2026-05-16T13:19:16.027000","2026-05-16T13:19:16.027000","6a0720445c9dd6ed8a2275ed","grupof8.ely2026@gmail.com","false"
"2026-03-06","178.73","","","36.55","ETANOL","","","TGD8F88","LT","","AUGUSTO URIAS DA CRUZ E FILHOS LTDA","COMBUSTÍVEIS","250384","6a086ed4a508cd541f58b25a","2026-05-16T13:19:16.027000","2026-05-16T13:19:16.027000","6a0720445c9dd6ed8a2275ed","grupof8.ely2026@gmail.com","false"
"2026-01-29","135.75","","","26.67","ETANOL","","","TGD8F88","LT","","POSTO ITALIA","COMBUSTÍVEIS","54898","6a086ed4a508cd541f58b24f","2026-05-16T13:19:16.027000","2026-05-16T13:19:16.027000","6a0720445c9dd6ed8a2275ed","grupof8.ely2026@gmail.com","false"
"2026-03-17","156.87","","","32.75","ETANOL","","","TGD8F88","LT","","DECIO COMERCIO E SERVICOS RODOVIARIOS LTDA","COMBUSTÍVEIS","315133","6a086ed4a508cd541f58b263","2026-05-16T13:19:16.027000","2026-05-16T13:19:16.027000","6a0720445c9dd6ed8a2275ed","grupof8.ely2026@gmail.com","false"
"2026-03-09","171.99","","","33.79","ETANOL","","","TGD8F88","LT","","POSTO ITALIA","COMBUSTÍVEIS","476183","6a086ed4a508cd541f58b25c","2026-05-16T13:19:16.027000","2026-05-16T13:19:16.027000","6a0720445c9dd6ed8a2275ed","grupof8.ely2026@gmail.com","false"
"2026-04-30","200.01","","","40.48","ETANOL","","","TGB8F88","LT","","TRÊS BARRAS COMBUSTÍVEIS LTDA","COMBUSTÍVEIS","31436","6a086ed4a508cd541f58b237","2026-05-16T13:19:16.027000","2026-05-16T13:19:16.027000","6a0720445c9dd6ed8a2275ed","grupof8.ely2026@gmail.com","false"
"2026-01-13","223.07","","","42.57","ETANOL","","","TGD8F88","LT","","EFAM COMERCIO VAREJISTA DE COMBUSTIVEIS LTDA","COMBUSTÍVEIS","170819","6a086ed4a508cd541f58b247","2026-05-16T13:19:16.027000","2026-05-16T13:19:16.027000","6a0720445c9dd6ed8a2275ed","grupof8.ely2026@gmail.com","false"
"2026-04-20","233.6","","","44.58","ETANOL","","","TGB8F88","LT","","AUTO POSTO NOVO MILLENIUM LTDA","COMBUSTÍVEIS","196744","6a086ed4a508cd541f58b230","2026-05-16T13:19:16.027000","2026-05-16T13:19:16.027000","6a0720445c9dd6ed8a2275ed","grupof8.ely2026@gmail.com","false"
"2026-03-27","194.02","","","35.34","ETANOL","","","TGB8F88","LT","","PETROTRANS TRANSPORTES QUIMICOS E PETROQUIMICOS LTDA","COMBUSTÍVEIS","652814","6a086ed4a508cd541f58b226","2026-05-16T13:19:16.027000","2026-05-16T13:19:16.027000","6a0720445c9dd6ed8a2275ed","grupof8.ely2026@gmail.com","false"
"2026-03-30","282.97","","","47.24","ETANOL","","","TGB8F88","LT","","POSTO MEIRA COMERCIO DE COMBUSTIVEIS LTDA","COMBUSTÍVEIS","114198","6a086ed4a508cd541f58b228","2026-05-16T13:19:16.027000","2026-05-16T13:19:16.027000","6a0720445c9dd6ed8a2275ed","grupof8.ely2026@gmail.com","false"
"2026-04-10","208.1","","","39.33","ETANOL","","","TGB8F88","LT","","PETRONORTE COMBUSTIVEIS LTDA","COMBUSTÍVEIS","278867","6a086ed4a508cd541f58b22e","2026-05-16T13:19:16.027000","2026-05-16T13:19:16.027000","6a0720445c9dd6ed8a2275ed","grupof8.ely2026@gmail.com","false"
"2026-01-07","248.95","","","48.91","ETANOL","","","TGD8F88","LT","","AUTO POSTO URUGUAI LTDA","COMBUSTÍVEIS","252418","6a086ed4a508cd541f58b243","2026-05-16T13:19:16.027000","2026-05-16T13:19:16.027000","6a0720445c9dd6ed8a2275ed","grupof8.ely2026@gmail.com","false"
"2026-02-23","219.26","","","46.75","ETANOL","","","TGD8F88","LT","","DECIO COMERCIO E SERVICOS RODOVIARIOS LTDA","COMBUSTÍVEIS","62900","6a086ed4a508cd541f58b254","2026-05-16T13:19:16.027000","2026-05-16T13:19:16.027000","6a0720445c9dd6ed8a2275ed","grupof8.ely2026@gmail.com","false"
"2026-03-18","119.99","","","26.73","ETANOL","","","TGD8F88","LT","","PAES LEME E LEME LTDA.","COMBUSTÍVEIS","91248","6a086ed4a508cd541f58b264","2026-05-16T13:19:16.027000","2026-05-16T13:19:16.027000","6a0720445c9dd6ed8a2275ed","grupof8.ely2026@gmail.com","false"
"2026-03-19","199.96","","","30.81","ETANOL","","","TGD8F88","LT","","AUTO POSTO NOVO MILLENIUM LTDA","COMBUSTÍVEIS","170685","6a086ed4a508cd541f58b265","2026-05-16T13:19:16.027000","2026-05-16T13:19:16.027000","6a0720445c9dd6ed8a2275ed","grupof8.ely2026@gmail.com","false"
"2026-04-09","226.46","","","46.31","ETANOL","","","TGB8F88","LT","","AUTO POSTO URUGUAI LTDA","COMBUSTÍVEIS","281763","6a086ed4a508cd541f58b22d","2026-05-16T13:19:16.027000","2026-05-16T13:19:16.027000","6a0720445c9dd6ed8a2275ed","grupof8.ely2026@gmail.com","false"
"2026-03-05","224.9","","","47.05","ETANOL","","","TGD8F88","LT","","POSTO 3M","COMBUSTÍVEIS","208296","6a086ed4a508cd541f58b259","2026-05-16T13:19:16.027000","2026-05-16T13:19:16.027000","6a0720445c9dd6ed8a2275ed","grupof8.ely2026@gmail.com","false"
"2026-01-12","250.43","","","49.2","ETANOL","","","TGD8F88","LT","","AUTO POSTO URUGUAI LTDA","COMBUSTÍVEIS","253969","6a086ed4a508cd541f58b246","2026-05-16T13:19:16.027000","2026-05-16T13:19:16.027000","6a0720445c9dd6ed8a2275ed","grupof8.ely2026@gmail.com","false"
"2026-02-25","237.44","","","49.57","ETANOL","","","TGD8F88","LT","","POSTO BARCELONA LTDA","COMBUSTÍVEIS","627827","6a086ed4a508cd541f58b257","2026-05-16T13:19:16.027000","2026-05-16T13:19:16.027000","6a0720445c9dd6ed8a2275ed","grupof8.ely2026@gmail.com","false"
"2026-04-24","165.02","","","1","ETANOL","","","TGB8F88","LT","","POSTO FORUM RIBEIRAO PRETO LTDA","COMBUSTÍVEIS","140132","6a086ed4a508cd541f58b235","2026-05-16T13:19:16.027000","2026-05-16T13:19:16.027000","6a0720445c9dd6ed8a2275ed","grupof8.ely2026@gmail.com","false"
"2026-02-24","113","","","23.79","ETANOL","","","TGD8F88","LT","","PORTAL DO PETROLEO XV E DERIVADOS LTDA","COMBUSTÍVEIS","283163","6a086ed4a508cd541f58b256","2026-05-16T13:19:16.027000","2026-05-16T13:19:16.027000","6a0720445c9dd6ed8a2275ed","grupof8.ely2026@gmail.com","false"
"2026-01-15","100","","","18.98","ETANOL","","","TGD8F88","LT","","MP LOGISTICA COMBUSTIVEIS E CONVENIENCIA LTDA","COMBUSTÍVEIS","240102","6a086ed4a508cd541f58b248","2026-05-16T13:19:16.027000","2026-05-16T13:19:16.027000","6a0720445c9dd6ed8a2275ed","grupof8.ely2026@gmail.com","false"
"2026-01-27","268.59","","","46.38","ETANOL","","","TGD8F88","LT","","POSTO DO PESCADOR LTDA","COMBUSTÍVEIS","8762","6a086ed4a508cd541f58b24c","2026-05-16T13:19:16.027000","2026-05-16T13:19:16.027000","6a0720445c9dd6ed8a2275ed","grupof8.ely2026@gmail.com","false"
"2026-03-26","217.98","","","42","ETANOL","","","TGB8F88","LT","","PETROTRANS TRANSPORTES QUIMICOS E PETROQUIMICOS LTDA","COMBUSTÍVEIS","652127","6a086ed4a508cd541f58b225","2026-05-16T13:19:16.027000","2026-05-16T13:19:16.027000","6a0720445c9dd6ed8a2275ed","grupof8.ely2026@gmail.com","false"
"2026-04-27","218.96","","","43.88","ETANOL","","","TGC8F88","LT","","AUTO POSTO SANTA LUZIA LTDA","COMBUSTÍVEIS","1400421","6a086ed4a508cd541f58b240","2026-05-16T13:19:16.027000","2026-05-16T13:19:16.027000","6a0720445c9dd6ed8a2275ed","grupof8.ely2026@gmail.com","false"
"2026-03-17","216.92","","","47.26","ETANOL","","","TGD8F88","LT","","AUTO POSTO URUGUAI LTDA","COMBUSTÍVEIS","275141","6a086ed4a508cd541f58b262","2026-05-16T13:19:16.027000","2026-05-16T13:19:16.027000","6a0720445c9dd6ed8a2275ed","grupof8.ely2026@gmail.com","false"
"2026-02-12","212.06","","","40.47","ETANOL","","","TGD8F88","LT","","TRÊS BARRAS COMBUSTÍVEIS LTDA","COMBUSTÍVEIS","16168","6a086ed4a508cd541f58b253","2026-05-16T13:19:16.027000","2026-05-16T13:19:16.027000","6a0720445c9dd6ed8a2275ed","grupof8.ely2026@gmail.com","false"
"2026-03-03","215.95","","","42.43","ETANOL","","","TGD8F88","LT","","POSTO ITALIA","COMBUSTÍVEIS","475873","6a086ed4a508cd541f58b258","2026-05-16T13:19:16.027000","2026-05-16T13:19:16.027000","6a0720445c9dd6ed8a2275ed","grupof8.ely2026@gmail.com","false"
"2026-03-09","170.01","","","32.75","ETANOL","","","TGB8F88","LT","","QUALIS COMBUSTIVEIS LTDA","COMBUSTÍVEIS","112320","6a086ed4a508cd541f58b21b","2026-05-16T13:19:16.027000","2026-05-16T13:19:16.027000","6a0720445c9dd6ed8a2275ed","grupof8.ely2026@gmail.com","false"
"2026-01-06","155.31","","","31.76","ETANOL","","","TGD8F88","LT","","POSTO GERAR LTDA","COMBUSTÍVEIS","1695889","6a086ed4a508cd541f58b241","2026-05-16T13:19:16.027000","2026-05-16T13:19:16.027000","6a0720445c9dd6ed8a2275ed","grupof8.ely2026@gmail.com","false"
"2026-03-09","189.62","","","40.43","ETANOL","","","TGD8F88","LT","","POSTO PRATAO LTDA","COMBUSTÍVEIS","1081564","6a086ed4a508cd541f58b25d","2026-05-16T13:19:16.027000","2026-05-16T13:19:16.027000","6a0720445c9dd6ed8a2275ed","grupof8.ely2026@gmail.com","false"
"2026-03-25","216.87","","","51.76","ETANOL","","","TGD8F88","LT","","REDE DE POSTOS MARAJÓ GUAPO LTDA","COMBUSTÍVEIS","18760","6a086ed4a508cd541f58b267","2026-05-16T13:19:16.027000","2026-05-16T13:19:16.027000","6a0720445c9dd6ed8a2275ed","grupof8.ely2026@gmail.com","false"
"2026-03-12","241.33","","","47.6","ETANOL","","","TGB8F88","LT","","PETROIPO AUTO POSTO LTDA","COMBUSTÍVEIS","641246","6a086ed4a508cd541f58b21c","2026-05-16T13:19:16.027000","2026-05-16T13:19:16.027000","6a0720445c9dd6ed8a2275ed","grupof8.ely2026@gmail.com","false"
"2026-02-11","139.06","","","29.65","ETANOL","","","TGB8F88","LT","","POSTO SHOPPING","COMBUSTÍVEIS","334291","6a086ed4a508cd541f58b211","2026-05-16T13:19:16.027000","2026-05-16T13:19:16.027000","6a0720445c9dd6ed8a2275ed","grupof8.ely2026@gmail.com","false"
"2026-03-17","211.06","","","47.43","ETANOL","","","TGB8F88","LT","","POSTO BARCELONA LTDA","COMBUSTÍVEIS","628976","6a086ed4a508cd541f58b21e","2026-05-16T13:19:16.027000","2026-05-16T13:19:16.027000","6a0720445c9dd6ed8a2275ed","grupof8.ely2026@gmail.com","false"
"2026-04-22","163.53","","","37.25","ETANOL","","","TGB8F88","LT","","CENTRO AUTOMOTIVO SETE ESTRELAS LTDA","COMBUSTÍVEIS","64783","6a086ed4a508cd541f58b232","2026-05-16T13:19:16.027000","2026-05-16T13:19:16.027000","6a0720445c9dd6ed8a2275ed","grupof8.ely2026@gmail.com","false"
"2026-03-13","241.17","","","49.32","ETANOL","","","TGD8F88","LT","","POSTO PRATAO LTDA","COMBUSTÍVEIS","87403","6a086ed4a508cd541f58b260","2026-05-16T13:19:16.027000","2026-05-16T13:19:16.027000","6a0720445c9dd6ed8a2275ed","grupof8.ely2026@gmail.com","false"
"2026-02-20","166.78","","","35.56","ETANOL","","","TGC8F88","LT","","POSTO GERAR LTDA","COMBUSTÍVEIS","14172","6a086ed4a508cd541f58b23a","2026-05-16T13:19:16.027000","2026-05-16T13:19:16.027000","6a0720445c9dd6ed8a2275ed","grupof8.ely2026@gmail.com","false"
"2026-03-23","236.88","","","47.47","ETANOL","","","TGB8F88","LT","","POSTO PARACATU LTDA","COMBUSTÍVEIS","429327","6a086ed4a508cd541f58b221","2026-05-16T13:19:16.027000","2026-05-16T13:19:16.027000","6a0720445c9dd6ed8a2275ed","grupof8.ely2026@gmail.com","false"
"2026-04-09","173.12","","","36.6","ETANOL","","","TGB8F88","LT","","HOT PETRO AUTO POSTO","COMBUSTÍVEIS","214040","6a086ed4a508cd541f58b22c","2026-05-16T13:19:16.027000","2026-05-16T13:19:16.027000","6a0720445c9dd6ed8a2275ed","grupof8.ely2026@gmail.com","false"
"2026-03-24","164.15","","","29","ETANOL","","","TGB8F88","LT","","POSTO GUANHAES LTDA","COMBUSTÍVEIS","811730","6a086ed4a508cd541f58b224","2026-05-16T13:19:16.027000","2026-05-16T13:19:16.027000","6a0720445c9dd6ed8a2275ed","grupof8.ely2026@gmail.com","false"
"2026-03-24","203.08","","","35.38","ETANOL","","","TGB8F88","LT","","POSTO BOIADEIRO II","COMBUSTÍVEIS","719395","6a086ed4a508cd541f58b223","2026-05-16T13:19:16.027000","2026-05-16T13:19:16.027000","6a0720445c9dd6ed8a2275ed","grupof8.ely2026@gmail.com","false"
"2026-02-13","134.07","","","29.21","ETANOL","","","TGB8F88","LT","","AUTO POSTO BRASILIA II LTDA","COMBUSTÍVEIS","1147072","6a086ed4a508cd541f58b216","2026-05-16T13:19:16.027000","2026-05-16T13:19:16.027000","6a0720445c9dd6ed8a2275ed","grupof8.ely2026@gmail.com","false"
"2026-01-28","169.96","","","34.06","ETANOL","","","TGD8F88","LT","","POSTO GALVAO BRASIL LTDA","COMBUSTÍVEIS","332017","6a086ed4a508cd541f58b24e","2026-05-16T13:19:16.027000","2026-05-16T13:19:16.027000","6a0720445c9dd6ed8a2275ed","grupof8.ely2026@gmail.com","false"
"2026-02-03","241.12","","","50.87","ETANOL","","","TGD8F88","LT","","ALVES E ROCHA LTDA","COMBUSTÍVEIS","1202838","6a086ed4a508cd541f58b251","2026-05-16T13:19:16.027000","2026-05-16T13:19:16.027000","6a0720445c9dd6ed8a2275ed","grupof8.ely2026@gmail.com","false"
"2026-02-07","258.59","","","49.35","ETANOL","","","TGD8F88","LT","","AUTO POSTO WATANABE LTDA","COMBUSTÍVEIS","1585578","6a086ed4a508cd541f58b252","2026-05-16T13:19:16.027000","2026-05-16T13:19:16.027000","6a0720445c9dd6ed8a2275ed","grupof8.ely2026@gmail.com","false"
"2026-03-28","311.35","","","50.29","ETANOL","","","TGB8F88","LT","","POSTO ANEL VIARIO","COMBUSTÍVEIS","991688","6a086ed4a508cd541f58b227","2026-05-16T13:19:16.027000","2026-05-16T13:19:16.027000","6a0720445c9dd6ed8a2275ed","grupof8.ely2026@gmail.com","false"
"2026-01-07","183.74","","","38.36","ETANOL","","","TGD8F88","LT","","AUTO POSTO INDIARA LTDA","COMBUSTÍVEIS","46837","6a086ed4a508cd541f58b242","2026-05-16T13:19:16.027000","2026-05-16T13:19:16.027000","6a0720445c9dd6ed8a2275ed","grupof8.ely2026@gmail.com","false"
"2026-03-16","108.96","","","22.28","ETANOL","","","TGA8F88","LT","","POSTO SÃO ROQUE SIMOLÂNDIA LTDA","COMBUSTÍVEIS","269560","6a086ed4a508cd541f58b1e7","2026-05-16T13:19:16.026000","2026-05-16T13:19:16.026000","6a0720445c9dd6ed8a2275ed","grupof8.ely2026@gmail.com","false"
"2026-03-04","221.44","","","46.23","ETANOL","","","TGA8F88","LT","","IPETRO COMERCIO DE COMBUSTIVEIS LTDA","COMBUSTÍVEIS","742817","6a086ed4a508cd541f58b1e3","2026-05-16T13:19:16.026000","2026-05-16T13:19:16.026000","6a0720445c9dd6ed8a2275ed","grupof8.ely2026@gmail.com","false"
"2026-04-20","83.06","","","15.41","ETANOL","","","SDN9A99","LT","","POSTO SABADIN II LTDA","COMBUSTÍVEIS","11288","6a086ed4a508cd541f58b1c4","2026-05-16T13:19:16.026000","2026-05-16T13:19:16.026000","6a0720445c9dd6ed8a2275ed","grupof8.ely2026@gmail.com","false"
"2026-04-10","258.72","","","48","ETANOL","","","SDN9A99","LT","","POSTO SABADIN II LTDA","COMBUSTÍVEIS","434452","6a086ed4a508cd541f58b1c3","2026-05-16T13:19:16.026000","2026-05-16T13:19:16.026000","6a0720445c9dd6ed8a2275ed","grupof8.ely2026@gmail.com","false"
"2026-01-29","298.63","","","50.53","ETANOL","","","TGB8F88","LT","","AUTO POSTO DDD 242","COMBUSTÍVEIS","286603","6a086ed4a508cd541f58b207","2026-05-16T13:19:16.026000","2026-05-16T13:19:16.026000","6a0720445c9dd6ed8a2275ed","grupof8.ely2026@gmail.com","false"
"2026-02-05","199.98","","","41.75","ETANOL","","","TGA8F88","LT","","POSTO BARCELONA LTDA","COMBUSTÍVEIS","626540","6a086ed4a508cd541f58b1d9","2026-05-16T13:19:16.026000","2026-05-16T13:19:16.026000","6a0720445c9dd6ed8a2275ed","grupof8.ely2026@gmail.com","false"
"2026-01-27","224.83","","","43.32","ETANOL","","","TGB8F88","LT","","DELTTA COMBUSTÌVEÏS LTDA","COMBUSTÍVEIS","246239","6a086ed4a508cd541f58b204","2026-05-16T13:19:16.026000","2026-05-16T13:19:16.026000","6a0720445c9dd6ed8a2275ed","grupof8.ely2026@gmail.com","false"
"2026-03-18","250.43","","","46.81","ETANOL","","","TGA8F88","LT","","AUTO POSTO VALE LTDA","COMBUSTÍVEIS","2714531","6a086ed4a508cd541f58b1eb","2026-05-16T13:19:16.026000","2026-05-16T13:19:16.026000","6a0720445c9dd6ed8a2275ed","grupof8.ely2026@gmail.com","false"
"2026-04-22","187.88","","","40.06","ETANOL","","","TGA8F88","LT","","DECIO COMERCIO E SERVICOS RODOVIARIOS LTDA","COMBUSTÍVEIS","143026","6a086ed4a508cd541f58b1f8","2026-05-16T13:19:16.026000","2026-05-16T13:19:16.026000","6a0720445c9dd6ed8a2275ed","grupof8.ely2026@gmail.com","false"
"2026-01-26","240.5","","","47.25","ETANOL","","","TGB8F88","LT","","AUTO POSTO URUGUAI LTDA","COMBUSTÍVEIS","259225","6a086ed4a508cd541f58b200","2026-05-16T13:19:16.026000","2026-05-16T13:19:16.026000","6a0720445c9dd6ed8a2275ed","grupof8.ely2026@gmail.com","false"
"2026-01-27","81.26","","","16.93","ETANOL","","","TGB8F88","LT","","POSTO POWER COMERCIO DE DERIVADOS DE PETROLEO LTDA","COMBUSTÍVEIS","8421","6a086ed4a508cd541f58b201","2026-05-16T13:19:16.026000","2026-05-16T13:19:16.026000","6a0720445c9dd6ed8a2275ed","grupof8.ely2026@gmail.com","false"
"2026-02-21","171.19","","","38.47","ETANOL","","","TGA8F88","LT","","PETRO RIO COMERCIO DE DERIVADOS DE PETROLEO LTDA","COMBUSTÍVEIS","594125","6a086ed4a508cd541f58b1de","2026-05-16T13:19:16.026000","2026-05-16T13:19:16.026000","6a0720445c9dd6ed8a2275ed","grupof8.ely2026@gmail.com","false"
"2026-03-13","221.76","","","49.39","ETANOL","","","TGA8F88","LT","","AUTO POSTO INDIANAPOLIS LTDA","COMBUSTÍVEIS","1819362","6a086ed4a508cd541f58b1e5","2026-05-16T13:19:16.026000","2026-05-16T13:19:16.026000","6a0720445c9dd6ed8a2275ed","grupof8.ely2026@gmail.com","false"
"2026-03-20","228.69","","","40.91","ETANOL","","","TGA8F88","LT","","POSTO DE COMBUSTIVEIS RIO CORRENTINA 1 LTDA","COMBUSTÍVEIS","806483","6a086ed4a508cd541f58b1ef","2026-05-16T13:19:16.026000","2026-05-16T13:19:16.026000","6a0720445c9dd6ed8a2275ed","grupof8.ely2026@gmail.com","false"
"2026-04-28","278.93","","","53.24","ETANOL","","","TGA8F88","LT","","AUTO POSTO NOVO MILLENIUM LTDA","COMBUSTÍVEIS","199138","6a086ed4a508cd541f58b1fb","2026-05-16T13:19:16.026000","2026-05-16T13:19:16.026000","6a0720445c9dd6ed8a2275ed","grupof8.ely2026@gmail.com","false"
"2026-01-31","120","","","24.54","ETANOL","","","TGA8F88","LT","","QUALIS COMBUSTIVEIS LTDA","COMBUSTÍVEIS","101431","6a086ed4a508cd541f58b1d7","2026-05-16T13:19:16.026000","2026-05-16T13:19:16.026000","6a0720445c9dd6ed8a2275ed","grupof8.ely2026@gmail.com","false"
"2026-03-17","239.22","","","46.54","ETANOL","","","TGA8F88","LT","","POSTO COPA 70","COMBUSTÍVEIS","626245","6a086ed4a508cd541f58b1ea","2026-05-16T13:19:16.026000","2026-05-16T13:19:16.026000","6a0720445c9dd6ed8a2275ed","grupof8.ely2026@gmail.com","false"
"2026-04-16","184.7","","","37.77","ETANOL","","","TGA8F88","LT","","AUTO POSTO URUGUAI LTDA","COMBUSTÍVEIS","283840","6a086ed4a508cd541f58b1f7","2026-05-16T13:19:16.026000","2026-05-16T13:19:16.026000","6a0720445c9dd6ed8a2275ed","grupof8.ely2026@gmail.com","false"
"2026-01-27","166.75","","","32.13","ETANOL","","","TGB8F88","LT","","MINAS BR COMBUSTIVEIS LTDA","COMBUSTÍVEIS","12310","6a086ed4a508cd541f58b202","2026-05-16T13:19:16.026000","2026-05-16T13:19:16.026000","6a0720445c9dd6ed8a2275ed","grupof8.ely2026@gmail.com","false"
"2026-03-21","174.65","","","35","ETANOL","","","TGA8F88","LT","","AUTO POSTO MADAGASCAR LTDA","COMBUSTÍVEIS","339473","6a086ed4a508cd541f58b1f1","2026-05-16T13:19:16.026000","2026-05-16T13:19:16.026000","6a0720445c9dd6ed8a2275ed","grupof8.ely2026@gmail.com","false"
"2026-04-07","229.71","","","44.26","ETANOL","","","SDN9A99","LT","","AUTO POSTO BERNARDO SAYÃO LTDA","COMBUSTÍVEIS","292692","6a086ed4a508cd541f58b1c2","2026-05-16T13:19:16.026000","2026-05-16T13:19:16.026000","6a0720445c9dd6ed8a2275ed","grupof8.ely2026@gmail.com","false"
"2026-02-04","193.46","","","38.77","ETANOL","","","TGA8F88","LT","","POSTO PARACATU LTDA","COMBUSTÍVEIS","408808","6a086ed4a508cd541f58b1d8","2026-05-16T13:19:16.026000","2026-05-16T13:19:16.026000","6a0720445c9dd6ed8a2275ed","grupof8.ely2026@gmail.com","false"
"2026-01-30","177.94","","","36.02","ETANOL","","","TGB8F88","LT","","POSTO SÃO ROQUE SIMOLÂNDIA LTDA","COMBUSTÍVEIS","259845","6a086ed4a508cd541f58b209","2026-05-16T13:19:16.026000","2026-05-16T13:19:16.026000","6a0720445c9dd6ed8a2275ed","grupof8.ely2026@gmail.com","false"
"2026-04-01","127.99","","","25.69","ETANOL","","","SDN9A99","LT","","AUTO POSTO MADAGASCAR LTDA","COMBUSTÍVEIS","341092","6a086ed4a508cd541f58b1bf","2026-05-16T13:19:16.026000","2026-05-16T13:19:16.026000","6a0720445c9dd6ed8a2275ed","grupof8.ely2026@gmail.com","false"
"2026-01-09","248.7","","","47.92","ETANOL","","","TGA8F88","LT","","PETROTRANS TRANSPORTES QUIMICOS E PETROQUIMICOS LTDA","COMBUSTÍVEIS","620917","6a086ed4a508cd541f58b1c9","2026-05-16T13:19:16.026000","2026-05-16T13:19:16.026000","6a0720445c9dd6ed8a2275ed","grupof8.ely2026@gmail.com","false"
"2026-01-29","108.08","","","19.68","ETANOL","","","TGB8F88","LT","","POSTO SEABRA LTDA","COMBUSTÍVEIS","32135","6a086ed4a508cd541f58b206","2026-05-16T13:19:16.026000","2026-05-16T13:19:16.026000","6a0720445c9dd6ed8a2275ed","grupof8.ely2026@gmail.com","false"
"2026-02-04","179.86","","","37.55","ETANOL","","","TGB8F88","LT","","REDE JOJO DE COMBUSTIVEIS II LTDA","COMBUSTÍVEIS","774695","6a086ed4a508cd541f58b20b","2026-05-16T13:19:16.026000","2026-05-16T13:19:16.026000","6a0720445c9dd6ed8a2275ed","grupof8.ely2026@gmail.com","false"
"2026-02-05","208.7","","","43.57","ETANOL","","","TGB8F88","LT","","REDE JOJO DE COMBUSTIVEIS II LTDA","COMBUSTÍVEIS","775056","6a086ed4a508cd541f58b20c","2026-05-16T13:19:16.026000","2026-05-16T13:19:16.026000","6a0720445c9dd6ed8a2275ed","grupof8.ely2026@gmail.com","false"
"2026-03-30","144.15","","","27.99","ETANOL","","","TGA8F88","LT","","POSTO SAO ROQUE LTDA","COMBUSTÍVEIS","1113470","6a086ed4a508cd541f58b1f3","2026-05-16T13:19:16.026000","2026-05-16T13:19:16.026000","6a0720445c9dd6ed8a2275ed","grupof8.ely2026@gmail.com","false"
"2026-01-07","222.55","","","44.07","ETANOL","","","TGA8F88","LT","","POSTO E RESTAURANTE MAR DOCE LTDA","COMBUSTÍVEIS","726440","6a086ed4a508cd541f58b1c7","2026-05-16T13:19:16.026000","2026-05-16T13:19:16.026000","6a0720445c9dd6ed8a2275ed","grupof8.ely2026@gmail.com","false"
"2026-01-22","146.19","","","30.52","ETANOL","","","TGA8F88","LT","","SERTANEJA COM COMBUSTIVEIS DER DE PETROLEO LTDA.","COMBUSTÍVEIS","869946","6a086ed4a508cd541f58b1d0","2026-05-16T13:19:16.026000","2026-05-16T13:19:16.026000","6a0720445c9dd6ed8a2275ed","grupof8.ely2026@gmail.com","false"
"2026-01-28","234.04","","","48.86","ETANOL","","","TGA8F88","LT","","IPETRO COMERCIO DE COMBUSTIVEIS LTDA","COMBUSTÍVEIS","738326","6a086ed4a508cd541f58b1d4","2026-05-16T13:19:16.026000","2026-05-16T13:19:16.026000","6a0720445c9dd6ed8a2275ed","grupof8.ely2026@gmail.com","false"
"2026-01-29","180.06","","","37.59","ETANOL","","","TGA8F88","LT","","IPETRO COMERCIO DE COMBUSTIVEIS LTDA","COMBUSTÍVEIS","738478","6a086ed4a508cd541f58b1d5","2026-05-16T13:19:16.026000","2026-05-16T13:19:16.026000","6a0720445c9dd6ed8a2275ed","grupof8.ely2026@gmail.com","false"
"2026-03-30","155.84","","","1","ETANOL","","","TGA8F88","LT","","AUTO POSTO URUGUAI LTDA","COMBUSTÍVEIS","278908","6a086ed4a508cd541f58b1f2","2026-05-16T13:19:16.026000","2026-05-16T13:19:16.026000","6a0720445c9dd6ed8a2275ed","grupof8.ely2026@gmail.com","false"
"2026-02-12","165.43","","","32.5","ETANOL","","","TGA8F88","LT","","AUTO POSTO URUGUAI LTDA","COMBUSTÍVEIS","265274","6a086ed4a508cd541f58b1db","2026-05-16T13:19:16.026000","2026-05-16T13:19:16.026000","6a0720445c9dd6ed8a2275ed","grupof8.ely2026@gmail.com","false"
"2026-01-27","140.6","","","25.61","ETANOL","","","TGB8F88","LT","","POSTO SEABRA LTDA","COMBUSTÍVEIS","15535","6a086ed4a508cd541f58b203","2026-05-16T13:19:16.026000","2026-05-16T13:19:16.026000","6a0720445c9dd6ed8a2275ed","grupof8.ely2026@gmail.com","false"
"2026-04-06","210.94","","","41.36","ETANOL","","","SDN9A99","LT","","REDE DE POSTOS TOCA DA ONCA URUACU","COMBUSTÍVEIS","64266","6a086ed4a508cd541f58b1c0","2026-05-16T13:19:16.026000","2026-05-16T13:19:16.026000","6a0720445c9dd6ed8a2275ed","grupof8.ely2026@gmail.com","false"
"2026-04-23","158.05","","","33.7","ETANOL","","","TGA8F88","LT","","DECIO COMERCIO E SERVICOS RODOVIARIOS LTDA","COMBUSTÍVEIS","226240","6a086ed4a508cd541f58b1fa","2026-05-16T13:19:16.026000","2026-05-16T13:19:16.026000","6a0720445c9dd6ed8a2275ed","grupof8.ely2026@gmail.com","false"
"2026-01-21","182.07","","","35.77","ETANOL","","","TGB8F88","LT","","AUTO POSTO URUGUAI LTDA","COMBUSTÍVEIS","257502","6a086ed4a508cd541f58b1ff","2026-05-16T13:19:16.026000","2026-05-16T13:19:16.026000","6a0720445c9dd6ed8a2275ed","grupof8.ely2026@gmail.com","false"
"2026-01-07","155","","","33.77","ETANOL","","","TGA8F88","LT","","POSTO SANTA RITA","COMBUSTÍVEIS","77799","6a086ed4a508cd541f58b1c6","2026-05-16T13:19:16.026000","2026-05-16T13:19:16.026000","6a0720445c9dd6ed8a2275ed","grupof8.ely2026@gmail.com","false"
"2026-01-28","40","","","7.77","ETANOL","","","TGB8F88","LT","","AUTO POSTO LEMOS","COMBUSTÍVEIS","23708","6a086ed4a508cd541f58b205","2026-05-16T13:19:16.026000","2026-05-16T13:19:16.026000","6a0720445c9dd6ed8a2275ed","grupof8.ely2026@gmail.com","false"
"2026-04-02","204.54","","","40.99","ETANOL","","","TGA8F88","LT","","POSTO DE COMBUSTIVEIS CORREA 020 LTDA","COMBUSTÍVEIS","218770","6a086ed4a508cd541f58b1f5","2026-05-16T13:19:16.026000","2026-05-16T13:19:16.026000","6a0720445c9dd6ed8a2275ed","grupof8.ely2026@gmail.com","false"
"2026-02-09","173.64","","","39.02","ETANOL","","","TGA8F88","LT","","PETRO RIO COMERCIO DE DERIVADOS DE PETROLEO LTDA","COMBUSTÍVEIS","595504","6a086ed4a508cd541f58b1da","2026-05-16T13:19:16.026000","2026-05-16T13:19:16.026000","6a0720445c9dd6ed8a2275ed","grupof8.ely2026@gmail.com","false"
"2026-01-14","115","","","23.28","ETANOL","","","TGA8F88","LT","","POSTO PARACATU LTDA","COMBUSTÍVEIS","399871","6a086ed4a508cd541f58b1cc","2026-05-16T13:19:16.026000","2026-05-16T13:19:16.026000","6a0720445c9dd6ed8a2275ed","grupof8.ely2026@gmail.com","false"
"2026-01-13","190.22","","","33.43","ETANOL","","","TGA8F88","LT","","TROPICAL DERIVADOS DE PETROLEO LTDA.","COMBUSTÍVEIS","926132","6a086ed4a508cd541f58b1cb","2026-05-16T13:19:16.026000","2026-05-16T13:19:16.026000","6a0720445c9dd6ed8a2275ed","grupof8.ely2026@gmail.com","false"
"2026-01-24","150.89","","","31.5","ETANOL","","","TGA8F88","LT","","AUTO POSTO TUCANO LTDA","COMBUSTÍVEIS","267705","6a086ed4a508cd541f58b1d1","2026-05-16T13:19:16.026000","2026-05-16T13:19:16.026000","6a0720445c9dd6ed8a2275ed","grupof8.ely2026@gmail.com","false"
"2026-02-27","244.24","","","50.99","ETANOL","","","TGA8F88","LT","","IPETRO COMERCIO DE COMBUSTIVEIS LTDA","COMBUSTÍVEIS","742140","6a086ed4a508cd541f58b1e1","2026-05-16T13:19:16.026000","2026-05-16T13:19:16.026000","6a0720445c9dd6ed8a2275ed","grupof8.ely2026@gmail.com","false"
"2026-03-16","148.48","","","1","ETANOL","","","TGA8F88","LT","","POSTO SAO ROQUE LTDA","COMBUSTÍVEIS","94910","6a086ed4a508cd541f58b1e6","2026-05-16T13:19:16.026000","2026-05-16T13:19:16.026000","6a0720445c9dd6ed8a2275ed","grupof8.ely2026@gmail.com","false"
"2026-03-06","245.17","","","47.23","ETANOL","","","TGA8F88","LT","","QUALIS COMBUSTIVEIS LTDA","COMBUSTÍVEIS","111385","6a086ed4a508cd541f58b1e4","2026-05-16T13:19:16.026000","2026-05-16T13:19:16.026000","6a0720445c9dd6ed8a2275ed","grupof8.ely2026@gmail.com","false"
"2026-03-19","84.34","","","17.53","ETANOL","","","TGA8F88","LT","","POSTO ELITE","COMBUSTÍVEIS","1866","6a086ed4a508cd541f58b1ec","2026-05-16T13:19:16.026000","2026-05-16T13:19:16.026000","6a0720445c9dd6ed8a2275ed","grupof8.ely2026@gmail.com","false"
"2026-01-08","108.02","","","23.13","ETANOL","","","TGA8F88","LT","","REDE HG COMBUSTIVEIS LTDA.","COMBUSTÍVEIS","1286167","6a086ed4a508cd541f58b1c8","2026-05-16T13:19:16.026000","2026-05-16T13:19:16.026000","6a0720445c9dd6ed8a2275ed","grupof8.ely2026@gmail.com","false"
"2026-03-20","120.28","","","20.08","ETANOL","","","TGA8F88","LT","","POSTO MEIRA COMERCIO DE COMBUSTIVEIS LTDA","COMBUSTÍVEIS","111621","6a086ed4a508cd541f58b1ee","2026-05-16T13:19:16.026000","2026-05-16T13:19:16.026000","6a0720445c9dd6ed8a2275ed","grupof8.ely2026@gmail.com","false"
"2026-02-23","212.89","","","41.02","ETANOL","","","TGA8F88","LT","","AGPETRO COMÉRCIO DE PETRÓLEO LTDA","COMBUSTÍVEIS","267551","6a086ed4a508cd541f58b1df","2026-05-16T13:19:16.026000","2026-05-16T13:19:16.026000","6a0720445c9dd6ed8a2275ed","grupof8.ely2026@gmail.com","false"
"2026-04-01","275.02","","","44.43","ETANOL","","","TGA8F88","LT","","POSTO GRUTA DA LAPA","COMBUSTÍVEIS","1346562","6a086ed4a508cd541f58b1f4","2026-05-16T13:19:16.026000","2026-05-16T13:19:16.026000","6a0720445c9dd6ed8a2275ed","grupof8.ely2026@gmail.com","false"
"2026-04-22","251.26","","","47.95","ETANOL","","","TGA8F88","LT","","AUTO POSTO NOVO MILLENIUM LTDA","COMBUSTÍVEIS","197235","6a086ed4a508cd541f58b1f9","2026-05-16T13:19:16.026000","2026-05-16T13:19:16.026000","6a0720445c9dd6ed8a2275ed","grupof8.ely2026@gmail.com","false"
"2026-03-16","222.6","","","42.08","ETANOL","","","TGA8F88","LT","","MINAS BR COMBUSTIVEIS LTDA","COMBUSTÍVEIS","525102","6a086ed4a508cd541f58b1e9","2026-05-16T13:19:16.026000","2026-05-16T13:19:16.026000","6a0720445c9dd6ed8a2275ed","grupof8.ely2026@gmail.com","false"
"2026-03-16","144.81","","","1","ETANOL","","","TGA8F88","LT","","POSTO SEABRA LTDA","COMBUSTÍVEIS","336328","6a086ed4a508cd541f58b1e8","2026-05-16T13:19:16.026000","2026-05-16T13:19:16.026000","6a0720445c9dd6ed8a2275ed","grupof8.ely2026@gmail.com","false"
"2026-01-10","248.55","","","47.89","ETANOL","","","TGA8F88","LT","","PETROTRANS TRANSPORTES QUIMICOS E PETROQUIMICOS LTDA","COMBUSTÍVEIS","621391","6a086ed4a508cd541f58b1ca","2026-05-16T13:19:16.026000","2026-05-16T13:19:16.026000","6a0720445c9dd6ed8a2275ed","grupof8.ely2026@gmail.com","false"
"2026-01-29","149.23","","","28.21","ETANOL","","","TGB8F88","LT","","AUTO POSTO PRECIOSO DO OESTE LTDA","COMBUSTÍVEIS","858477","6a086ed4a508cd541f58b208","2026-05-16T13:19:16.026000","2026-05-16T13:19:16.026000","6a0720445c9dd6ed8a2275ed","grupof8.ely2026@gmail.com","false"
"2026-01-14","194.93","","","38.6","ETANOL","","","TGA8F88","LT","","POSTO E RESTAURANTE MAR DOCE LTDA","COMBUSTÍVEIS","729255","6a086ed4a508cd541f58b1cd","2026-05-16T13:19:16.026000","2026-05-16T13:19:16.026000","6a0720445c9dd6ed8a2275ed","grupof8.ely2026@gmail.com","false"
"2026-02-24","230.02","","","48.02","ETANOL","","","TGA8F88","LT","","IPETRO COMERCIO DE COMBUSTIVEIS LTDA","COMBUSTÍVEIS","741708","6a086ed4a508cd541f58b1e0","2026-05-16T13:19:16.026000","2026-05-16T13:19:16.026000","6a0720445c9dd6ed8a2275ed","grupof8.ely2026@gmail.com","false"
"2026-04-10","100","","","19.08","ETANOL","","","TGA8F88","LT","","AUTO POSTO WALTER SANTOS LTDA","COMBUSTÍVEIS","1805246","6a086ed4a508cd541f58b1f6","2026-05-16T13:19:16.026000","2026-05-16T13:19:16.026000","6a0720445c9dd6ed8a2275ed","grupof8.ely2026@gmail.com","false"
"2026-01-30","222.74","","","46.5","ETANOL","","","TGA8F88","LT","","IPETRO COMERCIO DE COMBUSTIVEIS LTDA","COMBUSTÍVEIS","738635","6a086ed4a508cd541f58b1d6","2026-05-16T13:19:16.026000","2026-05-16T13:19:16.026000","6a0720445c9dd6ed8a2275ed","grupof8.ely2026@gmail.com","false"
"2026-01-26","176.57","","","36.1","ETANOL","","","TGA8F88","LT","","QUALIS COMBUSTIVEIS LTDA","COMBUSTÍVEIS","99865","6a086ed4a508cd541f58b1d2","2026-05-16T13:19:16.026000","2026-05-16T13:19:16.026000","6a0720445c9dd6ed8a2275ed","grupof8.ely2026@gmail.com","false"
"2026-03-21","150.99","","","31.52","ETANOL","","","TGA8F88","LT","","POSTO SÃO ROQUE SIMOLÂNDIA LTDA","COMBUSTÍVEIS","270581","6a086ed4a508cd541f58b1f0","2026-05-16T13:19:16.026000","2026-05-16T13:19:16.026000","6a0720445c9dd6ed8a2275ed","grupof8.ely2026@gmail.com","false"
"2026-04-28","120.03","","","27.98","ETANOL","","","TGA8F88","LT","","AUTO POSTO TAMANDUA LTDA","COMBUSTÍVEIS","832573","6a086ed4a508cd541f58b1fc","2026-05-16T13:19:16.026000","2026-05-16T13:19:16.026000","6a0720445c9dd6ed8a2275ed","grupof8.ely2026@gmail.com","false"
"2026-01-06","218.83","","","43.85","ETANOL","","","TGA8F88","LT","","ROMEIROS 4 COMERCIO DE PETROLEO LTDA","COMBUSTÍVEIS","158697","6a086ed4a508cd541f58b1c5","2026-05-16T13:19:16.026000","2026-05-16T13:19:16.026000","6a0720445c9dd6ed8a2275ed","grupof8.ely2026@gmail.com","false"
"2026-01-27","195.24","","","40.76","ETANOL","","","TGA8F88","LT","","IPETRO COMERCIO DE COMBUSTIVEIS LTDA","COMBUSTÍVEIS","738165","6a086ed4a508cd541f58b1d3","2026-05-16T13:19:16.026000","2026-05-16T13:19:16.026000","6a0720445c9dd6ed8a2275ed","grupof8.ely2026@gmail.com","false"
"2026-01-07","179.98","","","35.36","ETANOL","","","TGB8F88","LT","","POSTO ITALIA","COMBUSTÍVEIS","473002","6a086ed4a508cd541f58b1fe","2026-05-16T13:19:16.026000","2026-05-16T13:19:16.026000","6a0720445c9dd6ed8a2275ed","grupof8.ely2026@gmail.com","false"
"2026-02-09","127.85","","","26.69","ETANOL","","","TGB8F88","LT","","CENTRO COMERCIAL CAMPESTRE E SERVICOS LTDA","COMBUSTÍVEIS","11198","6a086ed4a508cd541f58b20d","2026-05-16T13:19:16.026000","2026-05-16T13:19:16.026000","6a0720445c9dd6ed8a2275ed","grupof8.ely2026@gmail.com","false"
"2026-01-20","155.39","","","31.14","ETANOL","","","TGA8F88","LT","","POSTO GUANHAES LTDA","COMBUSTÍVEIS","763836","6a086ed4a508cd541f58b1ce","2026-05-16T13:19:16.026000","2026-05-16T13:19:16.026000","6a0720445c9dd6ed8a2275ed","grupof8.ely2026@gmail.com","false"
"2026-01-06","239.67","","","47.09","ETANOL","","","TGB8F88","LT","","AUTO POSTO NOVO MILLENIUM LTDA","COMBUSTÍVEIS","587","6a086ed4a508cd541f58b1fd","2026-05-16T13:19:16.026000","2026-05-16T13:19:16.026000","6a0720445c9dd6ed8a2275ed","grupof8.ely2026@gmail.com","false"
"2026-02-13","129.98","","","27.48","ETANOL","","","TGA8F88","LT","","CENTRO COMERCIAL CAMPESTRE E SERVICOS LTDA","COMBUSTÍVEIS","11668","6a086ed4a508cd541f58b1dc","2026-05-16T13:19:16.026000","2026-05-16T13:19:16.026000","6a0720445c9dd6ed8a2275ed","grupof8.ely2026@gmail.com","false"
"2026-02-13","199.96","","","41.06","ETANOL","","","TGA8F88","LT","","POSTO NUNES LTDA","COMBUSTÍVEIS","16691","6a086ed4a508cd541f58b1dd","2026-05-16T13:19:16.026000","2026-05-16T13:19:16.026000","6a0720445c9dd6ed8a2275ed","grupof8.ely2026@gmail.com","false"
"2026-04-07","196.74","","","36.5","ETANOL","","","SDN9A99","LT","","DECIO COMERCIO E SERVICOS RODOVIARIOS LTDA","COMBUSTÍVEIS","64094","6a086ed4a508cd541f58b1c1","2026-05-16T13:19:16.026000","2026-05-16T13:19:16.026000","6a0720445c9dd6ed8a2275ed","grupof8.ely2026@gmail.com","false"
"2026-03-03","183.05","","","42.66","ETANOL","","","TGA8F88","LT","","AUTO POSTO CASCAVEL LTDA","COMBUSTÍVEIS","371891","6a086ed4a508cd541f58b1e2","2026-05-16T13:19:16.026000","2026-05-16T13:19:16.026000","6a0720445c9dd6ed8a2275ed","grupof8.ely2026@gmail.com","false"
"2026-01-22","255.76","","","48.81","ETANOL","","","TGA8F88","LT","","AUTO POSTO CASCAVEL LTDA","COMBUSTÍVEIS","356204","6a086ed4a508cd541f58b1cf","2026-05-16T13:19:16.026000","2026-05-16T13:19:16.026000","6a0720445c9dd6ed8a2275ed","grupof8.ely2026@gmail.com","false"
"2026-03-19","269.81","","","48.18","ETANOL","","","TGA8F88","LT","","BRITTIS POSTO","COMBUSTÍVEIS","481551","6a086ed4a508cd541f58b1ed","2026-05-16T13:19:16.026000","2026-05-16T13:19:16.026000","6a0720445c9dd6ed8a2275ed","grupof8.ely2026@gmail.com","false"
"2026-02-02","257.4","","","50.57","ETANOL","","","TGB8F88","LT","","AUTO POSTO URUGUAI LTDA","COMBUSTÍVEIS","261516","6a086ed4a508cd541f58b20a","2026-05-16T13:19:16.026000","2026-05-16T13:19:16.026000","6a0720445c9dd6ed8a2275ed","grupof8.ely2026@gmail.com","false"
"2026-04-07","141.03","","","28.84","ETANOL","","","RTK7F94","LT","","AUTO POSTO NOVO MILLENIUM LTDA","COMBUSTÍVEIS","177019","6a086ed4a508cd541f58b194","2026-05-16T13:19:16.025000","2026-05-16T13:19:16.025000","6a0720445c9dd6ed8a2275ed","grupof8.ely2026@gmail.com","false"
"2026-04-22","198.14","","","40.52","ETANOL","","","SDB0G19","LT","","AUTO POSTO URUGUAI LTDA","COMBUSTÍVEIS","285827","6a086ed4a508cd541f58b19e","2026-05-16T13:19:16.025000","2026-05-16T13:19:16.025000","6a0720445c9dd6ed8a2275ed","grupof8.ely2026@gmail.com","false"
"2026-01-19","186.14","","","36.57","ETANOL","","","SDF7I44","LT","","AUTO POSTO URUGUAI LTDA","COMBUSTÍVEIS","256510","6a086ed4a508cd541f58b1a3","2026-05-16T13:19:16.025000","2026-05-16T13:19:16.025000","6a0720445c9dd6ed8a2275ed","grupof8.ely2026@gmail.com","false"
"2026-01-08","239.58","","","47.07","ETANOL","","","NKV6598","LT","","AUTO POSTO NOVO MILLENIUM LTDA","COMBUSTÍVEIS","597","6a086ed4a508cd541f58b166","2026-05-16T13:19:16.025000","2026-05-16T13:19:16.025000","6a0720445c9dd6ed8a2275ed","grupof8.ely2026@gmail.com","false"
"2026-04-23","236.53","","","45.14","ETANOL","","","SDB0G19","LT","","AUTO POSTO NOVO MILLENIUM LTDA","COMBUSTÍVEIS","197521","6a086ed4a508cd541f58b19f","2026-05-16T13:19:16.025000","2026-05-16T13:19:16.025000","6a0720445c9dd6ed8a2275ed","grupof8.ely2026@gmail.com","false"
"2026-03-26","221.91","","","44.47","ETANOL","","","NKV6598","LT","","POSTO MILLENIUM DIMAG LTDA - EPP","COMBUSTÍVEIS","299686","6a086ed4a508cd541f58b179","2026-05-16T13:19:16.025000","2026-05-16T13:19:16.025000","6a0720445c9dd6ed8a2275ed","grupof8.ely2026@gmail.com","false"
"2026-03-03","213.07","","","42.7","ETANOL","","","NKV6598","LT","","POSTO MADRI LTDA","COMBUSTÍVEIS","1507647","6a086ed4a508cd541f58b172","2026-05-16T13:19:16.025000","2026-05-16T13:19:16.025000","6a0720445c9dd6ed8a2275ed","grupof8.ely2026@gmail.com","false"
"2026-02-18","204.24","","","38.97","ETANOL","","","SDF7I44","LT","","TRÊS BARRAS COMBUSTÍVEIS LTDA","COMBUSTÍVEIS","22856","6a086ed4a508cd541f58b1aa","2026-05-16T13:19:16.025000","2026-05-16T13:19:16.025000","6a0720445c9dd6ed8a2275ed","grupof8.ely2026@gmail.com","false"
"2026-01-16","183.42","","","37.51","ETANOL","","","NKV6598","LT","","POSTO MILLENIUM DIMAG LTDA - EPP","COMBUSTÍVEIS","276028","6a086ed4a508cd541f58b168","2026-05-16T13:19:16.025000","2026-05-16T13:19:16.025000","6a0720445c9dd6ed8a2275ed","grupof8.ely2026@gmail.com","false"
"2026-03-03","171.63","","","43.45","ETANOL","","","SDF7I44","LT","","TRÊS BARRAS COMBUSTÍVEIS LTDA","COMBUSTÍVEIS","24418","6a086ed4a508cd541f58b1ae","2026-05-16T13:19:16.025000","2026-05-16T13:19:16.025000","6a0720445c9dd6ed8a2275ed","grupof8.ely2026@gmail.com","false"
"2026-04-13","241.08","","","46.45","ETANOL","","","OOB2688","LT","","POSTO KARAKA DERIVADOS DE PETROLEO LTDA","COMBUSTÍVEIS","14875","6a086ed4a508cd541f58b191","2026-05-16T13:19:16.025000","2026-05-16T13:19:16.025000","6a0720445c9dd6ed8a2275ed","grupof8.ely2026@gmail.com","false"
"2026-03-06","217.35","","","49.51","ETANOL","","","NKV6598","LT","","AUTO POSTO DRIM LTDA","COMBUSTÍVEIS","712988","6a086ed4a508cd541f58b173","2026-05-16T13:19:16.025000","2026-05-16T13:19:16.025000","6a0720445c9dd6ed8a2275ed","grupof8.ely2026@gmail.com","false"
"2026-03-18","221.65","","","50.49","ETANOL","","","SCD6D92","LT","","POSTO KARAKA DERIVADOS DE PETROLEO LTDA","COMBUSTÍVEIS","9949","6a086ed4a508cd541f58b19a","2026-05-16T13:19:16.025000","2026-05-16T13:19:16.025000","6a0720445c9dd6ed8a2275ed","grupof8.ely2026@gmail.com","false"
"2026-03-10","213.77","","","51.02","ETANOL","","","SCD6D92","LT","","ROTA 153 COMERCIO DE DERIVADOS DE PETROLEO LTDA","COMBUSTÍVEIS","11754","6a086ed4a508cd541f58b199","2026-05-16T13:19:16.025000","2026-05-16T13:19:16.025000","6a0720445c9dd6ed8a2275ed","grupof8.ely2026@gmail.com","false"
"2026-03-31","194.52","","","43.32","ETANOL","","","SDN9A99","LT","","SANTA MARIA DERIVADOS DE PETROLEO LTDA","COMBUSTÍVEIS","557604","6a086ed4a508cd541f58b1be","2026-05-16T13:19:16.025000","2026-05-16T13:19:16.025000","6a0720445c9dd6ed8a2275ed","grupof8.ely2026@gmail.com","false"
"2026-03-17","196.86","","","39.45","ETANOL","","","NKV6598","LT","","POSTO MILLENIUM DIMAG LTDA - EPP","COMBUSTÍVEIS","297126","6a086ed4a508cd541f58b176","2026-05-16T13:19:16.025000","2026-05-16T13:19:16.025000","6a0720445c9dd6ed8a2275ed","grupof8.ely2026@gmail.com","false"
"2026-04-24","235.07","","","44.86","ETANOL","","","SDF7I44","LT","","TRÊS BARRAS COMBUSTÍVEIS LTDA","COMBUSTÍVEIS","30797","6a086ed4a508cd541f58b1bc","2026-05-16T13:19:16.025000","2026-05-16T13:19:16.025000","6a0720445c9dd6ed8a2275ed","grupof8.ely2026@gmail.com","false"
"2026-01-29","186.7","","","36.68","ETANOL","","","ONP5G56","LT","","MP LOGISTICA COMBUSTIVEIS E CONVENIENCIA LTDA","COMBUSTÍVEIS","310643","6a086ed4a508cd541f58b186","2026-05-16T13:19:16.025000","2026-05-16T13:19:16.025000","6a0720445c9dd6ed8a2275ed","grupof8.ely2026@gmail.com","false"
"2026-01-26","139.98","","","27.5","ETANOL","","","SDF7I44","LT","","AUTO POSTO SERRANO LTDA","COMBUSTÍVEIS","625110","6a086ed4a508cd541f58b1a6","2026-05-16T13:19:16.025000","2026-05-16T13:19:16.025000","6a0720445c9dd6ed8a2275ed","grupof8.ely2026@gmail.com","false"
"2026-03-23","163.71","","","41.03","ETANOL","","","SDF7I44","LT","","TRÊS BARRAS COMBUSTÍVEIS LTDA","COMBUSTÍVEIS","26875","6a086ed4a508cd541f58b1b4","2026-05-16T13:19:16.025000","2026-05-16T13:19:16.025000","6a0720445c9dd6ed8a2275ed","grupof8.ely2026@gmail.com","false"
"2026-04-14","260.01","","","49.62","ETANOL","","","SDF7I44","LT","","TRÊS BARRAS COMBUSTÍVEIS LTDA","COMBUSTÍVEIS","29683","6a086ed4a508cd541f58b1ba","2026-05-16T13:19:16.025000","2026-05-16T13:19:16.025000","6a0720445c9dd6ed8a2275ed","grupof8.ely2026@gmail.com","false"
"2026-02-03","259.28","","","50.95","ETANOL","","","NKV6598","LT","","AUTO POSTO NOVO MILLENIUM LTDA","COMBUSTÍVEIS","174528","6a086ed4a508cd541f58b16d","2026-05-16T13:19:16.025000","2026-05-16T13:19:16.025000","6a0720445c9dd6ed8a2275ed","grupof8.ely2026@gmail.com","false"
"2026-02-13","170.67","","","33.53","ETANOL","","","ONP5G56","LT","","AUTO POSTO NOVO MILLENIUM LTDA","COMBUSTÍVEIS","177384","6a086ed4a508cd541f58b188","2026-05-16T13:19:16.025000","2026-05-16T13:19:16.025000","6a0720445c9dd6ed8a2275ed","grupof8.ely2026@gmail.com","false"
"2026-04-13","149.98","","","30.67","ETANOL","","","SDB0G19","LT","","AUTO POSTO URUGUAI LTDA","COMBUSTÍVEIS","282910","6a086ed4a508cd541f58b19d","2026-05-16T13:19:16.025000","2026-05-16T13:19:16.025000","6a0720445c9dd6ed8a2275ed","grupof8.ely2026@gmail.com","false"
"2026-02-27","205.85","","","46.89","ETANOL","","","NKV6598","LT","","AUTO POSTO DRIM LTDA","COMBUSTÍVEIS","711780","6a086ed4a508cd541f58b171","2026-05-16T13:19:16.025000","2026-05-16T13:19:16.025000","6a0720445c9dd6ed8a2275ed","grupof8.ely2026@gmail.com","false"
"2026-02-04","232.92","","","45.76","ETANOL","","","OOB2688","LT","","AUTO POSTO URUGUAI LTDA","COMBUSTÍVEIS","3694","6a086ed4a508cd541f58b18e","2026-05-16T13:19:16.025000","2026-05-16T13:19:16.025000","6a0720445c9dd6ed8a2275ed","grupof8.ely2026@gmail.com","false"
"2026-03-18","176.06","","","41.04","ETANOL","","","RTK7F94","LT","","AMF COMERCIAL DE DERIVADOS DE PETROLEO LTDA","COMBUSTÍVEIS","480828","6a086ed4a508cd541f58b192","2026-05-16T13:19:16.025000","2026-05-16T13:19:16.025000","6a0720445c9dd6ed8a2275ed","grupof8.ely2026@gmail.com","false"
"2026-02-26","190","","","43.28","ETANOL","","","SDF7I44","LT","","TRÊS BARRAS COMBUSTÍVEIS LTDA","COMBUSTÍVEIS","23741","6a086ed4a508cd541f58b1ad","2026-05-16T13:19:16.025000","2026-05-16T13:19:16.025000","6a0720445c9dd6ed8a2275ed","grupof8.ely2026@gmail.com","false"
"2026-04-08","144.04","","","36.1","ETANOL","","","SDF7I44","LT","","TRÊS BARRAS COMBUSTÍVEIS LTDA","COMBUSTÍVEIS","27673","6a086ed4a508cd541f58b1b8","2026-05-16T13:19:16.025000","2026-05-16T13:19:16.025000","6a0720445c9dd6ed8a2275ed","grupof8.ely2026@gmail.com","false"
"2026-04-15","183.03","","","34.93","ETANOL","","","NKV6598","LT","","POSTO MADRI LTDA","COMBUSTÍVEIS","1532442","6a086ed4a508cd541f58b17e","2026-05-16T13:19:16.025000","2026-05-16T13:19:16.025000","6a0720445c9dd6ed8a2275ed","grupof8.ely2026@gmail.com","false"
"2026-04-02","199.98","","","50.12","ETANOL","","","SDF7I44","LT","","TRÊS BARRAS COMBUSTÍVEIS LTDA","COMBUSTÍVEIS","28092","6a086ed4a508cd541f58b1b7","2026-05-16T13:19:16.025000","2026-05-16T13:19:16.025000","6a0720445c9dd6ed8a2275ed","grupof8.ely2026@gmail.com","false"
"2026-04-06","235.23","","","47.14","ETANOL","","","NKV6598","LT","","POSTO MILLENIUM DIMAG LTDA - EPP","COMBUSTÍVEIS","302269","6a086ed4a508cd541f58b17a","2026-05-16T13:19:16.025000","2026-05-16T13:19:16.025000","6a0720445c9dd6ed8a2275ed","grupof8.ely2026@gmail.com","false"
"2026-04-09","235.4","","","48.14","ETANOL","","","NKV6598","LT","","AUTO POSTO NOVO MILLENIUM LTDA","COMBUSTÍVEIS","190466","6a086ed4a508cd541f58b17c","2026-05-16T13:19:16.025000","2026-05-16T13:19:16.025000","6a0720445c9dd6ed8a2275ed","grupof8.ely2026@gmail.com","false"
"2026-04-28","205.3","","","39.18","ETANOL","","","NKV6598","LT","","AUTO POSTO NOVO MILLENIUM LTDA","COMBUSTÍVEIS","199141","6a086ed4a508cd541f58b181","2026-05-16T13:19:16.025000","2026-05-16T13:19:16.025000","6a0720445c9dd6ed8a2275ed","grupof8.ely2026@gmail.com","false"
"2026-03-11","50","","","10.89","ETANOL","","","ONP5G56","LT","","BOA VIAGEM COMERCIO DE DERIVADOS DE PETROLEO LTDA","COMBUSTÍVEIS","5956","6a086ed4a508cd541f58b18a","2026-05-16T13:19:16.025000","2026-05-16T13:19:16.025000","6a0720445c9dd6ed8a2275ed","grupof8.ely2026@gmail.com","false"
"2026-04-24","184.55","","","38.86","ETANOL","","","SCB8F89","LT","","AUTO POSTO Z+Z 307 NORTE LTDA","COMBUSTÍVEIS","1655924","6a086ed4a508cd541f58b197","2026-05-16T13:19:16.025000","2026-05-16T13:19:16.025000","6a0720445c9dd6ed8a2275ed","grupof8.ely2026@gmail.com","false"
"2026-01-28","184.71","","","35.25","ETANOL","","","SDF7I44","LT","","TRÊS BARRAS COMBUSTÍVEIS LTDA","COMBUSTÍVEIS","20490","6a086ed4a508cd541f58b1a7","2026-05-16T13:19:16.025000","2026-05-16T13:19:16.025000","6a0720445c9dd6ed8a2275ed","grupof8.ely2026@gmail.com","false"
"2026-01-22","245.81","","","46.91","ETANOL","","","NKV6598","LT","","POSTO ÁGUIA LTDA","COMBUSTÍVEIS","1117039","6a086ed4a508cd541f58b16a","2026-05-16T13:19:16.025000","2026-05-16T13:19:16.025000","6a0720445c9dd6ed8a2275ed","grupof8.ely2026@gmail.com","false"
"2026-02-19","225.78","","","46.17","ETANOL","","","NKV6598","LT","","POSTO MILLENIUM DIMAG LTDA - EPP","COMBUSTÍVEIS","288569","6a086ed4a508cd541f58b16f","2026-05-16T13:19:16.025000","2026-05-16T13:19:16.025000","6a0720445c9dd6ed8a2275ed","grupof8.ely2026@gmail.com","false"
"2026-01-21","203.85","","","40.05","ETANOL","","","ONP5G56","LT","","AUTO POSTO URUGUAI LTDA","COMBUSTÍVEIS","257380","6a086ed4a508cd541f58b185","2026-05-16T13:19:16.025000","2026-05-16T13:19:16.025000","6a0720445c9dd6ed8a2275ed","grupof8.ely2026@gmail.com","false"
"2026-02-23","203.25","","","38.78","ETANOL","","","SDF7I44","LT","","TRÊS BARRAS COMBUSTÍVEIS LTDA","COMBUSTÍVEIS","23506","6a086ed4a508cd541f58b1ac","2026-05-16T13:19:16.025000","2026-05-16T13:19:16.025000","6a0720445c9dd6ed8a2275ed","grupof8.ely2026@gmail.com","false"
"2026-01-20","166.01","","","34.3","ETANOL","","","NKV6598","LT","","AUTO POSTO DRIM LTDA","COMBUSTÍVEIS","705106","6a086ed4a508cd541f58b169","2026-05-16T13:19:16.025000","2026-05-16T13:19:16.025000","6a0720445c9dd6ed8a2275ed","grupof8.ely2026@gmail.com","false"
"2026-04-02","251.74","","","51.48","ETANOL","","","SCD6D92","LT","","AUTO POSTO NOVO MILLENIUM LTDA","COMBUSTÍVEIS","1419","6a086ed4a508cd541f58b19b","2026-05-16T13:19:16.025000","2026-05-16T13:19:16.025000","6a0720445c9dd6ed8a2275ed","grupof8.ely2026@gmail.com","false"
"2026-03-19","184.02","","","46.12","ETANOL","","","SDF7I44","LT","","TRÊS BARRAS COMBUSTÍVEIS LTDA","COMBUSTÍVEIS","26210","6a086ed4a508cd541f58b1b3","2026-05-16T13:19:16.025000","2026-05-16T13:19:16.025000","6a0720445c9dd6ed8a2275ed","grupof8.ely2026@gmail.com","false"
"2026-03-12","192.31","","","38.54","ETANOL","","","NKV6598","LT","","AUTO POSTO NOVO MILLENIUM LTDA","COMBUSTÍVEIS","185240","6a086ed4a508cd541f58b175","2026-05-16T13:19:16.025000","2026-05-16T13:19:16.025000","6a0720445c9dd6ed8a2275ed","grupof8.ely2026@gmail.com","false"
"2026-01-10","251.62","","","48.03","ETANOL","","","SCD6D92","LT","","POSTO DIAMANTINA LTDA","COMBUSTÍVEIS","7423","6a086ed4a508cd541f58b198","2026-05-16T13:19:16.025000","2026-05-16T13:19:16.025000","6a0720445c9dd6ed8a2275ed","grupof8.ely2026@gmail.com","false"
"2026-03-27","80","","","20.05","ETANOL","","","SDF7I44","LT","","TRÊS BARRAS COMBUSTÍVEIS LTDA","COMBUSTÍVEIS","27340","6a086ed4a508cd541f58b1b6","2026-05-16T13:19:16.025000","2026-05-16T13:19:16.025000","6a0720445c9dd6ed8a2275ed","grupof8.ely2026@gmail.com","false"
"2026-03-31","232.07","","","46","ETANOL","","","RTK7F94","LT","","AUTO POSTO CHAVES LTDA","COMBUSTÍVEIS","2100914","6a086ed4a508cd541f58b193","2026-05-16T13:19:16.025000","2026-05-16T13:19:16.025000","6a0720445c9dd6ed8a2275ed","grupof8.ely2026@gmail.com","false"
"2026-04-24","258.17","","","49.27","ETANOL","","","NKV6598","LT","","AUTO POSTO NOVO MILLENIUM LTDA","COMBUSTÍVEIS","197753","6a086ed4a508cd541f58b180","2026-05-16T13:19:16.025000","2026-05-16T13:19:16.025000","6a0720445c9dd6ed8a2275ed","grupof8.ely2026@gmail.com","false"
"2026-01-26","207.72","","","40.81","ETANOL","","","SDF7I44","LT","","MP LOGISTICA COMBUSTIVEIS E CONVENIENCIA LTDA","COMBUSTÍVEIS","310381","6a086ed4a508cd541f58b1a5","2026-05-16T13:19:16.025000","2026-05-16T13:19:16.025000","6a0720445c9dd6ed8a2275ed","grupof8.ely2026@gmail.com","false"
"2026-04-09","932.65","","","124.52","ETANOL","","","SDF8F89","LT","","POSTO MARINER DE RIBEIRAO","COMBUSTÍVEIS","162709","6a086ed4a508cd541f58b1bd","2026-05-16T13:19:16.025000","2026-05-16T13:19:16.025000","6a0720445c9dd6ed8a2275ed","grupof8.ely2026@gmail.com","false"
"2026-04-10","99.99","","","25.06","ETANOL","","","SDF7I44","LT","","TRÊS BARRAS COMBUSTÍVEIS LTDA","COMBUSTÍVEIS","29161","6a086ed4a508cd541f58b1b9","2026-05-16T13:19:16.025000","2026-05-16T13:19:16.025000","6a0720445c9dd6ed8a2275ed","grupof8.ely2026@gmail.com","false"
"2026-03-25","147.07","","","36.86","ETANOL","","","SDF7I44","LT","","TRÊS BARRAS COMBUSTÍVEIS LTDA","COMBUSTÍVEIS","27053","6a086ed4a508cd541f58b1b5","2026-05-16T13:19:16.025000","2026-05-16T13:19:16.025000","6a0720445c9dd6ed8a2275ed","grupof8.ely2026@gmail.com","false"
"2026-04-30","230.53","","","45.3","ETANOL","","","NKV6598","LT","","POSTO MILLENIUM DIMAG LTDA - EPP","COMBUSTÍVEIS","309777","6a086ed4a508cd541f58b182","2026-05-16T13:19:16.025000","2026-05-16T13:19:16.025000","6a0720445c9dd6ed8a2275ed","grupof8.ely2026@gmail.com","false"
"2026-03-31","145.85","","","34.81","ETANOL","","","ONP5G56","LT","","POSTO SABADIN II LTDA","COMBUSTÍVEIS","425221","6a086ed4a508cd541f58b18c","2026-05-16T13:19:16.025000","2026-05-16T13:19:16.025000","6a0720445c9dd6ed8a2275ed","grupof8.ely2026@gmail.com","false"
"2026-02-04","26.67","","","5.24","ETANOL","","","ONP5G56","LT","","AUTO POSTO URUGUAI LTDA","COMBUSTÍVEIS","3693","6a086ed4a508cd541f58b187","2026-05-16T13:19:16.025000","2026-05-16T13:19:16.025000","6a0720445c9dd6ed8a2275ed","grupof8.ely2026@gmail.com","false"
"2026-01-23","159.98","","","31.43","ETANOL","","","SDF7I44","LT","","AUTO POSTO URUGUAI LTDA","COMBUSTÍVEIS","258181","6a086ed4a508cd541f58b1a4","2026-05-16T13:19:16.025000","2026-05-16T13:19:16.025000","6a0720445c9dd6ed8a2275ed","grupof8.ely2026@gmail.com","false"
"2026-04-29","249.22","","","50.45","ETANOL","","","SDB0G19","LT","","POSTO DIAMANTINA LTDA","COMBUSTÍVEIS","1875022","6a086ed4a508cd541f58b1a0","2026-05-16T13:19:16.025000","2026-05-16T13:19:16.025000","6a0720445c9dd6ed8a2275ed","grupof8.ely2026@gmail.com","false"
"2026-04-17","139.99","","","26.71","ETANOL","","","SDF7I44","LT","","TRÊS BARRAS COMBUSTÍVEIS LTDA","COMBUSTÍVEIS","30053","6a086ed4a508cd541f58b1bb","2026-05-16T13:19:16.025000","2026-05-16T13:19:16.025000","6a0720445c9dd6ed8a2275ed","grupof8.ely2026@gmail.com","false"
"2026-04-10","181.21","","","42.24","ETANOL","","","RTK7F94","LT","","AMF COMERCIAL DE DERIVADOS DE PETROLEO LTDA","COMBUSTÍVEIS","484491","6a086ed4a508cd541f58b195","2026-05-16T13:19:16.025000","2026-05-16T13:19:16.025000","6a0720445c9dd6ed8a2275ed","grupof8.ely2026@gmail.com","false"
"2026-04-08","210.27","","","45.81","ETANOL","","","NKV6598","LT","","POSTO MADRI LTDA","COMBUSTÍVEIS","1527914","6a086ed4a508cd541f58b17b","2026-05-16T13:19:16.025000","2026-05-16T13:19:16.025000","6a0720445c9dd6ed8a2275ed","grupof8.ely2026@gmail.com","false"
"2026-02-12","139.99","","","26.71","ETANOL","","","SDF7I44","LT","","TRÊS BARRAS COMBUSTÍVEIS LTDA","COMBUSTÍVEIS","22295","6a086ed4a508cd541f58b1a9","2026-05-16T13:19:16.025000","2026-05-16T13:19:16.025000","6a0720445c9dd6ed8a2275ed","grupof8.ely2026@gmail.com","false"
"2026-03-16","164.6","","","36.66","ETANOL","","","SDF7I44","LT","","TRÊS BARRAS COMBUSTÍVEIS LTDA","COMBUSTÍVEIS","25941","6a086ed4a508cd541f58b1b2","2026-05-16T13:19:16.025000","2026-05-16T13:19:16.025000","6a0720445c9dd6ed8a2275ed","grupof8.ely2026@gmail.com","false"
"2026-04-10","218.63","","","44.71","ETANOL","","","NKV6598","LT","","AUTO POSTO NOVO MILLENIUM LTDA","COMBUSTÍVEIS","193399","6a086ed4a508cd541f58b17d","2026-05-16T13:19:16.025000","2026-05-16T13:19:16.025000","6a0720445c9dd6ed8a2275ed","grupof8.ely2026@gmail.com","false"
"2026-01-14","50.9","","","10","ETANOL","","","ONP5G56","LT","","REDE DITO PETROLEO LTDA","COMBUSTÍVEIS","273550","6a086ed4a508cd541f58b184","2026-05-16T13:19:16.025000","2026-05-16T13:19:16.025000","6a0720445c9dd6ed8a2275ed","grupof8.ely2026@gmail.com","false"
"2026-01-19","100","","","19.08","ETANOL","","","SDF7I44","LT","","TRÊS BARRAS COMBUSTÍVEIS LTDA","COMBUSTÍVEIS","19433","6a086ed4a508cd541f58b1a2","2026-05-16T13:19:16.025000","2026-05-16T13:19:16.025000","6a0720445c9dd6ed8a2275ed","grupof8.ely2026@gmail.com","false"
"2026-02-24","233.27","","","45.83","ETANOL","","","NKV6598","LT","","AUTO POSTO NOVO MILLENIUM LTDA","COMBUSTÍVEIS","180719","6a086ed4a508cd541f58b170","2026-05-16T13:19:16.025000","2026-05-16T13:19:16.025000","6a0720445c9dd6ed8a2275ed","grupof8.ely2026@gmail.com","false"
"2026-04-27","218.21","","","43.73","ETANOL","","","RTK7F94","LT","","POSTO MADRI LTDA","COMBUSTÍVEIS","13287","6a086ed4a508cd541f58b196","2026-05-16T13:19:16.025000","2026-05-16T13:19:16.025000","6a0720445c9dd6ed8a2275ed","grupof8.ely2026@gmail.com","false"
"2026-02-10","245.03","","","48.14","ETANOL","","","NKV6598","LT","","AUTO POSTO NOVO MILLENIUM LTDA","COMBUSTÍVEIS","176527","6a086ed4a508cd541f58b16e","2026-05-16T13:19:16.025000","2026-05-16T13:19:16.025000","6a0720445c9dd6ed8a2275ed","grupof8.ely2026@gmail.com","false"
"2026-04-20","201.96","","","44","ETANOL","","","NKV6598","LT","","AUTO POSTO DRIM LTDA","COMBUSTÍVEIS","721940","6a086ed4a508cd541f58b17f","2026-05-16T13:19:16.025000","2026-05-16T13:19:16.025000","6a0720445c9dd6ed8a2275ed","grupof8.ely2026@gmail.com","false"
"2026-02-18","113.2","","","23.15","ETANOL","","","ONP5G56","LT","","AUTO POSTO DRIM LTDA","COMBUSTÍVEIS","710264","6a086ed4a508cd541f58b189","2026-05-16T13:19:16.025000","2026-05-16T13:19:16.025000","6a0720445c9dd6ed8a2275ed","grupof8.ely2026@gmail.com","false"
"2026-03-23","168.61","","","33.78","ETANOL","","","NKV6598","LT","","POSTO MILLENIUM DIMAG LTDA - EPP","COMBUSTÍVEIS","298910","6a086ed4a508cd541f58b178","2026-05-16T13:19:16.025000","2026-05-16T13:19:16.025000","6a0720445c9dd6ed8a2275ed","grupof8.ely2026@gmail.com","false"
"2026-04-10","200.97","","","41.1","ETANOL","","","ONP5G56","LT","","AUTO POSTO NOVO MILLENIUM LTDA","COMBUSTÍVEIS","948","6a086ed4a508cd541f58b18d","2026-05-16T13:19:16.025000","2026-05-16T13:19:16.025000","6a0720445c9dd6ed8a2275ed","grupof8.ely2026@gmail.com","false"
"2026-01-07","100","","","20.45","ETANOL","","","ONP5G56","LT","","POSTO GERAR LTDA","COMBUSTÍVEIS","1696512","6a086ed4a508cd541f58b183","2026-05-16T13:19:16.025000","2026-05-16T13:19:16.025000","6a0720445c9dd6ed8a2275ed","grupof8.ely2026@gmail.com","false"
"2026-01-13","195.36","","","39.95","ETANOL","","","NKV6598","LT","","POSTO MILLENIUM DIMAG LTDA - EPP","COMBUSTÍVEIS","274920","6a086ed4a508cd541f58b167","2026-05-16T13:19:16.025000","2026-05-16T13:19:16.025000","6a0720445c9dd6ed8a2275ed","grupof8.ely2026@gmail.com","false"
"2026-03-02","218.06","","","43.7","ETANOL","","","OOB2688","LT","","AUTO POSTO DO RATINHO LTDA","COMBUSTÍVEIS","812","6a086ed4a508cd541f58b190","2026-05-16T13:19:16.025000","2026-05-16T13:19:16.025000","6a0720445c9dd6ed8a2275ed","grupof8.ely2026@gmail.com","false"
"2026-03-10","173.81","","","38.71","ETANOL","","","SDF7I44","LT","","TRÊS BARRAS COMBUSTÍVEIS LTDA","COMBUSTÍVEIS","25204","6a086ed4a508cd541f58b1b0","2026-05-16T13:19:16.025000","2026-05-16T13:19:16.025000","6a0720445c9dd6ed8a2275ed","grupof8.ely2026@gmail.com","false"
"2026-01-29","211.02","","","43.6","ETANOL","","","NKV6598","LT","","AUTO POSTO DRIM LTDA","COMBUSTÍVEIS","706390","6a086ed4a508cd541f58b16c","2026-05-16T13:19:16.025000","2026-05-16T13:19:16.025000","6a0720445c9dd6ed8a2275ed","grupof8.ely2026@gmail.com","false"
"2026-03-13","99.99","","","1","ETANOL","","","ONP5G56","LT","","POSTO BARCELONA LTDA","COMBUSTÍVEIS","628754","6a086ed4a508cd541f58b18b","2026-05-16T13:19:16.025000","2026-05-16T13:19:16.025000","6a0720445c9dd6ed8a2275ed","grupof8.ely2026@gmail.com","false"
"2026-03-06","160.29","","","40.58","ETANOL","","","SDF7I44","LT","","TRÊS BARRAS COMBUSTÍVEIS LTDA","COMBUSTÍVEIS","24692","6a086ed4a508cd541f58b1af","2026-05-16T13:19:16.025000","2026-05-16T13:19:16.025000","6a0720445c9dd6ed8a2275ed","grupof8.ely2026@gmail.com","false"
"2026-03-12","147.68","","","32.89","ETANOL","","","SDF7I44","LT","","TRÊS BARRAS COMBUSTÍVEIS LTDA","COMBUSTÍVEIS","25417","6a086ed4a508cd541f58b1b1","2026-05-16T13:19:16.025000","2026-05-16T13:19:16.025000","6a0720445c9dd6ed8a2275ed","grupof8.ely2026@gmail.com","false"
"2026-01-27","251.09","","","49.33","ETANOL","","","NKV6598","LT","","AUTO POSTO NOVO MILLENIUM LTDA","COMBUSTÍVEIS","172489","6a086ed4a508cd541f58b16b","2026-05-16T13:19:16.025000","2026-05-16T13:19:16.025000","6a0720445c9dd6ed8a2275ed","grupof8.ely2026@gmail.com","false"
"2026-03-19","196.63","","","44.79","ETANOL","","","NKV6598","LT","","AUTO POSTO DRIM LTDA","COMBUSTÍVEIS","715227","6a086ed4a508cd541f58b177","2026-05-16T13:19:16.025000","2026-05-16T13:19:16.025000","6a0720445c9dd6ed8a2275ed","grupof8.ely2026@gmail.com","false"
"2026-01-16","100","","","19.08","ETANOL","","","SDF7I44","LT","","TRÊS BARRAS COMBUSTÍVEIS LTDA","COMBUSTÍVEIS","19054","6a086ed4a508cd541f58b1a1","2026-05-16T13:19:16.025000","2026-05-16T13:19:16.025000","6a0720445c9dd6ed8a2275ed","grupof8.ely2026@gmail.com","false"
"2026-02-10","258.54","","","49.33","ETANOL","","","SDF7I44","LT","","TRÊS BARRAS COMBUSTÍVEIS LTDA","COMBUSTÍVEIS","22055","6a086ed4a508cd541f58b1a8","2026-05-16T13:19:16.025000","2026-05-16T13:19:16.025000","6a0720445c9dd6ed8a2275ed","grupof8.ely2026@gmail.com","false"
"2026-02-20","190","","","36.26","ETANOL","","","SDF7I44","LT","","TRÊS BARRAS COMBUSTÍVEIS LTDA","COMBUSTÍVEIS","23113","6a086ed4a508cd541f58b1ab","2026-05-16T13:19:16.025000","2026-05-16T13:19:16.025000","6a0720445c9dd6ed8a2275ed","grupof8.ely2026@gmail.com","false"
"2026-04-10","170.32","","","34.83","ETANOL","","","SCD6D92","LT","","AUTO POSTO NOVO MILLENIUM LTDA","COMBUSTÍVEIS","193370","6a086ed4a508cd541f58b19c","2026-05-16T13:19:16.025000","2026-05-16T13:19:16.025000","6a0720445c9dd6ed8a2275ed","grupof8.ely2026@gmail.com","false"
"2026-03-11","237.42","","","47.58","ETANOL","","","NKV6598","LT","","AUTO POSTO NOVO MILLENIUM LTDA","COMBUSTÍVEIS","184860","6a086ed4a508cd541f58b174","2026-05-16T13:19:16.025000","2026-05-16T13:19:16.025000","6a0720445c9dd6ed8a2275ed","grupof8.ely2026@gmail.com","false"
"2026-02-19","106.89","","","21","ETANOL","","","OOB2688","LT","","AUTO POSTO NOVO MILLENIUM LTDA","COMBUSTÍVEIS","179360","6a086ed4a508cd541f58b18f","2026-05-16T13:19:16.025000","2026-05-16T13:19:16.025000","6a0720445c9dd6ed8a2275ed","grupof8.ely2026@gmail.com","false"
"2026-01-05","272.87","","","51.1","ETANOL","","","NKV6598","LT","","OJAYME PETROLEO AP GYN LTDA","COMBUSTÍVEIS","376595","6a086ed4a508cd541f58b165","2026-05-16T13:19:16.024000","2026-05-16T13:19:16.024000","6a0720445c9dd6ed8a2275ed","grupof8.ely2026@gmail.com","false"
"2026-04-16","845.25","97626","","115","DIESEL (T)","NEYDSON","","SDF8F89","LT","","OFIR PETRÓLEO LTDA","TANQUE","13918","6a08693fdb07a60e919624f2","2026-05-16T12:55:27.565000","2026-06-16T18:33:54.220000","6a0720445c9dd6ed8a2275ed","grupof8.ely2026@gmail.com","false"
"2026-04-20","441","85592","","60","DIESEL (T)","NEYDSON","","SDN8F89","LT","","OFIR PETRÓLEO LTDA","TANQUE","13918","6a08693fdb07a60e919624f4","2026-05-16T12:55:27.565000","2026-06-16T18:33:54.220000","6a0720445c9dd6ed8a2275ed","grupof8.ely2026@gmail.com","false"
"2026-04-13","2837.1","92665","","386","DIESEL (T)","NEYDSON","","SCA8F89","LT","","OFIR PETRÓLEO LTDA","TANQUE","13918","6a08693fdb07a60e919624ee","2026-05-16T12:55:27.565000","2026-06-16T18:33:54.220000","6a0720445c9dd6ed8a2275ed","grupof8.ely2026@gmail.com","false"
"2026-04-09","1006.95","85325","","137","DIESEL (T)","NEYDSON","","SDN8F89","LT","","OFIR PETRÓLEO LTDA","TANQUE","13918","6a08693fdb07a60e919624ed","2026-05-16T12:55:27.565000","2026-06-16T18:33:54.220000","6a0720445c9dd6ed8a2275ed","grupof8.ely2026@gmail.com","false"
"2026-04-29","1580.25","47931","","215","DIESEL (T)","NEYDSON","","SCP8F89","LT","","OFIR PETRÓLEO LTDA","TANQUE","13918","6a08693fdb07a60e919624fd","2026-05-16T12:55:27.565000","2026-06-16T18:33:54.220000","6a0720445c9dd6ed8a2275ed","grupof8.ely2026@gmail.com","false"
"2026-04-13","1014.3","99137","","138","DIESEL (T)","MARCOS","","SDK8F89","LT","","OFIR PETRÓLEO LTDA","TANQUE","13918","6a08693fdb07a60e919624ef","2026-05-16T12:55:27.565000","2026-06-16T18:33:54.220000","6a0720445c9dd6ed8a2275ed","grupof8.ely2026@gmail.com","false"
"2026-04-22","1021.65","98256","","139","DIESEL (T)","NEYDSON","","SDF8F89","LT","","OFIR PETRÓLEO LTDA","TANQUE","13918","6a08693fdb07a60e919624f8","2026-05-16T12:55:27.565000","2026-06-16T18:33:54.220000","6a0720445c9dd6ed8a2275ed","grupof8.ely2026@gmail.com","false"
"2026-05-04","3329.55","97135","","453","DIESEL (T)","NEYDSON","","SCA8F89","LT","","OFIR PETRÓLEO LTDA","TANQUE","13918","6a08693fdb07a60e91962500","2026-05-16T12:55:27.565000","2026-06-16T18:33:54.220000","6a0720445c9dd6ed8a2275ed","grupof8.ely2026@gmail.com","false"
"2026-04-15","1308.3","37008","","178","DIESEL (T)","NEYDSON","","SCK8F89","LT","","OFIR PETRÓLEO LTDA","TANQUE","13918","6a08693fdb07a60e919624f1","2026-05-16T12:55:27.565000","2026-06-16T18:33:54.220000","6a0720445c9dd6ed8a2275ed","grupof8.ely2026@gmail.com","false"
"2026-04-25","477.75","85950","","65","DIESEL (T)","NEYDSON","","SDN8F89","LT","","OFIR PETRÓLEO LTDA","TANQUE","13918","6a08693fdb07a60e919624fa","2026-05-16T12:55:27.565000","2026-06-16T18:33:54.220000","6a0720445c9dd6ed8a2275ed","grupof8.ely2026@gmail.com","false"
"2026-05-04","3616.2","91512","","492","DIESEL (T)","NEYDSON","","SCB8F89","LT","","OFIR PETRÓLEO LTDA","TANQUE","13918","6a08693fdb07a60e919624ff","2026-05-16T12:55:27.565000","2026-06-16T18:33:54.220000","6a0720445c9dd6ed8a2275ed","grupof8.ely2026@gmail.com","false"
"2026-05-06","1440.6","48622","","196","DIESEL (T)","NEYDSON","","SCP8F89","LT","","OFIR PETRÓLEO LTDA","TANQUE","13918","6a08693fdb07a60e91962503","2026-05-16T12:55:27.565000","2026-06-16T18:33:54.220000","6a0720445c9dd6ed8a2275ed","grupof8.ely2026@gmail.com","false"
"2026-05-08","580.65","92239","","79","DIESEL (T)","NEYDSON","","SCB8F89","LT","","OFIR PETRÓLEO LTDA","TANQUE","13918","6a08693fdb07a60e91962506","2026-05-16T12:55:27.565000","2026-06-16T18:33:54.220000","6a0720445c9dd6ed8a2275ed","grupof8.ely2026@gmail.com","false"
"2026-04-16","1536.15","47252","","209","DIESEL (T)","NEYDSON","","SCP8F89","LT","","OFIR PETRÓLEO LTDA","TANQUE","13918","6a08693fdb07a60e919624f3","2026-05-16T12:55:27.565000","2026-06-16T18:33:54.220000","6a0720445c9dd6ed8a2275ed","grupof8.ely2026@gmail.com","false"
"2026-04-27","3932.25","120909","","535","DIESEL (T)","NEYDSON","","SCE8F89","LT","","OFIR PETRÓLEO LTDA","TANQUE","13918","6a08693fdb07a60e919624fc","2026-05-16T12:55:27.565000","2026-06-16T18:33:54.220000","6a0720445c9dd6ed8a2275ed","grupof8.ely2026@gmail.com","false"
"2026-04-22","4285.05","120185","","583","DIESEL (T)","NEYDSON","","SCE8F89","LT","","OFIR PETRÓLEO LTDA","TANQUE","13918","6a08693fdb07a60e919624f6","2026-05-16T12:55:27.565000","2026-06-16T18:33:54.220000","6a0720445c9dd6ed8a2275ed","grupof8.ely2026@gmail.com","false"
"2026-04-22","5284.65","313891","","719","DIESEL (T)","NEYDSON","","RCN5F85","LT","","OFIR PETRÓLEO LTDA","TANQUE","13918","6a08693fdb07a60e919624f7","2026-05-16T12:55:27.565000","2026-06-16T18:33:54.220000","6a0720445c9dd6ed8a2275ed","grupof8.ely2026@gmail.com","false"
"2026-04-15","477.75","99481","","65","DIESEL (T)","NEYDSON","","SDK8F89","LT","","OFIR PETRÓLEO LTDA","TANQUE","13918","6a08693fdb07a60e919624f0","2026-05-16T12:55:27.565000","2026-06-16T18:33:54.220000","6a0720445c9dd6ed8a2275ed","grupof8.ely2026@gmail.com","false"
"2026-05-04","757.05","122750","","103","DIESEL (T)","NEYDSON","","SCE8F89","LT","","OFIR PETRÓLEO LTDA","TANQUE","13918","6a08693fdb07a60e91962501","2026-05-16T12:55:27.565000","2026-06-16T18:33:54.220000","6a0720445c9dd6ed8a2275ed","grupof8.ely2026@gmail.com","false"
"2026-05-06","1786.05","37848","","243","DIESEL (T)","NEYDSON","","SCK8F89","LT","","OFIR PETRÓLEO LTDA","TANQUE","13918","6a08693fdb07a60e91962504","2026-05-16T12:55:27.565000","2026-06-16T18:33:54.220000","6a0720445c9dd6ed8a2275ed","grupof8.ely2026@gmail.com","false"
"2026-04-22","3520.65","94818","","479","DIESEL (T)","NEYDSON","","SCA8F89","LT","","OFIR PETRÓLEO LTDA","TANQUE","13918","6a08693fdb07a60e919624f5","2026-05-16T12:55:27.565000","2026-06-16T18:33:54.220000","6a0720445c9dd6ed8a2275ed","grupof8.ely2026@gmail.com","false"
"2026-05-08","823.2","91401","","112","DIESEL (T)","NEYDSON","","SDN8F89","LT","","OFIR PETRÓLEO LTDA","TANQUE","13918","6a08693fdb07a60e91962505","2026-05-16T12:55:27.565000","2026-06-16T18:33:54.220000","6a0720445c9dd6ed8a2275ed","grupof8.ely2026@gmail.com","false"
"2026-04-23","2278.5","80279","","310","DIESEL (T)","MARCOS","","SCN8F89","LT","","OFIR PETRÓLEO LTDA","TANQUE","13918","6a08693fdb07a60e919624f9","2026-05-16T12:55:27.565000","2026-06-16T18:33:54.220000","6a0720445c9dd6ed8a2275ed","grupof8.ely2026@gmail.com","false"
"2026-04-30","705.6","106170","","96","DIESEL (T)","NEYDSON","","SDK8F89","LT","","OFIR PETRÓLEO LTDA","TANQUE","13918","6a08693fdb07a60e919624fe","2026-05-16T12:55:27.565000","2026-06-16T18:33:54.220000","6a0720445c9dd6ed8a2275ed","grupof8.ely2026@gmail.com","false"
"2026-04-27","1881.6","95639","","256","DIESEL (T)","NEYDSON","","SCA8F89","LT","","OFIR PETRÓLEO LTDA","TANQUE","13918","6a08693fdb07a60e919624fb","2026-05-16T12:55:27.565000","2026-06-16T18:33:54.220000","6a0720445c9dd6ed8a2275ed","grupof8.ely2026@gmail.com","false"
"2026-05-08","874.65","107002","","119","DIESEL (T)","NEYDSON","","SDK8F89","LT","","OFIR PETRÓLEO LTDA","TANQUE","13918","6a08693fdb07a60e91962502","2026-05-16T12:55:27.565000","2026-06-16T18:33:54.220000","6a0720445c9dd6ed8a2275ed","grupof8.ely2026@gmail.com","false"
"2026-03-30","1109.85","45815","","151","DIESEL (T)","JUNIOR","","SCP8F89","LT","","OFIR PETRÓLEO LTDA","TANQUE","13918","6a08693fdb07a60e919624e1","2026-05-16T12:55:27.564000","2026-06-16T18:33:54.220000","6a0720445c9dd6ed8a2275ed","grupof8.ely2026@gmail.com","false"
"2026-04-01","683.55","","","93","DIESEL (T)","NEYDSON","","RET5E47","LT","","OFIR PETRÓLEO LTDA","TANQUE","13918","6a08693fdb07a60e919624e3","2026-05-16T12:55:27.564000","2026-06-16T18:33:54.220000","6a0720445c9dd6ed8a2275ed","grupof8.ely2026@gmail.com","false"
"2026-03-30","1639.05","90679","","223","DIESEL (T)","JUNIOR","","SCA8F89","LT","","OFIR PETRÓLEO LTDA","TANQUE","13918","6a08693fdb07a60e919624e0","2026-05-16T12:55:27.564000","2026-06-16T18:33:54.220000","6a0720445c9dd6ed8a2275ed","grupof8.ely2026@gmail.com","false"
"2026-03-30","3101.7","309931","","422","DIESEL (T)","JUNIOR","","RCN5F85","LT","","OFIR PETRÓLEO LTDA","TANQUE","13918","6a08693fdb07a60e919624df","2026-05-16T12:55:27.564000","2026-06-16T18:33:54.220000","6a0720445c9dd6ed8a2275ed","grupof8.ely2026@gmail.com","false"
"2026-03-24","757.05","96648","","103","DIESEL (T)","JUNIOR","","SDK8F89","LT","","OFIR PETRÓLEO LTDA","TANQUE","13918","6a08693fdb07a60e919624da","2026-05-16T12:55:27.564000","2026-06-16T18:33:54.220000","6a0720445c9dd6ed8a2275ed","grupof8.ely2026@gmail.com","false"
"2026-03-23","1477.35","88855","","201","DIESEL (T)","JUNIOR","","SCA8F89","LT","","OFIR PETRÓLEO LTDA","TANQUE","13918","6a08693fdb07a60e919624d9","2026-05-16T12:55:27.564000","2026-06-16T18:33:54.220000","6a0720445c9dd6ed8a2275ed","grupof8.ely2026@gmail.com","false"
"2026-04-01","154.35","103159","","21","DIESEL (T)","NEYDSON","","RBX9D43","LT","","OFIR PETRÓLEO LTDA","TANQUE","13918","6a08693fdb07a60e919624e7","2026-05-16T12:55:27.564000","2026-06-16T18:33:54.220000","6a0720445c9dd6ed8a2275ed","grupof8.ely2026@gmail.com","false"
"2026-03-28","992.25","83522","","135","DIESEL (T)","JUNIOR","","SDN8F89","LT","","OFIR PETRÓLEO LTDA","TANQUE","13918","6a08693fdb07a60e919624de","2026-05-16T12:55:27.564000","2026-06-16T18:33:54.220000","6a0720445c9dd6ed8a2275ed","grupof8.ely2026@gmail.com","false"
"2026-03-25","874.65","119268","","119","DIESEL (T)","JUNIOR","","SCE8F89","LT","","OFIR PETRÓLEO LTDA","TANQUE","13918","6a08693fdb07a60e919624db","2026-05-16T12:55:27.564000","2026-06-16T18:33:54.220000","6a0720445c9dd6ed8a2275ed","grupof8.ely2026@gmail.com","false"
"2026-04-08","565.95","46578","","77","DIESEL (T)","NEYDSON","","SCP8F89","LT","","OFIR PETRÓLEO LTDA","TANQUE","13918","6a08693fdb07a60e919624ec","2026-05-16T12:55:27.564000","2026-06-16T18:33:54.220000","6a0720445c9dd6ed8a2275ed","grupof8.ely2026@gmail.com","false"
"2026-04-01","455.7","83788","","62","DIESEL (T)","NEYDSON","","SDN8F89","LT","","OFIR PETRÓLEO LTDA","TANQUE","13918","6a08693fdb07a60e919624e2","2026-05-16T12:55:27.564000","2026-06-16T18:33:54.220000","6a0720445c9dd6ed8a2275ed","grupof8.ely2026@gmail.com","false"
"2026-04-01","926.1","46328","","126","DIESEL (T)","NEYDSON","","SCP8F89","LT","","OFIR PETRÓLEO LTDA","TANQUE","13918","6a08693fdb07a60e919624e8","2026-05-16T12:55:27.564000","2026-06-16T18:33:54.220000","6a0720445c9dd6ed8a2275ed","grupof8.ely2026@gmail.com","false"
"2026-04-01","169.05","","","23","DIESEL (T)","NEYDSON","","JAC4I67","LT","","OFIR PETRÓLEO LTDA","TANQUE","13918","6a08693fdb07a60e919624e5","2026-05-16T12:55:27.564000","2026-06-16T18:33:54.220000","6a0720445c9dd6ed8a2275ed","grupof8.ely2026@gmail.com","false"
"2026-04-06","1933.05","91584","","263","DIESEL (T)","MARCOS","","SCA8F89","LT","","OFIR PETRÓLEO LTDA","TANQUE","13918","6a08693fdb07a60e919624ea","2026-05-16T12:55:27.564000","2026-06-16T18:33:54.220000","6a0720445c9dd6ed8a2275ed","grupof8.ely2026@gmail.com","false"
"2026-04-01","3491.25","89805","","475","DIESEL (T)","NEYDSON","","SCB8F89","LT","","OFIR PETRÓLEO LTDA","TANQUE","13918","6a08693fdb07a60e919624e6","2026-05-16T12:55:27.564000","2026-06-16T18:33:54.220000","6a0720445c9dd6ed8a2275ed","grupof8.ely2026@gmail.com","false"
"2026-04-06","5255.25","311070","","715","DIESEL (T)","MARCOS","","RCN5F85","LT","","OFIR PETRÓLEO LTDA","TANQUE","13918","6a08693fdb07a60e919624e9","2026-05-16T12:55:27.564000","2026-06-16T18:33:54.220000","6a0720445c9dd6ed8a2275ed","grupof8.ely2026@gmail.com","false"
"2026-04-01","845.25","97811","","115","DIESEL (T)","NEYDSON","","SDK8F89","LT","","OFIR PETRÓLEO LTDA","TANQUE","13918","6a08693fdb07a60e919624e4","2026-05-16T12:55:27.564000","2026-06-16T18:33:54.220000","6a0720445c9dd6ed8a2275ed","grupof8.ely2026@gmail.com","false"
"2026-04-08","676.2","94706","","92","DIESEL (T)","MARCOS","","SDF8F89","LT","","OFIR PETRÓLEO LTDA","TANQUE","13918","6a08693fdb07a60e919624eb","2026-05-16T12:55:27.564000","2026-06-16T18:33:54.220000","6a0720445c9dd6ed8a2275ed","grupof8.ely2026@gmail.com","false"
"2026-03-27","529.2","94336","","72","DIESEL (T)","JUNIOR","","SDF8F89","LT","","OFIR PETRÓLEO LTDA","TANQUE","13918","6a08693fdb07a60e919624dd","2026-05-16T12:55:27.564000","2026-06-16T18:33:54.220000","6a0720445c9dd6ed8a2275ed","grupof8.ely2026@gmail.com","false"
"2026-03-26","220.5","93946","","30","DIESEL (T)","JUNIOR","","SDF8F89","LT","","OFIR PETRÓLEO LTDA","TANQUE","13918","6a08693fdb07a60e919624dc","2026-05-16T12:55:27.564000","2026-06-16T18:33:54.220000","6a0720445c9dd6ed8a2275ed","grupof8.ely2026@gmail.com","false"
"2026-04-27","504.79","","","72.01","DIESEL (P)","","","SDN8F89","LT","","POSTO JR FAISAO V LTDA","COMBUSTÍVEIS","117596","6a0866753615b37b20cf7993","2026-05-16T12:43:33.098000","2026-06-16T18:51:18.831000","6a0720445c9dd6ed8a2275ed","grupof8.ely2026@gmail.com","false"
"2026-03-25","930.71","","AMAROK","1","DIESEL (P)","","AMAROK","TFI2F39","LT","6a0720885c9dd6ed8a227600","POSTO VEREDA VERDE LTDA","COMBUSTÍVEIS","2503","6a0866753615b37b20cf799a","2026-05-16T12:43:33.098000","2026-06-16T18:47:37.740000","6a0720445c9dd6ed8a2275ed","grupof8.ely2026@gmail.com","false"
"2026-03-19","942.34","","CONFORME CADASTRO","117.94","DIESEL (P)","","","SDN8F89","LT","","COMERCIAL DERIV PETROLEO SAO CARLOS LTDA","COMBUSTÍVEIS","111633","6a0866753615b37b20cf798a","2026-05-16T12:43:33.098000","2026-06-16T18:47:37.740000","6a0720445c9dd6ed8a2275ed","grupof8.ely2026@gmail.com","false"
"2026-03-03","347.24","","CONFORME CADASTRO","60.18","DIESEL (P)","","","SDN8F89","LT","","AUTO POSTO CINQUENTAO UBERABA LTDA.","COMBUSTÍVEIS","29013","6a0866753615b37b20cf7984","2026-05-16T12:43:33.098000","2026-06-16T18:47:37.740000","6a0720445c9dd6ed8a2275ed","grupof8.ely2026@gmail.com","false"
"2026-03-24","675.82","","CONFORME CADASTRO","6.85","DIESEL (P)","","","SDN8F89","LT","","AUTO POSTO RODEIO LTDA","COMBUSTÍVEIS","423567","6a0866753615b37b20cf798e","2026-05-16T12:43:33.098000","2026-06-16T18:47:37.740000","6a0720445c9dd6ed8a2275ed","grupof8.ely2026@gmail.com","false"
"2026-03-25","699","","CONFORME CADASTRO","100","DIESEL (P)","","","SDN8F89","LT","","REDE DE POSTO AUTO CENTER LTDA","COMBUSTÍVEIS","2119","6a0866753615b37b20cf798f","2026-05-16T12:43:33.098000","2026-06-16T18:47:37.740000","6a0720445c9dd6ed8a2275ed","grupof8.ely2026@gmail.com","false"
"2026-03-27","637.56","","CONFORME CADASTRO","84","DIESEL (P)","","","SDN8F89","LT","","MONTE CARLO VERA CRUZ","COMBUSTÍVEIS","9452","6a0866753615b37b20cf7991","2026-05-16T12:43:33.098000","2026-06-16T18:47:37.740000","6a0720445c9dd6ed8a2275ed","grupof8.ely2026@gmail.com","false"
"2026-03-17","751.49","","CONFORME CADASTRO","99.01","DIESEL (P)","","","SDN8F89","LT","","AUTO POSTO BOA VISTA","COMBUSTÍVEIS","300657","6a0866753615b37b20cf7988","2026-05-16T12:43:33.098000","2026-06-16T18:47:37.740000","6a0720445c9dd6ed8a2275ed","grupof8.ely2026@gmail.com","false"
"2026-03-20","1000.11","","CONFORME CADASTRO","125.17","DIESEL (P)","","","SDN8F89","LT","","AUTO POSTO TUPACIGUARA","COMBUSTÍVEIS","142","6a0866753615b37b20cf798b","2026-05-16T12:43:33.098000","2026-06-16T18:47:37.740000","6a0720445c9dd6ed8a2275ed","grupof8.ely2026@gmail.com","false"
"2026-04-07","1447.87","","CONFORME CADASTRO","136.85","DIESEL (P)","","","SDN8F89","LT","","DECIO COMERCIO E SERVICOS RODOVIARIOS LTDA","COMBUSTÍVEIS","31222","6a0866753615b37b20cf7992","2026-05-16T12:43:33.098000","2026-06-16T18:47:37.740000","6a0720445c9dd6ed8a2275ed","grupof8.ely2026@gmail.com","false"
"2026-03-26","871.11","","CONFORME CADASTRO","114.77","DIESEL (P)","","","SDN8F89","LT","","SERVICOS AUTOMOTIVOS REGIS LT","COMBUSTÍVEIS","6625","6a0866753615b37b20cf7990","2026-05-16T12:43:33.098000","2026-06-16T18:47:37.740000","6a0720445c9dd6ed8a2275ed","grupof8.ely2026@gmail.com","false"
"2026-03-04","622","","CONFORME CADASTRO","100","DIESEL (P)","","","SDN8F89","LT","","AUGUSTO URIAS DA CRUZ E FILHOS LTDA","COMBUSTÍVEIS","250016","6a0866753615b37b20cf7985","2026-05-16T12:43:33.098000","2026-06-16T18:47:37.740000","6a0720445c9dd6ed8a2275ed","grupof8.ely2026@gmail.com","false"
"2026-03-23","797.03","","CONFORME CADASTRO","105.01","DIESEL (P)","","","SDN8F89","LT","","POSTOS PELANDA ALPINO IV","COMBUSTÍVEIS","210202","6a0866753615b37b20cf798d","2026-05-16T12:43:33.098000","2026-06-16T18:47:37.740000","6a0720445c9dd6ed8a2275ed","grupof8.ely2026@gmail.com","false"
"2026-03-18","843.82","","CONFORME CADASTRO","105.61","DIESEL (P)","","","SDN8F89","LT","","PSJ SAO SIMAO COMERCIO DE COMBUSTIVEIS LTDA","COMBUSTÍVEIS","38824","6a0866753615b37b20cf7989","2026-05-16T12:43:33.098000","2026-06-16T18:47:37.740000","6a0720445c9dd6ed8a2275ed","grupof8.ely2026@gmail.com","false"
"2026-04-28","635.1","","","92.18","DIESEL (P)","","","SDN8F89","LT","","POSTO 3 D","COMBUSTÍVEIS","153105","6a0866753615b37b20cf7995","2026-05-16T12:43:33.098000","2026-06-16T18:51:13.366000","6a0720445c9dd6ed8a2275ed","grupof8.ely2026@gmail.com","false"
"2026-04-30","910.24","","","6.99","DIESEL (P)","","","SDN8F89","LT","","AUTO POSTO RODOANEL LESTE LTDA","COMBUSTÍVEIS","31209","6a0866753615b37b20cf7996","2026-05-16T12:43:33.098000","2026-06-16T18:50:49.409000","6a0720445c9dd6ed8a2275ed","grupof8.ely2026@gmail.com","false"
"2026-04-30","700.5","","","94.79","DIESEL (P)","","","SDN8F89","LT","","AUTO POSTO BATALHA LTDA","COMBUSTÍVEIS","46334","6a0866753615b37b20cf7997","2026-05-16T12:43:33.098000","2026-06-16T18:50:57.198000","6a0720445c9dd6ed8a2275ed","grupof8.ely2026@gmail.com","false"
"2026-02-04","461.47","","AMAROK","1","DIESEL (P)","ALESSANDRO","","TFI2F39","LT","","POSTO MADRI LTDA","COMBUSTÍVEIS","123","6a0866753615b37b20cf7998","2026-05-16T12:43:33.098000","2026-06-16T18:47:37.740000","6a0720445c9dd6ed8a2275ed","grupof8.ely2026@gmail.com","false"
"2026-02-04","313.69","","AMAROK","1","DIESEL (P)","","","TFI2F39","LT","","POSTO MADRI LTDA","COMBUSTÍVEIS","123","6a0866753615b37b20cf7999","2026-05-16T12:43:33.098000","2026-06-16T18:47:37.740000","6a0720445c9dd6ed8a2275ed","grupof8.ely2026@gmail.com","false"
"2026-03-21","625.7","","CONFORME CADASTRO","85.83","DIESEL (P)","","","SDN8F89","LT","","POSTO DOM PEDRO I 124 SUL LTDA","COMBUSTÍVEIS","633073","6a0866753615b37b20cf798c","2026-05-16T12:43:33.098000","2026-06-16T18:47:37.740000","6a0720445c9dd6ed8a2275ed","grupof8.ely2026@gmail.com","false"
"2026-04-27","476.17","","","65.05","DIESEL (P)","","","SDN8F89","LT","","POSTO PARACATU LTDA","COMBUSTÍVEIS","502463","6a0866753615b37b20cf7994","2026-05-16T12:43:33.098000","2026-06-16T18:56:35.067000","6a0720445c9dd6ed8a2275ed","grupof8.ely2026@gmail.com","false"
"2026-03-16","847.31","","CONFORME CADASTRO","99.86","DIESEL (P)","","","SDN8F89","LT","","POSTO CAPIM DOURADO LTDA","COMBUSTÍVEIS","1735747","6a0866753615b37b20cf7987","2026-05-16T12:43:33.098000","2026-06-16T18:47:37.740000","6a0720445c9dd6ed8a2275ed","grupof8.ely2026@gmail.com","false"
"2026-03-12","859.83","","CONFORME CADASTRO","108.98","DIESEL (P)","","","SDN8F89","LT","","POSTO DA MATA COMERCIO DE COMBUSTIVEIS LTDA","COMBUSTÍVEIS","2617","6a0866753615b37b20cf7986","2026-05-16T12:43:33.098000","2026-06-16T18:47:37.740000","6a0720445c9dd6ed8a2275ed","grupof8.ely2026@gmail.com","false"
"2026-01-31","793.32","","CONFORME CADASTRO","132.44","DIESEL (P)","","","SCP8F89","LT","","JP DERIVADOS DE PETROLEO LTDA","COMBUSTÍVEIS","221659","6a0866753615b37b20cf7938","2026-05-16T12:43:33.097000","2026-06-16T18:47:37.740000","6a0720445c9dd6ed8a2275ed","grupof8.ely2026@gmail.com","false"
"2026-02-12","1015.35","","CONFORME CADASTRO","167.55","DIESEL (P)","","","SCP8F89","LT","","COMERCIAL DERIV PETROLEO SAO CARLOS LTDA","COMBUSTÍVEIS","109537","6a0866753615b37b20cf793a","2026-05-16T12:43:33.097000","2026-06-16T18:47:37.740000","6a0720445c9dd6ed8a2275ed","grupof8.ely2026@gmail.com","false"
"2026-01-28","127.61","","CONFORME CADASTRO","22.04","DIESEL (P)","","","SDN8F89","LT","","AUTO POSTO NOVO MILLENIUM LTDA","COMBUSTÍVEIS","172684","6a0866753615b37b20cf797b","2026-05-16T12:43:33.097000","2026-06-16T18:47:37.740000","6a0720445c9dd6ed8a2275ed","grupof8.ely2026@gmail.com","false"
"2026-03-01","589","","CONFORME CADASTRO","100","DIESEL (P)","","","SDN8F89","LT","","AUTO POSTO CASULO TAQUARAL LTDA","COMBUSTÍVEIS","12956","6a0866753615b37b20cf7982","2026-05-16T12:43:33.097000","2026-06-16T18:47:37.740000","6a0720445c9dd6ed8a2275ed","grupof8.ely2026@gmail.com","false"
"2026-04-25","700.35","","CONFORME CADASTRO","87","DIESEL (P)","","","SDK8F89","LT","","POSTO SEABRA LTDA","COMBUSTÍVEIS","140055","6a0866753615b37b20cf7977","2026-05-16T12:43:33.097000","2026-06-16T18:47:37.740000","6a0720445c9dd6ed8a2275ed","grupof8.ely2026@gmail.com","false"
"2026-03-18","599.77","","CONFORME CADASTRO","76.21","DIESEL (P)","","","SDK8F89","LT","","POSTO CAXUXA LOMBADA","COMBUSTÍVEIS","299889","6a0866753615b37b20cf7965","2026-05-16T12:43:33.097000","2026-06-16T18:47:37.740000","6a0720445c9dd6ed8a2275ed","grupof8.ely2026@gmail.com","false"
"2026-02-11","760.23","","CONFORME CADASTRO","131.3","DIESEL (P)","","","SDF8F89","LT","","AUTO POSTO SANTA RITA","COMBUSTÍVEIS","31107","6a0866753615b37b20cf794a","2026-05-16T12:43:33.097000","2026-06-16T18:47:37.740000","6a0720445c9dd6ed8a2275ed","grupof8.ely2026@gmail.com","false"
"2026-04-23","488.64","","CONFORME CADASTRO","59.38","DIESEL (P)","","","SDK8F89","LT","","POSTO ARATU","COMBUSTÍVEIS","61016","6a0866753615b37b20cf7974","2026-05-16T12:43:33.097000","2026-06-16T18:47:37.740000","6a0720445c9dd6ed8a2275ed","grupof8.ely2026@gmail.com","false"
"2026-02-09","767.73","","CONFORME CADASTRO","108.59","DIESEL (P)","","","SDF8F89","LT","","AUTO POSTO ESCALA 121 LTDA","COMBUSTÍVEIS","37147","6a0866753615b37b20cf7948","2026-05-16T12:43:33.097000","2026-06-16T18:47:37.740000","6a0720445c9dd6ed8a2275ed","grupof8.ely2026@gmail.com","false"
"2026-01-26","1084.84","","CONFORME CADASTRO","159.77","DIESEL (P)","","","SCP8F89","LT","","NOROESTE DERIVADOS DE PETROLEO LTDA","COMBUSTÍVEIS","42847","6a0866753615b37b20cf7934","2026-05-16T12:43:33.097000","2026-06-16T18:47:37.740000","6a0720445c9dd6ed8a2275ed","grupof8.ely2026@gmail.com","false"
"2026-01-30","880.05","","CONFORME CADASTRO","138.59","DIESEL (P)","","","SCP8F89","LT","","POSTO SANTA RITA","COMBUSTÍVEIS","79683","6a0866753615b37b20cf7937","2026-05-16T12:43:33.097000","2026-06-16T18:47:37.740000","6a0720445c9dd6ed8a2275ed","grupof8.ely2026@gmail.com","false"
"2026-02-12","678.11","","CONFORME CADASTRO","109.55","DIESEL (P)","","","SDN8F89","LT","","PERIMETRAL DERIVADOS DE PETROLEO LTDA","COMBUSTÍVEIS","2718","6a0866753615b37b20cf797e","2026-05-16T12:43:33.097000","2026-06-16T18:47:37.740000","6a0720445c9dd6ed8a2275ed","grupof8.ely2026@gmail.com","false"
"2026-02-04","680.29","","CONFORME CADASTRO","103.23","DIESEL (P)","","","SDF8F89","LT","","MPS COMERCIO DE COMBUSTIVEIS LTDA","COMBUSTÍVEIS","358164","6a0866753615b37b20cf7943","2026-05-16T12:43:33.097000","2026-06-16T18:47:37.740000","6a0720445c9dd6ed8a2275ed","grupof8.ely2026@gmail.com","false"
"2026-03-13","339.74","","CONFORME CADASTRO","43.06","DIESEL (P)","","","SDK8F89","LT","","AUTO POSTO URUGUAI LTDA","COMBUSTÍVEIS","4596","6a0866753615b37b20cf7961","2026-05-16T12:43:33.097000","2026-06-16T18:47:37.740000","6a0720445c9dd6ed8a2275ed","grupof8.ely2026@gmail.com","false"
"2026-02-03","618.47","","CONFORME CADASTRO","103.25","DIESEL (P)","","","SDF8F89","LT","","AUTO POSTO RINCAO LTDA","COMBUSTÍVEIS","760547","6a0866753615b37b20cf7942","2026-05-16T12:43:33.097000","2026-06-16T18:47:37.740000","6a0720445c9dd6ed8a2275ed","grupof8.ely2026@gmail.com","false"
"2026-04-08","917.03","","CONFORME CADASTRO","110.22","DIESEL (P)","","","SDK8F89","LT","","POSTO 3M","COMBUSTÍVEIS","29250","6a0866753615b37b20cf7969","2026-05-16T12:43:33.097000","2026-06-16T18:47:37.740000","6a0720445c9dd6ed8a2275ed","grupof8.ely2026@gmail.com","false"
"2026-04-17","864.51","","CONFORME CADASTRO","95.41","DIESEL (P)","","","SDK8F89","LT","","POSTO QUATRO RODAS","COMBUSTÍVEIS","533392","6a0866753615b37b20cf796d","2026-05-16T12:43:33.097000","2026-06-16T18:47:37.740000","6a0720445c9dd6ed8a2275ed","grupof8.ely2026@gmail.com","false"
"2026-04-16","882.03","","CONFORME CADASTRO","103.89","DIESEL (P)","","","SDK8F89","LT","","AUTO POSTO UNIAO","COMBUSTÍVEIS","37552","6a0866753615b37b20cf796c","2026-05-16T12:43:33.097000","2026-06-16T18:47:37.740000","6a0720445c9dd6ed8a2275ed","grupof8.ely2026@gmail.com","false"
"2026-04-17","616.2","","CONFORME CADASTRO","78","DIESEL (P)","","","SDK8F89","LT","","POSTO ITAMARATY","COMBUSTÍVEIS","1113497","6a0866753615b37b20cf796e","2026-05-16T12:43:33.097000","2026-06-16T18:47:37.740000","6a0720445c9dd6ed8a2275ed","grupof8.ely2026@gmail.com","false"
"2026-04-26","649.32","","CONFORME CADASTRO","75.59","DIESEL (P)","","","SDK8F89","LT","","MINAS BR COMBUSTIVEIS LTDA","COMBUSTÍVEIS","22217","6a0866753615b37b20cf7978","2026-05-16T12:43:33.097000","2026-06-16T18:47:37.740000","6a0720445c9dd6ed8a2275ed","grupof8.ely2026@gmail.com","false"
"2026-01-31","550.82","","CONFORME CADASTRO","87.57","DIESEL (P)","","","SDF8F89","LT","","GRALL","COMBUSTÍVEIS","3872","6a0866753615b37b20cf793f","2026-05-16T12:43:33.097000","2026-06-16T18:47:37.740000","6a0720445c9dd6ed8a2275ed","grupof8.ely2026@gmail.com","false"
"2026-04-11","754.74","","CONFORME CADASTRO","94.46","DIESEL (P)","","","SDF8F89","LT","","AUTO POSTO RODOSUL","COMBUSTÍVEIS","85967","6a0866753615b37b20cf7953","2026-05-16T12:43:33.097000","2026-06-16T18:47:37.740000","6a0720445c9dd6ed8a2275ed","grupof8.ely2026@gmail.com","false"
"2026-02-09","1048.67","","CONFORME CADASTRO","184.3","DIESEL (P)","","","SCP8F89","LT","","MP LOGISTICA COMBUSTIVEIS E CONVENIENCIA LTDA","COMBUSTÍVEIS","11397","6a0866753615b37b20cf7939","2026-05-16T12:43:33.097000","2026-06-16T18:47:37.740000","6a0720445c9dd6ed8a2275ed","grupof8.ely2026@gmail.com","false"
"2026-02-20","869.47","","CONFORME CADASTRO","138.23","DIESEL (P)","","","SDK8F89","LT","","AUTO POSTO MASUT LTDA","COMBUSTÍVEIS","41273","6a0866753615b37b20cf795c","2026-05-16T12:43:33.097000","2026-06-16T18:47:37.740000","6a0720445c9dd6ed8a2275ed","grupof8.ely2026@gmail.com","false"
"2026-02-02","635.74","","CONFORME CADASTRO","109.8","DIESEL (P)","","","SDF8F89","LT","","POSTO ROTTA 400","COMBUSTÍVEIS","186310","6a0866753615b37b20cf7941","2026-05-16T12:43:33.097000","2026-06-16T18:47:37.740000","6a0720445c9dd6ed8a2275ed","grupof8.ely2026@gmail.com","false"
"2026-04-17","619.12","","CONFORME CADASTRO","71.41","DIESEL (P)","","","SDK8F89","LT","","AUTO POSTO VALE LTDA","COMBUSTÍVEIS","2723563","6a0866753615b37b20cf796f","2026-05-16T12:43:33.097000","2026-06-16T18:47:37.740000","6a0720445c9dd6ed8a2275ed","grupof8.ely2026@gmail.com","false"
"2026-04-20","421.85","","CONFORME CADASTRO","59","DIESEL (P)","","","SDK8F89","LT","","MARIA DE FATIMA CARTAXO ANDRADE & CIA LTDA","COMBUSTÍVEIS","759302","6a0866753615b37b20cf7972","2026-05-16T12:43:33.097000","2026-06-16T18:47:37.740000","6a0720445c9dd6ed8a2275ed","grupof8.ely2026@gmail.com","false"
"2026-02-25","1254.51","","CONFORME CADASTRO","224.42","DIESEL (P)","","","SCP8F89","LT","","POSTO SABADIN II LTDA","COMBUSTÍVEIS","12665","6a0866753615b37b20cf793b","2026-05-16T12:43:33.097000","2026-06-16T18:47:37.740000","6a0720445c9dd6ed8a2275ed","grupof8.ely2026@gmail.com","false"
"2026-02-04","607.95","","CONFORME CADASTRO","105.07","DIESEL (P)","","","SDF8F89","LT","","POSTO ROTA 101 DERIVADOS DE PETROLEO LTDA","COMBUSTÍVEIS","717760","6a0866753615b37b20cf7944","2026-05-16T12:43:33.097000","2026-06-16T18:47:37.740000","6a0720445c9dd6ed8a2275ed","grupof8.ely2026@gmail.com","false"
"2026-02-14","465.71","","CONFORME CADASTRO","74.04","DIESEL (P)","","","SDK8F89","LT","","AUTO POSTO MASUT LTDA","COMBUSTÍVEIS","25152","6a0866753615b37b20cf795b","2026-05-16T12:43:33.097000","2026-06-16T18:47:37.740000","6a0720445c9dd6ed8a2275ed","grupof8.ely2026@gmail.com","false"
"2026-03-10","1502.85","","CONFORME CADASTRO","215","DIESEL (P)","","","SCP8F89","LT","","AUTO POSTO MASUT LTDA","COMBUSTÍVEIS","42254","6a0866753615b37b20cf793d","2026-05-16T12:43:33.097000","2026-06-16T18:47:37.740000","6a0720445c9dd6ed8a2275ed","grupof8.ely2026@gmail.com","false"
"2026-01-31","713.2","","CONFORME CADASTRO","117.69","DIESEL (P)","","","SDN8F89","LT","","COMERCIAL DERIV PETROLEO SAO CARLOS LTDA","COMBUSTÍVEIS","108877","6a0866753615b37b20cf797c","2026-05-16T12:43:33.097000","2026-06-16T18:47:37.740000","6a0720445c9dd6ed8a2275ed","grupof8.ely2026@gmail.com","false"
"2026-02-24","522.98","","CONFORME CADASTRO","90.32","DIESEL (P)","","","SDF8F89","LT","","AUTO POSTO NOVO MILLENIUM LTDA","COMBUSTÍVEIS","180869","6a0866753615b37b20cf794c","2026-05-16T12:43:33.097000","2026-06-16T18:47:37.740000","6a0720445c9dd6ed8a2275ed","grupof8.ely2026@gmail.com","false"
"2026-02-28","744.32","","CONFORME CADASTRO","126.37","DIESEL (P)","","","SDN8F89","LT","","AUTO POSTO URUGUAI LTDA","COMBUSTÍVEIS","270037","6a0866753615b37b20cf7981","2026-05-16T12:43:33.097000","2026-06-16T18:47:37.740000","6a0720445c9dd6ed8a2275ed","grupof8.ely2026@gmail.com","false"
"2026-02-24","459.17","","CONFORME CADASTRO","73","DIESEL (P)","","","SDK8F89","LT","","AUTO POSTO MASUT LTDA","COMBUSTÍVEIS","41476","6a0866753615b37b20cf795d","2026-05-16T12:43:33.097000","2026-06-16T18:47:37.740000","6a0720445c9dd6ed8a2275ed","grupof8.ely2026@gmail.com","false"
"2026-03-17","950.74","","CONFORME CADASTRO","117.52","DIESEL (P)","","","SDK8F89","LT","","RODO POSTO JUIZ DE FORA LTDA","COMBUSTÍVEIS","1711827","6a0866753615b37b20cf7964","2026-05-16T12:43:33.097000","2026-06-16T18:47:37.740000","6a0720445c9dd6ed8a2275ed","grupof8.ely2026@gmail.com","false"
"2026-01-14","761.97","","CONFORME CADASTRO","121.14","DIESEL (P)","","","SDN8F89","LT","","AUTO POSTO MADAGASCAR LTDA","COMBUSTÍVEIS","325205","6a0866753615b37b20cf797a","2026-05-16T12:43:33.097000","2026-06-16T18:47:37.740000","6a0720445c9dd6ed8a2275ed","grupof8.ely2026@gmail.com","false"
"2026-03-18","786.38","","CONFORME CADASTRO","99.67","DIESEL (P)","","","SDF8F89","LT","","AUTO POSTO NOVO MILLENIUM LTDA","COMBUSTÍVEIS","842","6a0866753615b37b20cf7950","2026-05-16T12:43:33.097000","2026-06-16T18:47:37.740000","6a0720445c9dd6ed8a2275ed","grupof8.ely2026@gmail.com","false"
"2026-04-16","110","","CONFORME CADASTRO","13.25","DIESEL (P)","","","SDK8F89","LT","","CONTERRENEO II","COMBUSTÍVEIS","22791","6a0866753615b37b20cf796b","2026-05-16T12:43:33.097000","2026-06-16T18:47:37.740000","6a0720445c9dd6ed8a2275ed","grupof8.ely2026@gmail.com","false"
"2026-02-05","420.92","","CONFORME CADASTRO","70.27","DIESEL (P)","","","SDF8F89","LT","","POSTO Z15 LTDA","COMBUSTÍVEIS","65428","6a0866753615b37b20cf7945","2026-05-16T12:43:33.097000","2026-06-16T18:47:37.740000","6a0720445c9dd6ed8a2275ed","grupof8.ely2026@gmail.com","false"
"2026-04-10","950.02","","CONFORME CADASTRO","123.54","DIESEL (P)","","","SDF8F89","LT","","AUTO POSTO KORUJAO","COMBUSTÍVEIS","41154","6a0866753615b37b20cf7952","2026-05-16T12:43:33.097000","2026-06-16T18:47:37.740000","6a0720445c9dd6ed8a2275ed","grupof8.ely2026@gmail.com","false"
"2026-04-22","975.06","","CONFORME CADASTRO","115.94","DIESEL (P)","","","SDK8F89","LT","","POSTO CABULA","COMBUSTÍVEIS","2480373","6a0866753615b37b20cf7973","2026-05-16T12:43:33.097000","2026-06-16T18:47:37.740000","6a0720445c9dd6ed8a2275ed","grupof8.ely2026@gmail.com","false"
"2026-02-10","626.88","","CONFORME CADASTRO","96","DIESEL (P)","","","SDF8F89","LT","","POSTO TAQUARI","COMBUSTÍVEIS","68185","6a0866753615b37b20cf7949","2026-05-16T12:43:33.097000","2026-06-16T18:47:37.740000","6a0720445c9dd6ed8a2275ed","grupof8.ely2026@gmail.com","false"
"2026-03-19","650.44","","CONFORME CADASTRO","94.61","DIESEL (P)","","","SDF8F89","LT","","MP LOGISTICA COMBUSTIVEIS E CONVENIENCIA LTDA","COMBUSTÍVEIS","313950","6a0866753615b37b20cf7951","2026-05-16T12:43:33.097000","2026-06-16T18:47:37.740000","6a0720445c9dd6ed8a2275ed","grupof8.ely2026@gmail.com","false"
"2026-02-05","398.9","","CONFORME CADASTRO","67.61","DIESEL (P)","","","SDK8F89","LT","","AUTO POSTO CARRIJO LTDA","COMBUSTÍVEIS","672452","6a0866753615b37b20cf7958","2026-05-16T12:43:33.097000","2026-06-16T18:47:37.740000","6a0720445c9dd6ed8a2275ed","grupof8.ely2026@gmail.com","false"
"2026-02-11","650.05","","CONFORME CADASTRO","106.74","DIESEL (P)","","","SDF8F89","LT","","HOT PETRO AUTO POSTO","COMBUSTÍVEIS","211875","6a0866753615b37b20cf794b","2026-05-16T12:43:33.097000","2026-06-16T18:47:37.740000","6a0720445c9dd6ed8a2275ed","grupof8.ely2026@gmail.com","false"
"2026-03-03","739.55","","CONFORME CADASTRO","125.56","DIESEL (P)","","","SDF8F89","LT","","AUTO POSTO URUGUAI LTDA","COMBUSTÍVEIS","4216","6a0866753615b37b20cf794e","2026-05-16T12:43:33.097000","2026-06-16T18:47:37.740000","6a0720445c9dd6ed8a2275ed","grupof8.ely2026@gmail.com","false"
"2026-02-05","32.5","","CONFORME CADASTRO","9.56","DIESEL (P)","","","SDK8F89","LT","","AUTO POSTO CARRIJO LTDA","COMBUSTÍVEIS","672453","6a0866753615b37b20cf7959","2026-05-16T12:43:33.097000","2026-06-16T18:47:37.740000","6a0720445c9dd6ed8a2275ed","grupof8.ely2026@gmail.com","false"
"2026-01-31","12.86","","CONFORME CADASTRO","4.3","DIESEL (P)","","","SDF8F89","LT","","GRALL","COMBUSTÍVEIS","3901","6a0866753615b37b20cf7940","2026-05-16T12:43:33.097000","2026-06-16T18:47:37.740000","6a0720445c9dd6ed8a2275ed","grupof8.ely2026@gmail.com","false"
"2026-04-26","604.22","","CONFORME CADASTRO","80.67","DIESEL (P)","","","SDK8F89","LT","","DELTTA COMBUSTÌVEÏS LTDA","COMBUSTÍVEIS","206910","6a0866753615b37b20cf7979","2026-05-16T12:43:33.097000","2026-06-16T18:47:37.740000","6a0720445c9dd6ed8a2275ed","grupof8.ely2026@gmail.com","false"
"2026-01-25","1147.43","","CONFORME CADASTRO","194.81","DIESEL (P)","","","SCP8F89","LT","","AUTO POSTO URUGUAI LTDA","COMBUSTÍVEIS","258711","6a0866753615b37b20cf7933","2026-05-16T12:43:33.097000","2026-06-16T18:47:37.740000","6a0720445c9dd6ed8a2275ed","grupof8.ely2026@gmail.com","false"
"2026-02-25","561.03","","CONFORME CADASTRO","73.82","DIESEL (P)","","","SDK8F89","LT","","DECIO COMERCIO E SERVICOS RODOVIARIOS LTDA","COMBUSTÍVEIS","35618","6a0866753615b37b20cf795e","2026-05-16T12:43:33.097000","2026-06-16T18:47:37.740000","6a0720445c9dd6ed8a2275ed","grupof8.ely2026@gmail.com","false"
"2026-01-09","1181.16","","CONFORME CADASTRO","193","DIESEL (P)","","","SCP8F89","LT","","COMERCIAL DERIV PETROLEO SAO CARLOS LTDA","COMBUSTÍVEIS","107743","6a0866753615b37b20cf7932","2026-05-16T12:43:33.097000","2026-06-16T18:47:37.740000","6a0720445c9dd6ed8a2275ed","grupof8.ely2026@gmail.com","false"
"2026-04-25","599.91","","CONFORME CADASTRO","77.01","DIESEL (P)","","","SDK8F89","LT","","POSTO BRASIL 04","COMBUSTÍVEIS","102289","6a0866753615b37b20cf7976","2026-05-16T12:43:33.097000","2026-06-16T18:47:37.740000","6a0720445c9dd6ed8a2275ed","grupof8.ely2026@gmail.com","false"
"2026-03-25","846.89","","CONFORME CADASTRO","112.32","DIESEL (P)","","","SDK8F89","LT","","POSTOS WK PLANALTINA LTDA","COMBUSTÍVEIS","10141","6a0866753615b37b20cf7968","2026-05-16T12:43:33.097000","2026-06-16T18:36:11.447000","6a0720445c9dd6ed8a2275ed","grupof8.ely2026@gmail.com","false"
"2026-02-24","632.39","","CONFORME CADASTRO","101.67","DIESEL (P)","","","SDN8F89","LT","","AUGUSTO URIAS DA CRUZ E FILHOS LTDA","COMBUSTÍVEIS","248733","6a0866753615b37b20cf797f","2026-05-16T12:43:33.097000","2026-06-16T18:47:37.740000","6a0720445c9dd6ed8a2275ed","grupof8.ely2026@gmail.com","false"
"2026-04-20","300.57","","CONFORME CADASTRO","43","DIESEL (P)","","","SDK8F89","LT","","POSTO DOM PEDRO IBO","COMBUSTÍVEIS","1298","6a0866753615b37b20cf7971","2026-05-16T12:43:33.097000","2026-06-16T18:47:37.740000","6a0720445c9dd6ed8a2275ed","grupof8.ely2026@gmail.com","false"
"2026-02-25","755.94","","CONFORME CADASTRO","118.3","DIESEL (P)","","","SDF8F89","LT","","AUTO POSTO PORTAL DO PETROLEO X E DERIVADOS LTDA","COMBUSTÍVEIS","354659","6a0866753615b37b20cf794d","2026-05-16T12:43:33.097000","2026-06-16T18:47:37.740000","6a0720445c9dd6ed8a2275ed","grupof8.ely2026@gmail.com","false"
"2026-03-02","719.01","","CONFORME CADASTRO","113.05","DIESEL (P)","","","SDN8F89","LT","","AUTO POSTO JARDIM LTDA","COMBUSTÍVEIS","6605","6a0866753615b37b20cf7983","2026-05-16T12:43:33.097000","2026-06-16T18:47:37.740000","6a0720445c9dd6ed8a2275ed","grupof8.ely2026@gmail.com","false"
"2026-01-27","756.38","","CONFORME CADASTRO","1","DIESEL (P)","","","SCP8F89","LT","","POSTO SANTA RITA","COMBUSTÍVEIS","79415","6a0866753615b37b20cf7935","2026-05-16T12:43:33.097000","2026-06-16T18:47:37.740000","6a0720445c9dd6ed8a2275ed","grupof8.ely2026@gmail.com","false"
"2026-03-04","872.39","","CONFORME CADASTRO","134.42","DIESEL (P)","","","SCP8F89","LT","","AUTO POSTO MASUT LTDA","COMBUSTÍVEIS","41948","6a0866753615b37b20cf793c","2026-05-16T12:43:33.097000","2026-06-16T18:47:37.740000","6a0720445c9dd6ed8a2275ed","grupof8.ely2026@gmail.com","false"
"2026-02-06","344.21","","CONFORME CADASTRO","58.44","DIESEL (P)","","","SDF8F89","LT","","PETROPEN","COMBUSTÍVEIS","1084235","6a0866753615b37b20cf7947","2026-05-16T12:43:33.097000","2026-06-16T18:36:11.447000","6a0720445c9dd6ed8a2275ed","grupof8.ely2026@gmail.com","false"
"2026-03-13","704.42","","CONFORME CADASTRO","94.68","DIESEL (P)","","","SDK8F89","LT","","AUTO POSTO PAMPLONA LTDA","COMBUSTÍVEIS","857388","6a0866753615b37b20cf7962","2026-05-16T12:43:33.097000","2026-06-16T18:47:37.740000","6a0720445c9dd6ed8a2275ed","grupof8.ely2026@gmail.com","false"
"2026-04-19","844.95","","CONFORME CADASTRO","107.5","DIESEL (P)","","","SDK8F89","LT","","POSTO IMPERIAL","COMBUSTÍVEIS","333109","6a0866753615b37b20cf7970","2026-05-16T12:43:33.097000","2026-06-16T18:47:37.740000","6a0720445c9dd6ed8a2275ed","grupof8.ely2026@gmail.com","false"
"2026-01-30","635.93","","CONFORME CADASTRO","84.79","DIESEL (P)","","","SDF8F89","LT","","DECIO COMERCIO E SERVICOS RODOVIARIOS LTDA","COMBUSTÍVEIS","35464","6a0866753615b37b20cf793e","2026-05-16T12:43:33.097000","2026-06-16T18:47:37.740000","6a0720445c9dd6ed8a2275ed","grupof8.ely2026@gmail.com","false"
"2026-04-24","693.72","","CONFORME CADASTRO","85.75","DIESEL (P)","","","SDK8F89","LT","","POSTO JOAO DURVAL","COMBUSTÍVEIS","44895","6a0866753615b37b20cf7975","2026-05-16T12:43:33.097000","2026-06-16T18:47:37.740000","6a0720445c9dd6ed8a2275ed","grupof8.ely2026@gmail.com","false"
"2026-01-19","509.49","","CONFORME CADASTRO","81","DIESEL (P)","","","SDK8F89","LT","","AUTO POSTO MASUT LTDA","COMBUSTÍVEIS","24135","6a0866753615b37b20cf7956","2026-05-16T12:43:33.097000","2026-06-16T18:47:37.740000","6a0720445c9dd6ed8a2275ed","grupof8.ely2026@gmail.com","false"
"2026-02-06","427.04","","CONFORME CADASTRO","70.71","DIESEL (P)","","","SDF8F89","LT","","AUTO POSTO USS GUARAREMA LTDA","COMBUSTÍVEIS","74689","6a0866753615b37b20cf7946","2026-05-16T12:43:33.097000","2026-06-16T18:47:37.740000","6a0720445c9dd6ed8a2275ed","grupof8.ely2026@gmail.com","false"
"2026-03-19","970.39","","CONFORME CADASTRO","115.66","DIESEL (P)","","","SDK8F89","LT","","NOROESTE DERIVADOS DE PETROLEO LTDA","COMBUSTÍVEIS","59857","6a0866753615b37b20cf7967","2026-05-16T12:43:33.097000","2026-06-16T18:36:11.447000","6a0720445c9dd6ed8a2275ed","grupof8.ely2026@gmail.com","false"
"2026-04-15","677.27","","CONFORME CADASTRO","87.48","DIESEL (P)","","","SDK8F89","LT","","AUTO POSTO CORRENTE LTDA","COMBUSTÍVEIS","15983","6a0866753615b37b20cf796a","2026-05-16T12:43:33.097000","2026-06-16T18:36:11.447000","6a0720445c9dd6ed8a2275ed","grupof8.ely2026@gmail.com","false"
"2026-01-29","1602.69","","CONFORME CADASTRO","243.2","DIESEL (P)","","","SCP8F89","LT","","PETROTRANS TRANSPORTES QUIMICOS E PETROQUIMICOS LTDA","COMBUSTÍVEIS","247856","6a0866753615b37b20cf7936","2026-05-16T12:43:33.097000","2026-06-16T18:47:37.740000","6a0720445c9dd6ed8a2275ed","grupof8.ely2026@gmail.com","false"
"2026-02-03","493.28","","CONFORME CADASTRO","81.4","DIESEL (P)","","","SDN8F89","LT","","COMERCIAL DERIV PETROLEO SAO CARLOS LTDA","COMBUSTÍVEIS","108992","6a0866753615b37b20cf797d","2026-05-16T12:43:33.097000","2026-06-16T18:47:37.740000","6a0720445c9dd6ed8a2275ed","grupof8.ely2026@gmail.com","false"
"2026-03-12","515.87","","CONFORME CADASTRO","65.38","DIESEL (P)","","","SDF8F89","LT","","AUTO POSTO NOVO MILLENIUM LTDA","COMBUSTÍVEIS","815","6a0866753615b37b20cf794f","2026-05-16T12:43:33.097000","2026-06-16T18:47:37.740000","6a0720445c9dd6ed8a2275ed","grupof8.ely2026@gmail.com","false"
"2026-02-26","625.96","","CONFORME CADASTRO","110.01","DIESEL (P)","","","SDK8F89","LT","","AUTO POSTO XINGU LTDA","COMBUSTÍVEIS","93114","6a0866753615b37b20cf795f","2026-05-16T12:43:33.097000","2026-06-16T18:47:37.740000","6a0720445c9dd6ed8a2275ed","grupof8.ely2026@gmail.com","false"
"2026-02-27","611.54","","CONFORME CADASTRO","100.04","DIESEL (P)","","","SDK8F89","LT","","HOT PETRO AUTO POSTO","COMBUSTÍVEIS","212496","6a0866753615b37b20cf7960","2026-05-16T12:43:33.097000","2026-06-16T18:47:37.740000","6a0720445c9dd6ed8a2275ed","grupof8.ely2026@gmail.com","false"
"2026-02-13","618.53","","CONFORME CADASTRO","103.26","DIESEL (P)","","","SDK8F89","LT","","PETRO RIO COMERCIO DE DERIVADOS DE PETROLEO LTDA","COMBUSTÍVEIS","9820","6a0866753615b37b20cf795a","2026-05-16T12:43:33.097000","2026-06-16T18:47:37.740000","6a0720445c9dd6ed8a2275ed","grupof8.ely2026@gmail.com","false"
"2026-02-26","693.24","","CONFORME CADASTRO","106","DIESEL (P)","","","SDN8F89","LT","","SANTA MARIA DERIVADOS DE PETROLEO LTDA","COMBUSTÍVEIS","85415","6a0866753615b37b20cf7980","2026-05-16T12:43:33.097000","2026-06-16T18:47:37.740000","6a0720445c9dd6ed8a2275ed","grupof8.ely2026@gmail.com","false"
"2026-02-04","764.97","","CONFORME CADASTRO","132.12","DIESEL (P)","","","SDK8F89","LT","","AUTO POSTO NOVO MILLENIUM LTDA","COMBUSTÍVEIS","174894","6a0866753615b37b20cf7957","2026-05-16T12:43:33.097000","2026-06-16T18:36:11.447000","6a0720445c9dd6ed8a2275ed","grupof8.ely2026@gmail.com","false"
"2026-03-14","750.78","","CONFORME CADASTRO","97","DIESEL (P)","","","SDK8F89","LT","","RODOPOSTO SAO CARLOS LTDA","COMBUSTÍVEIS","269920","6a0866753615b37b20cf7963","2026-05-16T12:43:33.097000","2026-06-16T18:47:37.740000","6a0720445c9dd6ed8a2275ed","grupof8.ely2026@gmail.com","false"
"2026-01-05","702.5","","CONFORME CADASTRO","121.33","DIESEL (P)","","","SDK8F89","LT","","EFAM COMERCIO VAREJISTA DE COMBUSTIVEIS LTDA","COMBUSTÍVEIS","170120","6a0866753615b37b20cf7955","2026-05-16T12:43:33.097000","2026-06-16T18:47:37.740000","6a0720445c9dd6ed8a2275ed","grupof8.ely2026@gmail.com","false"
"2026-03-18","660.41","","CONFORME CADASTRO","95.16","DIESEL (P)","","","SDK8F89","LT","","TRAVESSIA IMPERIAL","COMBUSTÍVEIS","1214968","6a0866753615b37b20cf7966","2026-05-16T12:43:33.097000","2026-06-16T18:47:37.740000","6a0720445c9dd6ed8a2275ed","grupof8.ely2026@gmail.com","false"
"2026-04-12","807.14","","CONFORME CADASTRO","109.22","DIESEL (P)","","","SDF8F89","LT","","AUTO POSTO ECONOMICO LTDA","COMBUSTÍVEIS","2649","6a0866753615b37b20cf7954","2026-05-16T12:43:33.097000","2026-06-16T18:47:37.740000","6a0720445c9dd6ed8a2275ed","grupof8.ely2026@gmail.com","false"
"2026-02-28","2704.7","","CONFORME CADASTRO","446.32","DIESEL (P)","","","SCA8F89","LT","","COMERCIAL DERIV PETROLEO SAO CARLOS LTDA","COMBUSTÍVEIS","110437","6a0866753615b37b20cf7900","2026-05-16T12:43:33.096000","2026-06-16T18:36:11.447000","6a0720445c9dd6ed8a2275ed","grupof8.ely2026@gmail.com","false"
"2026-02-12","3566.93","","CONFORME CADASTRO","567.08","DIESEL (P)","","","SCE8F89","LT","","AUTO POSTO MASUT LTDA","COMBUSTÍVEIS","25081","6a0866753615b37b20cf7915","2026-05-16T12:43:33.096000","2026-06-16T18:36:11.447000","6a0720445c9dd6ed8a2275ed","grupof8.ely2026@gmail.com","false"
"2026-01-30","2111.3","","CONFORME CADASTRO","348.4","DIESEL (P)","","","SCN8F89","LT","","COMERCIAL DERIV PETROLEO SAO CARLOS LTDA","COMBUSTÍVEIS","108860","6a0866753615b37b20cf7926","2026-05-16T12:43:33.096000","2026-06-16T18:36:11.447000","6a0720445c9dd6ed8a2275ed","grupof8.ely2026@gmail.com","false"
"2026-03-26","4999.04","","CONFORME CADASTRO","650.07","DIESEL (P)","","","RCN5F85","LT","","AUTO POSTO MASUT LTDA","COMBUSTÍVEIS","43215","6a0866753615b37b20cf78f5","2026-05-16T12:43:33.096000","2026-06-16T18:36:11.447000","6a0720445c9dd6ed8a2275ed","grupof8.ely2026@gmail.com","false"
"2026-02-07","3082.1","","CONFORME CADASTRO","490","DIESEL (P)","","","SCE8F89","LT","","AUTO POSTO MASUT LTDA","COMBUSTÍVEIS","24881","6a0866753615b37b20cf7914","2026-05-16T12:43:33.096000","2026-06-16T18:36:11.447000","6a0720445c9dd6ed8a2275ed","grupof8.ely2026@gmail.com","false"
"2026-02-27","3349.5","","CONFORME CADASTRO","550","DIESEL (P)","","","SCE8F89","LT","","RODOVIA COMERCIO DE COMBUSTIVEIS E DERIVADOS LTDA","COMBUSTÍVEIS","167943","6a0866753615b37b20cf7917","2026-05-16T12:43:33.096000","2026-06-16T18:36:11.447000","6a0720445c9dd6ed8a2275ed","grupof8.ely2026@gmail.com","false"
"2026-02-23","1337.06","","CONFORME CADASTRO","216.71","DIESEL (P)","","","SCN8F89","LT","","POSTO MALACARNE (JEQUITIBA REDE DE POSTOS)","COMBUSTÍVEIS","34409","6a0866753615b37b20cf7929","2026-05-16T12:43:33.096000","2026-06-16T18:36:11.447000","6a0720445c9dd6ed8a2275ed","grupof8.ely2026@gmail.com","false"
"2026-03-26","537.81","","CONFORME CADASTRO","66.07","DIESEL (P)","","","FON1F81","LT","","AUTO POSTO NOVA OPÇÃO LTDA","COMBUSTÍVEIS","14534","6a0866753615b37b20cf78dd","2026-05-16T12:43:33.096000","2026-06-16T18:36:11.447000","6a0720445c9dd6ed8a2275ed","grupof8.ely2026@gmail.com","false"
"2026-02-07","2604.33","","CONFORME CADASTRO","400","DIESEL (P)","","","SCB8F89","LT","","POSTO MEIRA COMERCIO DE COMBUSTIVEIS LTDA","COMBUSTÍVEIS","5881","6a0866753615b37b20cf7908","2026-05-16T12:43:33.096000","2026-06-16T18:36:11.447000","6a0720445c9dd6ed8a2275ed","grupof8.ely2026@gmail.com","false"
"2026-04-06","969.02","","CONFORME CADASTRO","126.01","DIESEL (P)","","","FON1F81","LT","","SANTA MARIA DERIVADOS DE PETROLEO LTDA","COMBUSTÍVEIS","87330","6a0866753615b37b20cf78e0","2026-05-16T12:43:33.096000","2026-06-16T18:36:11.447000","6a0720445c9dd6ed8a2275ed","grupof8.ely2026@gmail.com","false"
"2026-03-19","2005.46","","CONFORME CADASTRO","254.18","DIESEL (P)","","","SCK8F89","LT","","AUTO POSTO NOVO MILLENIUM LTDA","COMBUSTÍVEIS","855","6a0866753615b37b20cf7921","2026-05-16T12:43:33.096000","2026-06-16T18:36:11.447000","6a0720445c9dd6ed8a2275ed","grupof8.ely2026@gmail.com","false"
"2026-01-28","2314.78","","CONFORME CADASTRO","377","DIESEL (P)","","","SCN8F89","LT","","POSTO MACAUBENSE VII","COMBUSTÍVEIS","43493","6a0866753615b37b20cf7925","2026-05-16T12:43:33.096000","2026-06-16T18:36:11.447000","6a0720445c9dd6ed8a2275ed","grupof8.ely2026@gmail.com","false"
"2026-03-31","4667.36","","CONFORME CADASTRO","584.15","DIESEL (P)","","","RCJ1E32","LT","","COMERCIAL DERIV PETROLEO SAO CARLOS LTDA","COMBUSTÍVEIS","112359","6a0866753615b37b20cf78ee","2026-05-16T12:43:33.096000","2026-06-16T18:36:11.447000","6a0720445c9dd6ed8a2275ed","grupof8.ely2026@gmail.com","false"
"2026-03-23","960.04","","CONFORME CADASTRO","123.24","DIESEL (P)","","","FON1F81","LT","","POSTO TUPY ELOI MENDES","COMBUSTÍVEIS","1390","6a0866753615b37b20cf78dc","2026-05-16T12:43:33.096000","2026-06-16T18:36:11.447000","6a0720445c9dd6ed8a2275ed","grupof8.ely2026@gmail.com","false"
"2026-02-11","3679.65","","CONFORME CADASTRO","585","DIESEL (P)","","","RCN5F85","LT","","AUTO POSTO MASUT LTDA","COMBUSTÍVEIS","25050","6a0866753615b37b20cf78f2","2026-05-16T12:43:33.096000","2026-06-16T18:36:11.447000","6a0720445c9dd6ed8a2275ed","grupof8.ely2026@gmail.com","false"
"2026-04-16","3486.03","","CONFORME CADASTRO","453.32","DIESEL (P)","","","SCN8F89","LT","","BARRIGAO COMERCIAL LTDA","COMBUSTÍVEIS","6828","6a0866753615b37b20cf792d","2026-05-16T12:43:33.096000","2026-06-16T18:36:11.447000","6a0720445c9dd6ed8a2275ed","grupof8.ely2026@gmail.com","false"
"2026-03-02","2669.25","","CONFORME CADASTRO","440.47","DIESEL (P)","","","RCJ1E32","LT","","COMERCIAL DERIV PETROLEO SAO CARLOS LTDA","COMBUSTÍVEIS","110530","6a0866753615b37b20cf78eb","2026-05-16T12:43:33.096000","2026-06-16T18:36:11.447000","6a0720445c9dd6ed8a2275ed","grupof8.ely2026@gmail.com","false"
"2026-04-23","3775.86","","CONFORME CADASTRO","548.02","DIESEL (P)","","","RCJ1E32","LT","","AUTO POSTO MASUT LTDA","COMBUSTÍVEIS","44641","6a0866753615b37b20cf78ef","2026-05-16T12:43:33.096000","2026-06-16T18:36:11.447000","6a0720445c9dd6ed8a2275ed","grupof8.ely2026@gmail.com","false"
"2026-03-17","2428.96","","CONFORME CADASTRO","304","DIESEL (P)","","","SCB8F89","LT","","AUTO POSTO MASUT LTDA","COMBUSTÍVEIS","42700","6a0866753615b37b20cf790c","2026-05-16T12:43:33.096000","2026-06-16T18:36:11.447000","6a0720445c9dd6ed8a2275ed","grupof8.ely2026@gmail.com","false"
"2026-04-12","906.75","","CONFORME CADASTRO","116.25","DIESEL (P)","","","RET5E47","LT","","POSTO 3M","COMBUSTÍVEIS","606475","6a0866753615b37b20cf78fb","2026-05-16T12:43:33.096000","2026-06-16T18:36:11.447000","6a0720445c9dd6ed8a2275ed","grupof8.ely2026@gmail.com","false"
"2026-03-26","2370.18","","CONFORME CADASTRO","300.02","DIESEL (P)","","","SCA8F89","LT","","PETRO RIO COMERCIO DE DERIVADOS DE PETROLEO LTDA","COMBUSTÍVEIS","63496","6a0866753615b37b20cf7903","2026-05-16T12:43:33.096000","2026-06-16T18:36:11.447000","6a0720445c9dd6ed8a2275ed","grupof8.ely2026@gmail.com","false"
"2026-01-22","2975.23","","CONFORME CADASTRO","473.01","DIESEL (P)","","","SCB8F89","LT","","AUTO POSTO MASUT LTDA","COMBUSTÍVEIS","24243","6a0866753615b37b20cf7907","2026-05-16T12:43:33.096000","2026-06-16T18:36:11.447000","6a0720445c9dd6ed8a2275ed","grupof8.ely2026@gmail.com","false"
"2026-02-24","3638.17","","CONFORME CADASTRO","543.01","DIESEL (P)","","","SCE8F89","LT","","DECIO COMERCIO E SERVICOS RODOVIARIOS LTDA","COMBUSTÍVEIS","57750","6a0866753615b37b20cf7916","2026-05-16T12:43:33.096000","2026-06-16T18:36:11.447000","6a0720445c9dd6ed8a2275ed","grupof8.ely2026@gmail.com","false"
"2026-02-12","2553.2","","CONFORME CADASTRO","433.48","DIESEL (P)","","","SCA8F89","LT","","AUTO POSTO URUGUAI LTDA","COMBUSTÍVEIS","3820","6a0866753615b37b20cf78ff","2026-05-16T12:43:33.096000","2026-06-16T18:36:11.447000","6a0720445c9dd6ed8a2275ed","grupof8.ely2026@gmail.com","false"
"2026-03-20","4394.5","","CONFORME CADASTRO","550","DIESEL (P)","","","SCE8F89","LT","","AUTO POSTO MASUT LTDA","COMBUSTÍVEIS","42880","6a0866753615b37b20cf791b","2026-05-16T12:43:33.096000","2026-06-16T18:36:11.447000","6a0720445c9dd6ed8a2275ed","grupof8.ely2026@gmail.com","false"
"2026-03-22","2751.52","","CONFORME CADASTRO","420.08","DIESEL (P)","","","SCB8F89","LT","","SERVICENTRO OLIVEIRA RIOS LTDA","COMBUSTÍVEIS","34270","6a0866753615b37b20cf790e","2026-05-16T12:43:33.096000","2026-06-16T18:36:11.447000","6a0720445c9dd6ed8a2275ed","grupof8.ely2026@gmail.com","false"
"2026-02-20","939.63","","CONFORME CADASTRO","159.53","DIESEL (P)","","","SCN8F89","LT","","AUTO POSTO URUGUAI LTDA","COMBUSTÍVEIS","3963","6a0866753615b37b20cf7927","2026-05-16T12:43:33.096000","2026-06-16T18:36:11.447000","6a0720445c9dd6ed8a2275ed","grupof8.ely2026@gmail.com","false"
"2026-04-14","777.79","","CONFORME CADASTRO","100.36","DIESEL (P)","","","RBT2A64","LT","","COMERCIAL DERIV PETROLEO SAO CARLOS LTDA","COMBUSTÍVEIS","113067","6a0866753615b37b20cf78e3","2026-05-16T12:43:33.096000","2026-06-16T18:36:11.447000","6a0720445c9dd6ed8a2275ed","grupof8.ely2026@gmail.com","false"
"2026-03-21","4557.58","","CONFORME CADASTRO","570.41","DIESEL (P)","","","RCJ1E32","LT","","AUTO POSTO MASUT LTDA","COMBUSTÍVEIS","42891","6a0866753615b37b20cf78ec","2026-05-16T12:43:33.096000","2026-06-16T18:36:11.447000","6a0720445c9dd6ed8a2275ed","grupof8.ely2026@gmail.com","false"
"2026-03-19","3254.85","","CONFORME CADASTRO","361.65","DIESEL (P)","","","SCA8F89","LT","","DECIO COMERCIO E SERVICOS RODOVIARIOS LTDA","COMBUSTÍVEIS","64314","6a0866753615b37b20cf7902","2026-05-16T12:43:33.096000","2026-06-16T18:36:11.447000","6a0720445c9dd6ed8a2275ed","grupof8.ely2026@gmail.com","false"
"2026-01-25","1949.1","","CONFORME CADASTRO","327.58","DIESEL (P)","","","SCN8F89","LT","","MARIA DE FATIMA CARTAXO ANDRADE & CIA LTDA","COMBUSTÍVEIS","21617","6a0866753615b37b20cf7924","2026-05-16T12:43:33.096000","2026-06-16T18:36:11.447000","6a0720445c9dd6ed8a2275ed","grupof8.ely2026@gmail.com","false"
"2026-03-11","3889.1","","CONFORME CADASTRO","556.38","DIESEL (P)","","","SCE8F89","LT","","AUTO POSTO MASUT LTDA","COMBUSTÍVEIS","42309","6a0866753615b37b20cf7919","2026-05-16T12:43:33.096000","2026-06-16T18:36:11.447000","6a0720445c9dd6ed8a2275ed","grupof8.ely2026@gmail.com","false"
"2026-01-23","2552.68","","CONFORME CADASTRO","392.72","DIESEL (P)","","","SCN8F89","LT","","COMERCIAL CRM DE COMBUSTIVEIS LTDA","COMBUSTÍVEIS","87081","6a0866753615b37b20cf7923","2026-05-16T12:43:33.096000","2026-06-16T18:36:11.447000","6a0720445c9dd6ed8a2275ed","grupof8.ely2026@gmail.com","false"
"2026-04-20","2700.08","","CONFORME CADASTRO","310.71","DIESEL (P)","","","SCN8F89","LT","","MACAUBENSE COMÉRCIO DE DERIVADOS DE PETRÓLEO LTDA","COMBUSTÍVEIS","39257","6a0866753615b37b20cf792f","2026-05-16T12:43:33.096000","2026-06-16T18:36:11.447000","6a0720445c9dd6ed8a2275ed","grupof8.ely2026@gmail.com","false"
"2026-03-18","4634.2","","CONFORME CADASTRO","580","DIESEL (P)","","","SCE8F89","LT","","AUTO POSTO MASUT LTDA","COMBUSTÍVEIS","42754","6a0866753615b37b20cf791a","2026-05-16T12:43:33.096000","2026-06-16T18:36:11.447000","6a0720445c9dd6ed8a2275ed","grupof8.ely2026@gmail.com","false"
"2026-02-09","1883.7","","CONFORME CADASTRO","322","DIESEL (P)","","","SCB8F89","LT","","POSTO DOM PEDRO FREI INOCENCIO","COMBUSTÍVEIS","65940","6a0866753615b37b20cf7909","2026-05-16T12:43:33.096000","2026-06-16T18:36:11.447000","6a0720445c9dd6ed8a2275ed","grupof8.ely2026@gmail.com","false"
"2026-02-23","4473.07","","CONFORME CADASTRO","711.14","DIESEL (P)","","","RCN5F85","LT","","AUTO POSTO MASUT LTDA","COMBUSTÍVEIS","41385","6a0866753615b37b20cf78f3","2026-05-16T12:43:33.096000","2026-06-16T18:36:11.447000","6a0720445c9dd6ed8a2275ed","grupof8.ely2026@gmail.com","false"
"2026-01-18","2356.18","","CONFORME CADASTRO","400.03","DIESEL (P)","","","SCB8F89","LT","","POSTO DOM PEDRO FREI INOCENCIO","COMBUSTÍVEIS","64959","6a0866753615b37b20cf7906","2026-05-16T12:43:33.096000","2026-06-16T18:36:11.447000","6a0720445c9dd6ed8a2275ed","grupof8.ely2026@gmail.com","false"
"2026-04-28","4288.42","","CONFORME CADASTRO","641.02","DIESEL (P)","","","RCJ1E32","LT","","AUTO POSTO MASUT LTDA","COMBUSTÍVEIS","44918","6a0866753615b37b20cf78f0","2026-05-16T12:43:33.096000","2026-06-16T18:36:11.447000","6a0720445c9dd6ed8a2275ed","grupof8.ely2026@gmail.com","false"
"2026-04-02","500","","CONFORME CADASTRO","65.02","DIESEL (P)","","","FON1F81","LT","","JP DERIVADOS DE PETROLEO LTDA","COMBUSTÍVEIS","70359","6a0866753615b37b20cf78de","2026-05-16T12:43:33.096000","2026-06-16T18:36:11.447000","6a0720445c9dd6ed8a2275ed","grupof8.ely2026@gmail.com","false"
"2026-03-19","2496.86","","CONFORME CADASTRO","302.65","DIESEL (P)","","","SCB8F89","LT","","POSTO MEIRA COMERCIO DE COMBUSTIVEIS LTDA","COMBUSTÍVEIS","6665","6a0866753615b37b20cf790d","2026-05-16T12:43:33.096000","2026-06-16T18:36:11.447000","6a0720445c9dd6ed8a2275ed","grupof8.ely2026@gmail.com","false"
"2026-01-05","1360.17","","CONFORME CADASTRO","222.25","DIESEL (P)","","","SCK8F89","LT","","COMERCIAL DERIV PETROLEO SAO CARLOS LTDA","COMBUSTÍVEIS","107479","6a0866753615b37b20cf791e","2026-05-16T12:43:33.096000","2026-06-16T18:36:11.447000","6a0720445c9dd6ed8a2275ed","grupof8.ely2026@gmail.com","false"
"2026-03-14","2137.08","","CONFORME CADASTRO","270.86","DIESEL (P)","","","SCN8F89","LT","","POSTO DE COMBUSTIVEIS RIO CORRENTINA 1 LTDA","COMBUSTÍVEIS","18577","6a0866753615b37b20cf792b","2026-05-16T12:43:33.096000","2026-06-16T18:36:11.447000","6a0720445c9dd6ed8a2275ed","grupof8.ely2026@gmail.com","false"
"2026-04-15","4254.21","","CONFORME CADASTRO","600.03","DIESEL (P)","","","RCN5F85","LT","","AUTO POSTO MASUT LTDA","COMBUSTÍVEIS","44221","6a0866753615b37b20cf78f7","2026-05-16T12:43:33.096000","2026-06-16T18:36:11.447000","6a0720445c9dd6ed8a2275ed","grupof8.ely2026@gmail.com","false"
"2026-01-29","4088.5","","CONFORME CADASTRO","650","DIESEL (P)","","","RCJ1E32","LT","","AUTO POSTO MASUT LTDA","COMBUSTÍVEIS","24503","6a0866753615b37b20cf78e8","2026-05-16T12:43:33.096000","2026-06-16T18:36:11.447000","6a0720445c9dd6ed8a2275ed","grupof8.ely2026@gmail.com","false"
"2026-03-22","706.14","","CONFORME CADASTRO","86.22","DIESEL (P)","","","FON1F81","LT","","SANTA MARIA DERIVADOS DE PETROLEO LTDA","COMBUSTÍVEIS","86672","6a0866753615b37b20cf78db","2026-05-16T12:43:33.096000","2026-06-16T18:36:11.447000","6a0720445c9dd6ed8a2275ed","grupof8.ely2026@gmail.com","false"
"2026-01-16","2704.76","","CONFORME CADASTRO","430.01","DIESEL (P)","","","SCE8F89","LT","","AUTO POSTO MASUT LTDA","COMBUSTÍVEIS","40540","6a0866753615b37b20cf7910","2026-05-16T12:43:33.096000","2026-06-16T18:36:11.447000","6a0720445c9dd6ed8a2275ed","grupof8.ely2026@gmail.com","false"
"2026-04-29","4194","","CONFORME CADASTRO","600","DIESEL (P)","","","RCN5F85","LT","","CINQUENTAO COMERCIO DE COMBUSTIVEIS LTDA","COMBUSTÍVEIS","9604","6a0866753615b37b20cf78f9","2026-05-16T12:43:33.096000","2026-06-16T18:36:11.447000","6a0720445c9dd6ed8a2275ed","grupof8.ely2026@gmail.com","false"
"2026-04-17","854.57","","CONFORME CADASTRO","109.56","DIESEL (P)","","","FON1F81","LT","","POSTO 3M","COMBUSTÍVEIS","29406","6a0866753615b37b20cf78e2","2026-05-16T12:43:33.096000","2026-06-16T18:36:11.447000","6a0720445c9dd6ed8a2275ed","grupof8.ely2026@gmail.com","false"
"2026-01-29","3499.27","","CONFORME CADASTRO","480.01","DIESEL (P)","","","SCE8F89","LT","","REDE DE POSTOS MARAJO GRANDE GOIANIA LTDA","COMBUSTÍVEIS","291220","6a0866753615b37b20cf7912","2026-05-16T12:43:33.096000","2026-06-16T18:36:11.447000","6a0720445c9dd6ed8a2275ed","grupof8.ely2026@gmail.com","false"
"2026-01-13","4033.4","","CONFORME CADASTRO","602","DIESEL (P)","","","SCE8F89","LT","","DECIO COMERCIO E SERVICOS RODOVIARIOS LTDA","COMBUSTÍVEIS","48081","6a0866753615b37b20cf790f","2026-05-16T12:43:33.096000","2026-06-16T18:36:11.447000","6a0720445c9dd6ed8a2275ed","grupof8.ely2026@gmail.com","false"
"2026-01-26","3030","","CONFORME CADASTRO","500","DIESEL (P)","","","RCJ1E32","LT","","COMERCIAL DERIV PETROLEO SAO CARLOS LTDA","COMBUSTÍVEIS","108571","6a0866753615b37b20cf78e7","2026-05-16T12:43:33.096000","2026-06-16T18:36:11.447000","6a0720445c9dd6ed8a2275ed","grupof8.ely2026@gmail.com","false"
"2026-03-09","495.38","","CONFORME CADASTRO","75.98","DIESEL (P)","","","FON1F81","LT","","POSTO ALVORADA LTDA","COMBUSTÍVEIS","202986","6a0866753615b37b20cf78da","2026-05-16T12:43:33.096000","2026-06-16T18:36:11.447000","6a0720445c9dd6ed8a2275ed","grupof8.ely2026@gmail.com","false"
"2026-03-03","3154.3","","CONFORME CADASTRO","439.93","DIESEL (P)","","","SCB8F89","LT","","RODOPOSTO CORAL LTDA","COMBUSTÍVEIS","160126","6a0866753615b37b20cf790b","2026-05-16T12:43:33.096000","2026-06-16T18:36:11.447000","6a0720445c9dd6ed8a2275ed","grupof8.ely2026@gmail.com","false"
"2026-02-26","2751.2","","CONFORME CADASTRO","362","DIESEL (P)","","","SCB8F89","LT","","DECIO COMERCIO E SERVICOS RODOVIARIOS LTDA","COMBUSTÍVEIS","35840","6a0866753615b37b20cf790a","2026-05-16T12:43:33.096000","2026-06-16T18:36:11.447000","6a0720445c9dd6ed8a2275ed","grupof8.ely2026@gmail.com","false"
"2026-01-27","2322.65","","CONFORME CADASTRO","391.02","DIESEL (P)","","","SCA8F89","LT","","CENTRO AUTOMOTIVO BANDEIRANTE LTDA","COMBUSTÍVEIS","59668","6a0866753615b37b20cf78fe","2026-05-16T12:43:33.096000","2026-06-16T18:36:11.447000","6a0720445c9dd6ed8a2275ed","grupof8.ely2026@gmail.com","false"
"2026-03-06","3535.7","","CONFORME CADASTRO","485.01","DIESEL (P)","","","SCE8F89","LT","","QUALIS COMBUSTIVEIS LTDA","COMBUSTÍVEIS","48749","6a0866753615b37b20cf7918","2026-05-16T12:43:33.096000","2026-06-16T18:36:11.447000","6a0720445c9dd6ed8a2275ed","grupof8.ely2026@gmail.com","false"
"2026-04-29","3250.35","","CONFORME CADASTRO","465","DIESEL (P)","","","SCE8F89","LT","","POSTO SÃO ROQUE BR 080 LTDA","COMBUSTÍVEIS","8841","6a0866753615b37b20cf791c","2026-05-16T12:43:33.096000","2026-06-16T18:36:11.447000","6a0720445c9dd6ed8a2275ed","grupof8.ely2026@gmail.com","false"
"2026-04-02","1010.34","","CONFORME CADASTRO","126.45","DIESEL (P)","","","FON1F81","LT","","POSTO SAO THOME LTDA II","COMBUSTÍVEIS","585826","6a0866753615b37b20cf78df","2026-05-16T12:43:33.096000","2026-06-16T18:36:11.447000","6a0720445c9dd6ed8a2275ed","grupof8.ely2026@gmail.com","false"
"2026-01-13","3702.6","","CONFORME CADASTRO","605","DIESEL (P)","","","RCJ1E32","LT","","COMERCIAL DERIV PETROLEO SAO CARLOS LTDA","COMBUSTÍVEIS","107904","6a0866753615b37b20cf78e5","2026-05-16T12:43:33.096000","2026-06-16T18:36:11.447000","6a0720445c9dd6ed8a2275ed","grupof8.ely2026@gmail.com","false"
"2026-01-21","3929.16","","CONFORME CADASTRO","573.6","DIESEL (P)","","","RCJ1E32","LT","","REDE DE POSTOS MARAJÓ HIDROLÂNDIA LTDA","COMBUSTÍVEIS","156650","6a0866753615b37b20cf78e6","2026-05-16T12:43:33.096000","2026-06-16T18:36:11.447000","6a0720445c9dd6ed8a2275ed","grupof8.ely2026@gmail.com","false"
"2026-04-16","1409.44","","CONFORME CADASTRO","192.81","DIESEL (P)","","","SCA8F89","LT","","HOT PETRO AUTO POSTO","COMBUSTÍVEIS","11431","6a0866753615b37b20cf7904","2026-05-16T12:43:33.096000","2026-06-16T18:36:11.447000","6a0720445c9dd6ed8a2275ed","grupof8.ely2026@gmail.com","false"
"2026-04-14","816.06","","CONFORME CADASTRO","115.1","DIESEL (P)","","","FON1F81","LT","","SANTA MARIA DERIVADOS DE PETROLEO LTDA","COMBUSTÍVEIS","87699","6a0866753615b37b20cf78e1","2026-05-16T12:43:33.096000","2026-06-16T18:36:11.447000","6a0720445c9dd6ed8a2275ed","grupof8.ely2026@gmail.com","false"
"2026-02-09","1048.68","","CONFORME CADASTRO","187.6","DIESEL (P)","","","SCK8F89","LT","","POSTO SABADIN II LTDA","COMBUSTÍVEIS","12240","6a0866753615b37b20cf7920","2026-05-16T12:43:33.096000","2026-06-16T18:36:11.447000","6a0720445c9dd6ed8a2275ed","grupof8.ely2026@gmail.com","false"
"2026-04-10","2403.02","","CONFORME CADASTRO","273.07","DIESEL (P)","","","RCN5F85","LT","","DECIO COMERCIO E SERVICOS RODOVIARIOS LTDA","COMBUSTÍVEIS","69503","6a0866753615b37b20cf78f6","2026-05-16T12:43:33.096000","2026-06-16T18:36:11.447000","6a0720445c9dd6ed8a2275ed","grupof8.ely2026@gmail.com","false"
"2026-03-18","3203.99","","CONFORME CADASTRO","401","DIESEL (P)","","","SCN8F89","LT","","COMERCIAL DERIV PETROLEO SAO CARLOS LTDA","COMBUSTÍVEIS","111589","6a0866753615b37b20cf792c","2026-05-16T12:43:33.096000","2026-06-16T18:36:11.447000","6a0720445c9dd6ed8a2275ed","grupof8.ely2026@gmail.com","false"
"2026-02-04","3774","","CONFORME CADASTRO","600","DIESEL (P)","","","SCE8F89","LT","","AUTO POSTO MASUT LTDA","COMBUSTÍVEIS","24758","6a0866753615b37b20cf7913","2026-05-16T12:43:33.096000","2026-06-16T18:36:11.447000","6a0720445c9dd6ed8a2275ed","grupof8.ely2026@gmail.com","false"
"2026-04-30","3211.6","","CONFORME CADASTRO","480.06","DIESEL (P)","","","RCJ1E32","LT","","AUTO POSTO MASUT LTDA","COMBUSTÍVEIS","45054","6a0866753615b37b20cf78f1","2026-05-16T12:43:33.096000","2026-06-16T18:36:11.447000","6a0720445c9dd6ed8a2275ed","grupof8.ely2026@gmail.com","false"
"2026-04-29","65.57","","CONFORME CADASTRO","9.12","DIESEL (P)","","","RCN5F85","LT","","CINQUENTAO COMERCIO DE COMBUSTIVEIS LTDA","COMBUSTÍVEIS","8054","6a0866753615b37b20cf78f8","2026-05-16T12:43:33.096000","2026-06-16T18:36:11.447000","6a0720445c9dd6ed8a2275ed","grupof8.ely2026@gmail.com","false"
"2026-03-25","3351.38","","CONFORME CADASTRO","435.81","DIESEL (P)","","","RCJ1E32","LT","","AUTO POSTO MASUT LTDA","COMBUSTÍVEIS","43109","6a0866753615b37b20cf78ed","2026-05-16T12:43:33.096000","2026-06-16T18:36:11.447000","6a0720445c9dd6ed8a2275ed","grupof8.ely2026@gmail.com","false"
"2026-04-28","874.96","","CONFORME CADASTRO","128.87","DIESEL (P)","","","RET5E47","LT","","SAO BERNARDO SERVICOS AUTOMOTIVOS LTDA","COMBUSTÍVEIS","21912","6a0866753615b37b20cf78fc","2026-05-16T12:43:33.096000","2026-06-16T18:36:11.447000","6a0720445c9dd6ed8a2275ed","grupof8.ely2026@gmail.com","false"
"2026-01-07","1640.16","","CONFORME CADASTRO","268","DIESEL (P)","","","SCB8F89","LT","","COMERCIAL DERIV PETROLEO SAO CARLOS LTDA","COMBUSTÍVEIS","107613","6a0866753615b37b20cf7905","2026-05-16T12:43:33.096000","2026-06-16T18:36:11.447000","6a0720445c9dd6ed8a2275ed","grupof8.ely2026@gmail.com","false"
"2026-04-30","3475.5","","CONFORME CADASTRO","525","DIESEL (P)","","","SCE8F89","LT","","CARRETEIRO DERIVADOS DE PETROLEO LTDA","COMBUSTÍVEIS","83968","6a0866753615b37b20cf791d","2026-05-16T12:43:33.096000","2026-06-16T18:36:11.447000","6a0720445c9dd6ed8a2275ed","grupof8.ely2026@gmail.com","false"
"2026-04-29","338.43","","CONFORME CADASTRO","47.07","DIESEL (P)","","","RCN5F85","LT","","CINQUENTAO COMERCIO DE COMBUSTIVEIS LTDA","COMBUSTÍVEIS","232469","6a0866753615b37b20cf78fa","2026-05-16T12:43:33.096000","2026-06-16T18:36:11.447000","6a0720445c9dd6ed8a2275ed","grupof8.ely2026@gmail.com","false"
"2026-03-12","2989.12","","CONFORME CADASTRO","410.03","DIESEL (P)","","","SCA8F89","LT","","AUTO POSTO MASUT LTDA","COMBUSTÍVEIS","42392","6a0866753615b37b20cf7901","2026-05-16T12:43:33.096000","2026-06-16T18:36:11.447000","6a0720445c9dd6ed8a2275ed","grupof8.ely2026@gmail.com","false"
"2026-04-17","1646.22","","CONFORME CADASTRO","220.08","DIESEL (P)","","","SCN8F89","LT","","POSTO MALACARNE (JEQUITIBA REDE DE POSTOS)","COMBUSTÍVEIS","35875","6a0866753615b37b20cf792e","2026-05-16T12:43:33.096000","2026-06-16T18:36:11.447000","6a0720445c9dd6ed8a2275ed","grupof8.ely2026@gmail.com","false"
"2026-03-21","4862","","CONFORME CADASTRO","608.51","DIESEL (P)","","","RCN5F85","LT","","AUTO POSTO MASUT LTDA","COMBUSTÍVEIS","42888","6a0866753615b37b20cf78f4","2026-05-16T12:43:33.096000","2026-06-16T18:36:11.447000","6a0720445c9dd6ed8a2275ed","grupof8.ely2026@gmail.com","false"
"2026-01-07","969.92","","CONFORME CADASTRO","154.2","DIESEL (P)","","","SCP8F89","LT","","AUTO POSTO MASUT LTDA","COMBUSTÍVEIS","23727","6a0866753615b37b20cf7931","2026-05-16T12:43:33.096000","2026-06-16T18:36:11.447000","6a0720445c9dd6ed8a2275ed","grupof8.ely2026@gmail.com","false"
"2026-02-02","4156.18","","CONFORME CADASTRO","660.76","DIESEL (P)","","","RCJ1E32","LT","","AUTO POSTO MASUT LTDA","COMBUSTÍVEIS","24676","6a0866753615b37b20cf78e9","2026-05-16T12:43:33.096000","2026-06-16T18:36:11.447000","6a0720445c9dd6ed8a2275ed","grupof8.ely2026@gmail.com","false"
"2026-01-21","3517.5","","CONFORME CADASTRO","525","DIESEL (P)","","","SCE8F89","LT","","DECIO COMERCIO E SERVICOS RODOVIARIOS LTDA","COMBUSTÍVEIS","49809","6a0866753615b37b20cf7911","2026-05-16T12:43:33.096000","2026-06-16T18:36:11.447000","6a0720445c9dd6ed8a2275ed","grupof8.ely2026@gmail.com","false"
"2026-01-21","2605.9","","CONFORME CADASTRO","425.8","DIESEL (P)","","","SCN8F89","LT","","COMERCIAL DERIV PETROLEO SAO CARLOS LTDA","COMBUSTÍVEIS","108334","6a0866753615b37b20cf7922","2026-05-16T12:43:33.096000","2026-06-16T18:36:11.447000","6a0720445c9dd6ed8a2275ed","grupof8.ely2026@gmail.com","false"
"2026-01-06","1861.18","","CONFORME CADASTRO","315.99","DIESEL (P)","","","SCA8F89","LT","","POSTO DA MATA COMERCIO DE COMBUSTIVEIS LTDA","COMBUSTÍVEIS","2359","6a0866753615b37b20cf78fd","2026-05-16T12:43:33.096000","2026-06-16T18:36:11.447000","6a0720445c9dd6ed8a2275ed","grupof8.ely2026@gmail.com","false"
"2026-02-21","2642.78","","CONFORME CADASTRO","378.08","DIESEL (P)","","","SCN8F89","LT","","AUTO POSTO NEVES LTDA","COMBUSTÍVEIS","1500930","6a0866753615b37b20cf7928","2026-05-16T12:43:33.096000","2026-06-16T18:36:11.447000","6a0720445c9dd6ed8a2275ed","grupof8.ely2026@gmail.com","false"
"2026-01-06","1152.09","","CONFORME CADASTRO","188.25","DIESEL (P)","","","SCP8F89","LT","","COMERCIAL DERIV PETROLEO SAO CARLOS LTDA","COMBUSTÍVEIS","107500","6a0866753615b37b20cf7930","2026-05-16T12:43:33.096000","2026-06-16T18:36:11.447000","6a0720445c9dd6ed8a2275ed","grupof8.ely2026@gmail.com","false"
"2026-01-14","923.91","","CONFORME CADASTRO","159.57","DIESEL (P)","","","SCK8F89","LT","","AUTO POSTO NOVO MILLENIUM LTDA","COMBUSTÍVEIS","168975","6a0866753615b37b20cf791f","2026-05-16T12:43:33.096000","2026-06-16T18:36:11.447000","6a0720445c9dd6ed8a2275ed","grupof8.ely2026@gmail.com","false"
"2026-03-16","975.05","","CONFORME CADASTRO","123.58","DIESEL (P)","","","RBX9D43","LT","","AUTO POSTO NOVO MILLENIUM LTDA","COMBUSTÍVEIS","834","6a0866753615b37b20cf78e4","2026-05-16T12:43:33.096000","2026-06-16T18:36:11.447000","6a0720445c9dd6ed8a2275ed","grupof8.ely2026@gmail.com","false"
"2026-02-05","4341.04","","CONFORME CADASTRO","690.15","DIESEL (P)","","","RCJ1E32","LT","","AUTO POSTO MASUT LTDA","COMBUSTÍVEIS","24808","6a0866753615b37b20cf78ea","2026-05-16T12:43:33.096000","2026-06-16T18:36:11.447000","6a0720445c9dd6ed8a2275ed","grupof8.ely2026@gmail.com","false"
"2026-02-25","2104.72","","CONFORME CADASTRO","357.34","DIESEL (P)","","","SCN8F89","LT","","POSTO DA MATA COMERCIO DE COMBUSTIVEIS LTDA","COMBUSTÍVEIS","2549","6a0866753615b37b20cf792a","2026-05-16T12:43:33.096000","2026-06-16T18:36:11.447000","6a0720445c9dd6ed8a2275ed","grupof8.ely2026@gmail.com","false"
"2026-01-22","620.73","","CONFORME CADASTRO","106.29","DIESEL (P)","","","ERG1E95","LT","","POSTO PINHEIROS","COMBUSTÍVEIS","5255","6a0866753615b37b20cf78b0","2026-05-16T12:43:33.095000","2026-06-16T18:36:11.447000","6a0720445c9dd6ed8a2275ed","grupof8.ely2026@gmail.com","false"
"2026-02-15","770.45","","CONFORME CADASTRO","124.87","DIESEL (P)","","","ERG1E95","LT","","POSTO MALACARNE (JEQUITIBA REDE DE POSTOS)","COMBUSTÍVEIS","34264","6a0866753615b37b20cf78b4","2026-05-16T12:43:33.095000","2026-06-16T18:36:11.447000","6a0720445c9dd6ed8a2275ed","grupof8.ely2026@gmail.com","false"
"2026-02-25","595.67","","CONFORME CADASTRO","106.39","DIESEL (P)","","","FON1F81","LT","","POSTO PARACATU LTDA","COMBUSTÍVEIS","417974","6a0866753615b37b20cf78d7","2026-05-16T12:43:33.095000","2026-06-16T18:36:11.447000","6a0720445c9dd6ed8a2275ed","grupof8.ely2026@gmail.com","false"
"2026-03-26","834.32","","CONFORME CADASTRO","1","DIESEL (P)","","","FIL2E25","LT","","SANTA MARIA DERIVADOS DE PETROLEO LTDA","COMBUSTÍVEIS","2157","6a0866753615b37b20cf78ce","2026-05-16T12:43:33.095000","2026-06-16T18:36:11.447000","6a0720445c9dd6ed8a2275ed","grupof8.ely2026@gmail.com","false"
"2026-01-12","777.61","","CONFORME CADASTRO","118.9","DIESEL (P)","","","FIL2E25","LT","","SANTA MARIA DERIVADOS DE PETROLEO LTDA","COMBUSTÍVEIS","83255","6a0866753615b37b20cf78c9","2026-05-16T12:43:33.095000","2026-06-16T18:36:11.447000","6a0720445c9dd6ed8a2275ed","grupof8.ely2026@gmail.com","false"
"2026-02-20","822.99","","CONFORME CADASTRO","131.89","DIESEL (P)","","","FON1F81","LT","","POSTO PARACATU LTDA","COMBUSTÍVEIS","415854","6a0866753615b37b20cf78d3","2026-05-16T12:43:33.095000","2026-06-16T18:36:11.447000","6a0720445c9dd6ed8a2275ed","grupof8.ely2026@gmail.com","false"
"2026-02-23","725.74","","CONFORME CADASTRO","114.47","DIESEL (P)","","","FIL2E25","LT","","POSTO 3M","COMBUSTÍVEIS","6863","6a0866753615b37b20cf78cc","2026-05-16T12:43:33.095000","2026-06-16T18:36:11.447000","6a0720445c9dd6ed8a2275ed","grupof8.ely2026@gmail.com","false"
"2026-02-13","762.17","","CESTO AÉREO","116.54","DIESEL (P)","","VW 9-170","FCG0F18","LT","6a0720885c9dd6ed8a227605","SANTA MARIA DERIVADOS DE PETROLEO LTDA","COMBUSTÍVEIS","84772","6a0866753615b37b20cf78c0","2026-05-16T12:43:33.095000","2026-06-16T18:36:11.447000","6a0720445c9dd6ed8a2275ed","grupof8.ely2026@gmail.com","false"
"2026-01-30","691.56","","CONFORME CADASTRO","121.54","DIESEL (P)","","","FON1F81","LT","","MP LOGISTICA COMBUSTIVEIS E CONVENIENCIA LTDA","COMBUSTÍVEIS","310697","6a0866753615b37b20cf78d2","2026-05-16T12:43:33.095000","2026-06-16T18:36:11.447000","6a0720445c9dd6ed8a2275ed","grupof8.ely2026@gmail.com","false"
"2026-02-20","765.29","","CONFORME CADASTRO","124.64","DIESEL (P)","","","FON1F81","LT","","PORTAO COMERCIO DE COMBUSTIVEIS E DERIVADOS DE PETROLEO LTDA","COMBUSTÍVEIS","1670280","6a0866753615b37b20cf78d4","2026-05-16T12:43:33.095000","2026-06-16T18:36:11.447000","6a0720445c9dd6ed8a2275ed","grupof8.ely2026@gmail.com","false"
"2026-01-20","696.05","","CESTO AÉREO","106.43","DIESEL (P)","","VW 9-170","FCG0F18","LT","6a0720885c9dd6ed8a227605","SANTA MARIA DERIVADOS DE PETROLEO LTDA","COMBUSTÍVEIS","83587","6a0866753615b37b20cf78bd","2026-05-16T12:43:33.095000","2026-06-16T18:36:11.447000","6a0720445c9dd6ed8a2275ed","grupof8.ely2026@gmail.com","false"
"2026-04-08","686.56","","CONFORME CADASTRO","89.28","DIESEL (P)","","","FIL2E25","LT","","SANTA MARIA DERIVADOS DE PETROLEO LTDA","COMBUSTÍVEIS","87439","6a0866753615b37b20cf78d1","2026-05-16T12:43:33.095000","2026-06-16T18:36:11.447000","6a0720445c9dd6ed8a2275ed","grupof8.ely2026@gmail.com","false"
"2026-03-03","657.46","","CONFORME CADASTRO","109.76","DIESEL (P)","","","FON1F81","LT","","POSTO ALVORADA LTDA","COMBUSTÍVEIS","202749","6a0866753615b37b20cf78d8","2026-05-16T12:43:33.095000","2026-06-16T18:36:11.447000","6a0720445c9dd6ed8a2275ed","grupof8.ely2026@gmail.com","false"
"2026-02-04","729.5","","CONFORME CADASTRO","118.23","DIESEL (P)","","","ERG1E95","LT","","POSTO MALACARNE (JEQUITIBA REDE DE POSTOS)","COMBUSTÍVEIS","33971","6a0866753615b37b20cf78b2","2026-05-16T12:43:33.095000","2026-06-16T18:36:11.447000","6a0720445c9dd6ed8a2275ed","grupof8.ely2026@gmail.com","false"
"2026-01-21","544.23","","CONFORME CADASTRO","85.57","DIESEL (P)","","","ERG1E95","LT","","POSTO BEIRA RIO","COMBUSTÍVEIS","864107","6a0866753615b37b20cf78af","2026-05-16T12:43:33.095000","2026-06-16T18:36:11.447000","6a0720445c9dd6ed8a2275ed","grupof8.ely2026@gmail.com","false"
"2026-03-06","949.34","","CONFORME CADASTRO","120.17","DIESEL (P)","","","FON1F81","LT","","DECIO COMERCIO E SERVICOS RODOVIARIOS LTDA","COMBUSTÍVEIS","32109","6a0866753615b37b20cf78d9","2026-05-16T12:43:33.095000","2026-06-16T18:36:11.447000","6a0720445c9dd6ed8a2275ed","grupof8.ely2026@gmail.com","false"
"2026-04-14","775.08","","CONFORME CADASTRO","100.01","DIESEL (P)","","","EDB0F96","LT","","COMERCIAL DERIV PETROLEO SAO CARLOS LTDA","COMBUSTÍVEIS","113071","6a0866753615b37b20cf78ad","2026-05-16T12:43:33.095000","2026-06-16T18:36:11.447000","6a0720445c9dd6ed8a2275ed","grupof8.ely2026@gmail.com","false"
"2026-01-20","856.35","","CONFORME CADASTRO","130.94","DIESEL (P)","","","ERG1E95","LT","","SANTA MARIA DERIVADOS DE PETROLEO LTDA","COMBUSTÍVEIS","83609","6a0866753615b37b20cf78ae","2026-05-16T12:43:33.095000","2026-06-16T18:36:11.447000","6a0720445c9dd6ed8a2275ed","grupof8.ely2026@gmail.com","false"
"2026-02-20","498.81","","CONFORME CADASTRO","76.27","DIESEL (P)","","","FIL2E25","LT","","SANTA MARIA DERIVADOS DE PETROLEO LTDA","COMBUSTÍVEIS","85077","6a0866753615b37b20cf78cb","2026-05-16T12:43:33.095000","2026-06-16T18:36:11.447000","6a0720445c9dd6ed8a2275ed","grupof8.ely2026@gmail.com","false"
"2026-03-05","850.53","","CONFORME CADASTRO","130.05","DIESEL (P)","","","FIL2E25","LT","","SANTA MARIA DERIVADOS DE PETROLEO LTDA","COMBUSTÍVEIS","85830","6a0866753615b37b20cf78cd","2026-05-16T12:43:33.095000","2026-06-16T18:36:11.447000","6a0720445c9dd6ed8a2275ed","grupof8.ely2026@gmail.com","false"
"2026-02-08","730.83","","CONFORME CADASTRO","110.9","DIESEL (P)","","","ERG1E95","LT","","PETROTRANS TRANSPORTES QUIMICOS E PETROQUIMICOS LTDA","COMBUSTÍVEIS","29997","6a0866753615b37b20cf78b3","2026-05-16T12:43:33.095000","2026-06-16T18:36:11.447000","6a0720445c9dd6ed8a2275ed","grupof8.ely2026@gmail.com","false"
"2026-02-23","832.71","","CONFORME CADASTRO","126.36","DIESEL (P)","","","ERG1E95","LT","","PETROTRANS TRANSPORTES QUIMICOS E PETROQUIMICOS LTDA","COMBUSTÍVEIS","30375","6a0866753615b37b20cf78b5","2026-05-16T12:43:33.095000","2026-06-16T18:36:11.447000","6a0720445c9dd6ed8a2275ed","grupof8.ely2026@gmail.com","false"
"2026-04-29","870.03","","CONFORME CADASTRO","110.41","DIESEL (P)","","","ERG1E95","LT","","POSTO NOSSA SENHORA APARECIDA LTDA","COMBUSTÍVEIS","8671","6a0866753615b37b20cf78ba","2026-05-16T12:43:33.095000","2026-06-16T18:36:11.447000","6a0720445c9dd6ed8a2275ed","grupof8.ely2026@gmail.com","false"
"2026-01-28","791.34","","CESTO AÉREO","121","DIESEL (P)","","VW 9-170","FCG0F18","LT","6a0720885c9dd6ed8a227605","SANTA MARIA DERIVADOS DE PETROLEO LTDA","COMBUSTÍVEIS","83990","6a0866753615b37b20cf78be","2026-05-16T12:43:33.095000","2026-06-16T18:36:11.447000","6a0720445c9dd6ed8a2275ed","grupof8.ely2026@gmail.com","false"
"2026-01-07","750.4","","CESTO AÉREO","114.74","DIESEL (P)","","VW 9-170","FCG0F18","LT","6a0720885c9dd6ed8a227605","SANTA MARIA DERIVADOS DE PETROLEO LTDA","COMBUSTÍVEIS","82917","6a0866753615b37b20cf78bb","2026-05-16T12:43:33.095000","2026-06-16T18:36:11.447000","6a0720445c9dd6ed8a2275ed","grupof8.ely2026@gmail.com","false"
"2026-01-07","431.64","","CONFORME CADASTRO","66","DIESEL (P)","","","FIL2E25","LT","","SANTA MARIA DERIVADOS DE PETROLEO LTDA","COMBUSTÍVEIS","82896","6a0866753615b37b20cf78c8","2026-05-16T12:43:33.095000","2026-06-16T18:36:11.447000","6a0720445c9dd6ed8a2275ed","grupof8.ely2026@gmail.com","false"
"2026-02-24","726.92","","CESTO AÉREO","111.15","DIESEL (P)","","VW 9-170","FCG0F18","LT","6a0720885c9dd6ed8a227605","SANTA MARIA DERIVADOS DE PETROLEO LTDA","COMBUSTÍVEIS","85294","6a0866753615b37b20cf78c1","2026-05-16T12:43:33.095000","2026-06-16T18:36:11.447000","6a0720445c9dd6ed8a2275ed","grupof8.ely2026@gmail.com","false"
"2026-03-31","897.65","","CESTO AÉREO","116.73","DIESEL (P)","","VW 9-170","FCG0F18","LT","6a0720885c9dd6ed8a227605","SANTA MARIA DERIVADOS DE PETROLEO LTDA","COMBUSTÍVEIS","87116","6a0866753615b37b20cf78c5","2026-05-16T12:43:33.095000","2026-06-16T18:36:11.447000","6a0720445c9dd6ed8a2275ed","grupof8.ely2026@gmail.com","false"
"2026-04-02","999.96","","CONFORME CADASTRO","116.41","DIESEL (P)","","","ERG1E95","LT","","PETROTRANS TRANSPORTES QUIMICOS E PETROQUIMICOS LTDA","COMBUSTÍVEIS","258734","6a0866753615b37b20cf78b8","2026-05-16T12:43:33.095000","2026-06-16T18:36:11.447000","6a0720445c9dd6ed8a2275ed","grupof8.ely2026@gmail.com","false"
"2026-02-25","755.32","","CONFORME CADASTRO","117.84","DIESEL (P)","","","FON1F81","LT","","MINAS GRILL LTDA","COMBUSTÍVEIS","262841","6a0866753615b37b20cf78d6","2026-05-16T12:43:33.095000","2026-06-16T18:36:11.447000","6a0720445c9dd6ed8a2275ed","grupof8.ely2026@gmail.com","false"
"2026-03-15","914.11","","CONFORME CADASTRO","129.48","DIESEL (P)","","","ERG1E95","LT","","POSTO MALACARNE (JEQUITIBA REDE DE POSTOS)","COMBUSTÍVEIS","34882","6a0866753615b37b20cf78b6","2026-05-16T12:43:33.095000","2026-06-16T18:36:11.447000","6a0720445c9dd6ed8a2275ed","grupof8.ely2026@gmail.com","false"
"2026-01-14","727.97","","CESTO AÉREO","111.31","DIESEL (P)","","VW 9-170","FCG0F18","LT","6a0720885c9dd6ed8a227605","SANTA MARIA DERIVADOS DE PETROLEO LTDA","COMBUSTÍVEIS","83326","6a0866753615b37b20cf78bc","2026-05-16T12:43:33.095000","2026-06-16T18:36:11.447000","6a0720445c9dd6ed8a2275ed","grupof8.ely2026@gmail.com","false"
"2026-03-30","1050.28","","CONFORME CADASTRO","126.24","DIESEL (P)","","","FIL2E25","LT","","POSTO 3M","COMBUSTÍVEIS","29052","6a0866753615b37b20cf78d0","2026-05-16T12:43:33.095000","2026-06-16T18:36:11.447000","6a0720445c9dd6ed8a2275ed","grupof8.ely2026@gmail.com","false"
"2026-04-24","878.7","","CONFORME CADASTRO","111.51","DIESEL (P)","","","ERG1E95","LT","","POSTO NOSSA SENHORA APARECIDA LTDA","COMBUSTÍVEIS","16912","6a0866753615b37b20cf78b9","2026-05-16T12:43:33.095000","2026-06-16T18:36:11.447000","6a0720445c9dd6ed8a2275ed","grupof8.ely2026@gmail.com","false"
"2026-03-03","812.92","","CESTO AÉREO","124.3","DIESEL (P)","","VW 9-170","FCG0F18","LT","6a0720885c9dd6ed8a227605","SANTA MARIA DERIVADOS DE PETROLEO LTDA","COMBUSTÍVEIS","85725","6a0866753615b37b20cf78c2","2026-05-16T12:43:33.095000","2026-06-16T18:36:11.447000","6a0720445c9dd6ed8a2275ed","grupof8.ely2026@gmail.com","false"
"2026-04-10","955.17","","CESTO AÉREO","124.21","DIESEL (P)","","VW 9-170","FCG0F18","LT","6a0720885c9dd6ed8a227605","SANTA MARIA DERIVADOS DE PETROLEO LTDA","COMBUSTÍVEIS","87536","6a0866753615b37b20cf78c6","2026-05-16T12:43:33.095000","2026-06-16T18:36:11.447000","6a0720445c9dd6ed8a2275ed","grupof8.ely2026@gmail.com","false"
"2026-01-20","587.03","","CONFORME CADASTRO","89.76","DIESEL (P)","","","FIL2E25","LT","","SANTA MARIA DERIVADOS DE PETROLEO LTDA","COMBUSTÍVEIS","83612","6a0866753615b37b20cf78ca","2026-05-16T12:43:33.095000","2026-06-16T18:36:11.447000","6a0720445c9dd6ed8a2275ed","grupof8.ely2026@gmail.com","false"
"2026-02-25","66.33","","CONFORME CADASTRO","10.63","DIESEL (P)","","","FON1F81","LT","","POSTO PARACATU LTDA","COMBUSTÍVEIS","12792","6a0866753615b37b20cf78d5","2026-05-16T12:43:33.095000","2026-06-16T18:36:11.447000","6a0720445c9dd6ed8a2275ed","grupof8.ely2026@gmail.com","false"
"2026-03-23","984.57","","CONFORME CADASTRO","119.05","DIESEL (P)","","","ERG1E95","LT","","POSTO MALACARNE (JEQUITIBA REDE DE POSTOS)","COMBUSTÍVEIS","35108","6a0866753615b37b20cf78b7","2026-05-16T12:43:33.095000","2026-06-16T18:36:11.447000","6a0720445c9dd6ed8a2275ed","grupof8.ely2026@gmail.com","false"
"2026-02-05","720.66","","CESTO AÉREO","111.73","DIESEL (P)","","VW 9-170","FCG0F18","LT","6a0720885c9dd6ed8a227605","POSTO SAO ROQUE ALIANÇA LTDA","COMBUSTÍVEIS","42583","6a0866753615b37b20cf78bf","2026-05-16T12:43:33.095000","2026-06-16T18:36:11.447000","6a0720445c9dd6ed8a2275ed","grupof8.ely2026@gmail.com","false"
"2026-03-12","878.09","","CESTO AÉREO","115.69","DIESEL (P)","","VW 9-170","FCG0F18","LT","6a0720885c9dd6ed8a227605","POSTO SAO ROQUE ALIANÇA LTDA","COMBUSTÍVEIS","43321","6a0866753615b37b20cf78c3","2026-05-16T12:43:33.095000","2026-06-16T18:36:11.447000","6a0720445c9dd6ed8a2275ed","grupof8.ely2026@gmail.com","false"
"2026-03-20","916.87","","CESTO AÉREO","111.95","DIESEL (P)","","VW 9-170","FCG0F18","LT","6a0720885c9dd6ed8a227605","SANTA MARIA DERIVADOS DE PETROLEO LTDA","COMBUSTÍVEIS","86579","6a0866753615b37b20cf78c4","2026-05-16T12:43:33.095000","2026-06-16T18:36:11.447000","6a0720445c9dd6ed8a2275ed","grupof8.ely2026@gmail.com","false"
"2026-03-28","650.25","","CONFORME CADASTRO","78.16","DIESEL (P)","","","FIL2E25","LT","","POSTO 3M","COMBUSTÍVEIS","29036","6a0866753615b37b20cf78cf","2026-05-16T12:43:33.095000","2026-06-16T18:36:11.447000","6a0720445c9dd6ed8a2275ed","grupof8.ely2026@gmail.com","false"
"2026-04-22","796.83","","CESTO AÉREO","115.65","DIESEL (P)","","VW 9-170","FCG0F18","LT","6a0720885c9dd6ed8a227605","SANTA MARIA DERIVADOS DE PETROLEO LTDA","COMBUSTÍVEIS","88078","6a0866753615b37b20cf78c7","2026-05-16T12:43:33.095000","2026-06-16T18:36:11.447000","6a0720445c9dd6ed8a2275ed","grupof8.ely2026@gmail.com","false"
"2026-01-26","729.6","","CONFORME CADASTRO","118.25","DIESEL (P)","","","ERG1E95","LT","","POSTO MALACARNE (JEQUITIBA REDE DE POSTOS)","COMBUSTÍVEIS","33496","6a0866753615b37b20cf78b1","2026-05-16T12:43:33.095000","2026-06-16T18:36:11.447000","6a0720445c9dd6ed8a2275ed","grupof8.ely2026@gmail.com","false"