"date","total_value","km","category_name","cost_type","observation","cost_group","vehicle_model","plate","classification","attachment_url","supplier","invoice_number","id","created_date","updated_date","created_by_id","created_by","is_sample"
"2026-07-01","248","104998","TRUCK","SUSPENSÃO","OC 63048 COMPRA DE AMORTECEDOR SUSP. MB DIANT","PEÇAS","M.BENZ ATEGO 2429CE BAU 9,5MTS","SCB8F89","CORRETIVO","","4E EQUIPAMENTOS PARA CAMINHÕES LTDA","346086","6a4d29ac0c56bf847587ed6f","2026-07-07T16:30:36.528000","2026-07-07T16:30:36.528000","6a0720445c9dd6ed8a2275ed","grupof8.ely2026@gmail.com","false"
"2026-07-01","40","324083","BI-CAÇAMBA","CONSERTO","OC 63657","PNEUS","CARRETA LIBRELATO 2E BI","RCI5J55","PREVENTIVO","https://base44.app/api/apps/6a0720445c9dd6ed8a2275ec/files/mp/public/6a0720445c9dd6ed8a2275ec/465093c75_63657_LEANDROBENEDITOBORGESDEOLIVEIRA.pdf","LINCE BENEDITO BORGES DE OLIVEIRA","433","6a4d033d0a21f94e3c74606b","2026-07-07T13:46:37.245000","2026-07-07T13:46:37.245000","6a0720445c9dd6ed8a2275ed","grupof8.ely2026@gmail.com","false"
"2026-07-01","40","134144","CARRETAS LS","CONSERTO","OC 63657","PNEUS","CARRETA LIBRELATO CRBAENI2","SCR8F89","PREVENTIVO","https://base44.app/api/apps/6a0720445c9dd6ed8a2275ec/files/mp/public/6a0720445c9dd6ed8a2275ec/6ceaa97c1_63657_LEANDROBENEDITOBORGESDEOLIVEIRA.pdf","LINCE BENEDITO BORGES DE OLIVEIRA","433","6a4d030e854f531e707c1bfe","2026-07-07T13:45:50.601000","2026-07-07T13:45:50.601000","6a0720445c9dd6ed8a2275ed","grupof8.ely2026@gmail.com","false"
"2026-07-01","120","46247","CESTO AÉREO","VULCANIZAÇÃO","OC 63657","PNEUS","VW 11-180","RET5E47","PREVENTIVO","https://base44.app/api/apps/6a0720445c9dd6ed8a2275ec/files/mp/public/6a0720445c9dd6ed8a2275ec/8a3445532_63657_LEANDROBENEDITOBORGESDEOLIVEIRA.pdf","LINCE BENEDITO BORGES DE OLIVEIRA","433","6a4d029e72f3f30ffcebcece","2026-07-07T13:43:58.138000","2026-07-07T13:43:58.138000","6a0720445c9dd6ed8a2275ed","grupof8.ely2026@gmail.com","false"
"2026-07-01","80","183588","CESTO AÉREO","RODÍZIO","FORAM 02 RODIZIOS 
KM 103359
KM 183591","PNEUS","VW 9-170","RBX9D43","PREVENTIVO","https://base44.app/api/apps/6a0720445c9dd6ed8a2275ec/files/mp/public/6a0720445c9dd6ed8a2275ec/57a39e2f6_63657_LEANDROBENEDITOBORGESDEOLIVEIRA.pdf","LEANDRO BENEDITO BORGES DE OLIVEIRA","433","6a4d02270f49be3fbf44e966","2026-07-07T13:41:59.236000","2026-07-07T13:41:59.236000","6a0720445c9dd6ed8a2275ed","grupof8.ely2026@gmail.com","false"
"2026-06-24","120","323183","CAVALO","REVISÃO","OC 63620
SERVIO REFERENTE A VAZAMENTO DE AR","SERVIÇOS","DAF XF FTT 530","RCN5F85","PREVENTIVO","https://base44.app/api/apps/6a0720445c9dd6ed8a2275ec/files/mp/public/6a0720445c9dd6ed8a2275ec/2cc053d87_1672.pdf","LINCE DIESEL PEÇAS E SERVIÇOS LTDA","1672","6a4d00d0bcb52b89168a60f0","2026-07-07T13:36:16.606000","2026-07-07T13:36:16.606000","6a0720445c9dd6ed8a2275ed","grupof8.ely2026@gmail.com","false"
"2026-06-17","9074","9774","PRESIDÊNCIA","ÓLEOS E FILTROS","COMPRA DE OLEOS E FILTROS PARA TROCA DE OLEO","PEÇAS","PORSCHE 911 CARRERA S","SCF8F89","PREVENTIVO","","BCLV COMERCIO DE VEICULOS SA","9560","6a4c102833967a18d1290627","2026-07-06T20:29:28.831000","2026-07-06T20:29:28.831000","6a0720445c9dd6ed8a2275ed","grupof8.ely2026@gmail.com","false"
"2026-06-17","10200","42471","PRESIDÊNCIA","ÓLEOS E FILTROS","COMPRA DE FILTROS E OLEO PARA TROCA DE OLEO","PEÇAS","PORSCHE CAYENNE E-HYBRID","SCU8F80","PREVENTIVO","","BCLV COMERCIO DE VEICULOS SA","9528","6a4c0fc7ea0fe53974ea9c45","2026-07-06T20:27:51.923000","2026-07-06T20:27:51.923000","6a0720445c9dd6ed8a2275ed","grupof8.ely2026@gmail.com","false"
"2026-06-30","344","95619","TRUCK","MOTOR","","SERVIÇOS","M.BENZ ATEGO 2429CE BAU 10MTS","SCN8F89","CORRETIVO","https://base44.app/api/apps/6a0720445c9dd6ed8a2275ec/files/mp/public/6a0720445c9dd6ed8a2275ec/369a40759_SERVIOSEMVEICULOS1095.pdf","PADDOCK PNEUS E SERVIÇOS","1095","6a4bde8e098f10a0e2eee484","2026-07-06T16:57:50.005000","2026-07-06T16:57:50.005000","6a0720445c9dd6ed8a2275ed","grupof8.ely2026@gmail.com","false"
"2026-06-30","115","360228","CAVALO","CONSERTO","","PNEUS","DAF XF FTS 480","RCJ1E32","PREVENTIVO","https://base44.app/api/apps/6a0720445c9dd6ed8a2275ec/files/mp/public/6a0720445c9dd6ed8a2275ec/83bcbc11d_SERVIOSEMVEICULOS1095.pdf","PADDOCK PNEUS E SERVIÇOS","1095","6a4bde300833feb78f4e4b2f","2026-07-06T16:56:16.113000","2026-07-06T16:56:16.113000","6a0720445c9dd6ed8a2275ed","grupof8.ely2026@gmail.com","false"
"2026-06-30","290","109941","BAÚ 3/4","ALINH/BALANC","","SERVIÇOS","M.BENZ ACCELO 1017 CE","SDF8F89","PREVENTIVO","https://base44.app/api/apps/6a0720445c9dd6ed8a2275ec/files/mp/public/6a0720445c9dd6ed8a2275ec/71b835454_SERVIOSEMVEICULOS1095.pdf","PADDOCK TRUCK SERVICOS LTDA","1095","6a4bddc35791e1a8745fbe92","2026-07-06T16:54:27.581000","2026-07-06T16:54:55.520000","6a0720445c9dd6ed8a2275ed","grupof8.ely2026@gmail.com","false"
"2026-06-02","80","","CARRETAS LS","CONSERTO","OC 59548","PNEUS","CARRETA LIBRELATO CRBAENI2","SCR8F89","PREVENTIVO","","LEANDRO BENEDITO DE OLIVEIRA","420","6a4bd6480b248a4ce5405b7f","2026-07-06T16:22:32.713000","2026-07-06T16:22:32.713000","6a0720445c9dd6ed8a2275ed","grupof8.ely2026@gmail.com","false"
"2026-06-02","240","60557","CESTO AÉREO","VULCANIZAÇÃO","02 VULCANIZAÇÃO","PNEUS","VW 9-170","FCG0F18","PREVENTIVO","","LEANDRO BENEDITO DE OLIVEIRA","420","6a4bd5f9c61dac23beb18e25","2026-07-06T16:21:13.088000","2026-07-06T16:21:13.088000","6a0720445c9dd6ed8a2275ed","grupof8.ely2026@gmail.com","false"
"2026-06-11","250","","CESTO AÉREO","REVISÃO","OC 60448 SERVIÇO DE REVISÃO DA BUCHA DA CABINE","SERVIÇOS","VW 9-170","ERG1E95","PREVENTIVO","","WAGNER AUTO SOCORRO E MECÂNICA LTDA","4337","6a4bd45b0e2c8ba89804bac0","2026-07-06T16:14:19.523000","2026-07-06T16:15:10.572000","6a0720445c9dd6ed8a2275ed","grupof8.ely2026@gmail.com","false"
"2026-06-11","150","","CESTO AÉREO","TROCA DE ÓLEO","","SERVIÇOS","VW 11-180","RET5E47","PREVENTIVO","","WAGNER AUTO SOCORRO E MECÂNICA LTDA","4337","6a4bd419320a88f3aefbe946","2026-07-06T16:13:13.183000","2026-07-06T18:16:12.525000","6a0720445c9dd6ed8a2275ed","grupof8.ely2026@gmail.com","false"
"2026-06-11","150","","CESTO AÉREO","TROCA DE ÓLEO","","SERVIÇOS","VW 9-160","JAC4I67","PREVENTIVO","","WAGNER AUTO SOCORRO E MECÂNICA LTDA","4337","6a4bd3d7d2adb6eef13b3ada","2026-07-06T16:12:07.296000","2026-07-06T16:12:07.296000","6a0720445c9dd6ed8a2275ed","grupof8.ely2026@gmail.com","false"
"2026-06-11","150","","CESTO AÉREO","TROCA DE ÓLEO","","SERVIÇOS","VW 9-170","FON1F81","PREVENTIVO","","WAGNER AUTO SOCORRO E MECÂNICA LTDA","4337","6a4bbcf1fa8b7cdaeb5bcb1a","2026-07-06T14:34:25.643000","2026-07-06T14:34:25.643000","6a0720445c9dd6ed8a2275ed","grupof8.ely2026@gmail.com","false"
"2026-06-29","198.62","","BAÚ 3/4","ACESSÓRIOS","PALHETA","PEÇAS","M.BENZ ACCELO 1017 CE","SDK8F89","CORRETIVO","","CENTRO OESTE DISTRIBUIDORA DE PEÇAS AUTOMOTIVAS LTDA","1261901","6a4bb89aa22fa7fd20eeeaad","2026-07-06T14:15:54.280000","2026-07-06T18:22:28.724000","6a0720445c9dd6ed8a2275ed","grupof8.ely2026@gmail.com","false"
"2026-06-29","84.9","","CAVALO","ACESSÓRIOS","PALHETA","PEÇAS","DAF XF FTT 530","RCN5F85","CORRETIVO","","CENTRO OESTE DISTRIBUIDORA DE PEÇAS AUTOMOTIVAS LTDA","1261901","6a4bb86486040223e3bee0bd","2026-07-06T14:15:00.057000","2026-07-06T14:15:00.057000","6a0720445c9dd6ed8a2275ed","grupof8.ely2026@gmail.com","false"
"2026-06-19","2999.6","114754","CESTO AÉREO","COMPRA DE PNEUS","OC 60954 (RATEADO)
MODELO: PNEU RADIAL 225/75R16
COMPRA DE 08 PNEUS PARA VEICULOS DA FROTA NO BRILHA VILA VELHA - ES
4 PNEUS PARA CADA VEICULOS LTY-4G44 KM 114754 E LUE-3B05 KM 140295","PNEUS","VW 9-160","LTY4G44","CORRETIVO","","FLAVIA DE J LITTIG SERVICOS E COMERCIO","90","6a4bb76eebd1a28c476654b6","2026-07-06T14:10:54.142000","2026-07-06T17:51:33.302000","6a0720445c9dd6ed8a2275ed","grupof8.ely2026@gmail.com","false"
"2026-06-19","2999.6","140295","CESTO AÉREO","COMPRA DE PNEUS","OC 60954 (RATEADO)
MODELO: PNEU RADIAL 225/75R16
COMPRA DE 08 PNEUS PARA VEICULOS DA FROTA NO BRILHA VILA VELHA - ES
4 PNEUS PARA CADA VEICULOS LTY-4G44 KM 114754 E LUE-3B05 KM 140295","PNEUS","VW 9-160","LUE3B05","CORRETIVO","","FLAVIA DE J LITTIG SERVIÇOS E COMÉRCIO","90","6a4bb70ae96e66ca7369882c","2026-07-06T14:09:14.482000","2026-07-06T14:11:25.992000","6a0720445c9dd6ed8a2275ed","grupof8.ely2026@gmail.com","false"
"2026-06-20","1480","276766","CESTO AÉREO","FREIOS","OC 62845","SERVIÇOS","VW 9-170","LTT7F84","CORRETIVO","","ADRIANO DO NASCIMENTO","102","6a4baf8a0c44687cb7a608fb","2026-07-06T13:37:14.898000","2026-07-06T13:37:14.898000","6a0720445c9dd6ed8a2275ed","grupof8.ely2026@gmail.com","false"
"2026-06-25","150","104848","CESTO AÉREO","ELÉTRICO","serviço em Vila velha 
OC 62017","SERVIÇOS","VW 9-170","RBX9D43","CORRETIVO","","PAULO VITOR DE SANTANA AYRES","9","6a4bae3a9d70e5bd3ad21cd0","2026-07-06T13:31:38.373000","2026-07-06T13:31:38.373000","6a0720445c9dd6ed8a2275ed","grupof8.ely2026@gmail.com","false"
"2026-06-30","2017.11","401813","STRADAS","MOTOR","OC 62849","PEÇAS","FIAT STRADA","ONP5G56","CORRETIVO","","PPL DISTRIBUIDORA DE PEÇAS LTDA","1524191","6a4bab0ac7ffe12af442e790","2026-07-06T13:18:02.429000","2026-07-06T13:18:02.429000","6a0720445c9dd6ed8a2275ed","grupof8.ely2026@gmail.com","false"
"2026-06-27","1384.58","113507","STRADAS","HIDRÁULICO","OC 62970","PEÇAS","FIAT STRADA ENDURANCE CS 1.4","SCS9D64","CORRETIVO","","PPL DISTRIBUIDORA DE PEÇAS LTDA","1523643","6a4baac64050c0b117fe75a2","2026-07-06T13:16:54.027000","2026-07-06T13:16:54.027000","6a0720445c9dd6ed8a2275ed","grupof8.ely2026@gmail.com","false"
"2026-06-25","366.4","69714","STRADAS","ÓLEOS E FILTROS","OC 63188","PEÇAS","FIAT STRADA ENDURAN CS13","SDN9A99","PREVENTIVO","","BELCAR AUTOMOVEIS LTDA","72569","6a4baa629cfc811a5ab48e14","2026-07-06T13:15:14.813000","2026-07-06T13:15:14.813000","6a0720445c9dd6ed8a2275ed","grupof8.ely2026@gmail.com","false"
"2026-06-25","273.6","69714","STRADAS","TROCA DE ÓLEO","OC 63188","SERVIÇOS","FIAT STRADA ENDURAN CS13","SDN9A99","PREVENTIVO","","BELCAR AUTOMOVEIS LTDA","6045","6a4ba9f3e3cf70b1b682c12a","2026-07-06T13:13:23.508000","2026-07-06T18:17:32.268000","6a0720445c9dd6ed8a2275ed","grupof8.ely2026@gmail.com","false"
"2026-06-26","500","103591","STRADAS","TROCA DE ÓLEO","OC 63127","SERVIÇOS","FIAT STRADA ENDURAN CS13","SDN9A99","PREVENTIVO","","WAGNER AUTO SOCORRO ","4356","6a4ba9aba0eb0736bf673c26","2026-07-06T13:12:11.281000","2026-07-06T13:14:22.911000","6a0720445c9dd6ed8a2275ed","grupof8.ely2026@gmail.com","false"
"2026-06-08","108","276769","CESTO AÉREO","REVISÃO","SERVIÇO DE VISTORIA ","SERVIÇOS","VW 9-170","LTT7F84","PREVENTIVO","","MV VISTORIAS DE VEICULOS","785","6a4ba61158c40ebb771e7f7c","2026-07-06T12:56:49.419000","2026-07-06T12:56:49.419000","6a0720445c9dd6ed8a2275ed","grupof8.ely2026@gmail.com","false"
"2026-06-29","790","117867","BAÚ 3/4","VIDROS","OC62397","PEÇAS","M.BENZ ACCELO 1017 CE","SDK8F89","CORRETIVO","","STOCK AUTO VIDROS E PEÇAS LTDA ME","197358","6a4b9e77475a6fd2250d4c31","2026-07-06T12:24:23.970000","2026-07-06T12:24:23.970000","6a0720445c9dd6ed8a2275ed","grupof8.ely2026@gmail.com","false"
"2026-06-23","500","94619","TRUCK","ALINH/BALANC","OC 62692","SERVIÇOS","M.BENZ ATEGO 2429CE BAU 10MTS","SCN8F89","PREVENTIVO","","PADDOCK TRUCK SERVIÇOS LTDA","1068","6a4b9daa3fc20b10b16dd8b6","2026-07-06T12:20:58.517000","2026-07-06T12:20:58.517000","6a0720445c9dd6ed8a2275ed","grupof8.ely2026@gmail.com","false"
"2026-06-23","1119.6","94619","TRUCK","SUSPENSÃO","OC 62692","SERVIÇOS","M.BENZ ATEGO 2429CE BAU 10MTS","SCN8F89","CORRETIVO","","PADDOCK TRUCK SERVIÇOS LTDA","1068","6a4b9d3466e0aac7564f1b5e","2026-07-06T12:19:00.202000","2026-07-06T12:19:00.202000","6a0720445c9dd6ed8a2275ed","grupof8.ely2026@gmail.com","false"
"2026-06-23","103","","TRUCK","CONSERTO","OC 62622","PNEUS","M.BENZ ATEGO 2429CE CAÇAMBA","SCA8F89","PREVENTIVO","","PADDOCK TRUCK SERVIÇOS LTDA","1069","6a4b9b0e5c603d2fa9f2be3e","2026-07-06T12:09:50.119000","2026-07-06T12:09:50.119000","6a0720445c9dd6ed8a2275ed","grupof8.ely2026@gmail.com","false"
"2026-06-23","606.18","113664","STRADAS","EMBREAGEM","OC 62224","PEÇAS","FIAT STRADA ENDURANCE CS 1.4","SCS9D64","CORRETIVO","","AGUILERA AUTO PEÇAS DE GOIÁS LTDA","959624","6a4b9a8bd5fc6f6a7a8b69d1","2026-07-06T12:07:39.070000","2026-07-06T12:07:39.070000","6a0720445c9dd6ed8a2275ed","grupof8.ely2026@gmail.com","false"
"2026-06-22","2500","104596","TRUCK","GUINCHO","OC 62224","SERVIÇOS","M.BENZ ATEGO 2429CE CAÇAMBA","SCA8F89","CORRETIVO","","ANDERSON OLIVEIRA DIGUES","339","6a4b9a1a0f947309971e32b9","2026-07-06T12:05:46.927000","2026-07-06T12:05:46.927000","6a0720445c9dd6ed8a2275ed","grupof8.ely2026@gmail.com","false"
"2026-06-20","258","95619","TRUCK","FREIOS","OC 62027","PEÇAS","M.BENZ ATEGO 2429CE BAU 10MTS","SCN8F89","CORRETIVO","","BANDEIRA DISTRIBUIDORA DE PEÇAS PARA CAMINHÕES LTDA","11093","6a4b99d94362b5ce84847c1d","2026-07-06T12:04:41.056000","2026-07-06T12:04:41.056000","6a0720445c9dd6ed8a2275ed","grupof8.ely2026@gmail.com","false"
"2026-06-10","1725.04","97744","PRESIDÊNCIA","LIMPEZA E HIGIENIZAÇÃO","PRODUTOS PARA LIMPEZA E HIGIENIZAÇÃO DA PORSCHE","PEÇAS","PORSCHE 911 CARRERA S","SCF8F89","PREVENTIVO","","BCLV COMERCIO DE VEICULOS S.A.","9452","6a4b99598fb104e5f74f0c1f","2026-07-06T12:02:33.283000","2026-07-06T12:02:33.283000","6a0720445c9dd6ed8a2275ed","grupof8.ely2026@gmail.com","false"
"2026-06-10","800.02","97744","PRESIDÊNCIA","ALINH/BALANC","ALINHAMENTO E BALANCEAMENTO","SERVIÇOS","PORSCHE 911 CARRERA S","SCF8F89","PREVENTIVO","","BCLV COMERCIO DE VEICULOS S.A.","910","6a4b989518990f2aaf2ee275","2026-07-06T11:59:17.923000","2026-07-06T11:59:17.923000","6a0720445c9dd6ed8a2275ed","grupof8.ely2026@gmail.com","false"
"2026-06-05","130","492210","TRUCK","FREIOS","SERVIÇO DE TROCA DE SAPATA DE FEIXE DE MOLA DT LE","SERVIÇOS","M.BENZ ATEGO 2429CE CARROCERIA ALUMINIO","SCP8F89","CORRETIVO","","PADDOCK TRUCK SERVIÇOS LTDA","991","6a4b95c1c07168ef66e36b4c","2026-07-06T11:47:13.386000","2026-07-06T11:47:13.386000","6a0720445c9dd6ed8a2275ed","grupof8.ely2026@gmail.com","false"
"2026-06-05","30","50919","TRUCK","CONSERTO","SERV BORRACHARIA","PNEUS","M.BENZ ATEGO 2429CE CARROCERIA ALUMINIO","SCP8F89","PREVENTIVO","","PADDOCK TRUCK SERVIÇOS LTDA","993","6a4b95531b8ef065e524d3ee","2026-07-06T11:45:23.225000","2026-07-06T11:45:23.225000","6a0720445c9dd6ed8a2275ed","grupof8.ely2026@gmail.com","false"
"2026-06-05","73","401895","STRADAS","MOTOR","COMPRA DE PEÇAS PARA TROCA DO CAVALETE ESTOURADO","SERVIÇOS","FIAT STRADA","ONP5G56","CORRETIVO","","AGUILERA AUTOPEÇAS DE GOIÁS LTDA","423423","6a4b94d76dc625d1727732d3","2026-07-06T11:43:19.377000","2026-07-06T12:26:23.899000","6a0720445c9dd6ed8a2275ed","grupof8.ely2026@gmail.com","false"
"2026-06-02","2470","85120","STRADAS","FUNILARIA E PINTURA","","SERVIÇOS","FIAT STRADA ENDURANCE CS 1.4","SCS9D64","CORRETIVO","","MAGNALDO PEREIRA DE SOUSA","10","6a4b935a68a33854dbf0cf78","2026-07-06T11:36:58.802000","2026-07-06T12:25:41.689000","6a0720445c9dd6ed8a2275ed","grupof8.ely2026@gmail.com","false"
"2026-06-02","300","4688","PRESIDÊNCIA","ALINH/BALANC","OC 59830
","SERVIÇOS","JEEP RENEGADE SPORT AT","RBO8B09","PREVENTIVO","","ZILLI COMERCIO DE PNEUS LTDA","140293","6a4b91b1f341c892bd8316ef","2026-07-06T11:29:53.492000","2026-07-06T11:29:53.492000","6a0720445c9dd6ed8a2275ed","grupof8.ely2026@gmail.com","false"
"2026-06-01","385","113507","STRADAS","BATERIAS","COMPRA DE BATERIA M50 ED","PEÇAS","FIAT STRADA ENDURANCE CS 1.4","SCS9D64","CORRETIVO","","MOURA","354732","6a4b910c802f856965c9ac9f","2026-07-06T11:27:08.258000","2026-07-06T11:27:08.258000","6a0720445c9dd6ed8a2275ed","grupof8.ely2026@gmail.com","false"
"2026-07-01","290","360835","CAVALO","MOTOR","OC 63401
SERVIÇO ROSCA DO SUPORTE DO INTERCULE TRASEIRO","SERVIÇOS","DAF XF FTS 480","RCJ1E32","CORRETIVO","https://base44.app/api/apps/6a0720445c9dd6ed8a2275ec/files/mp/public/6a0720445c9dd6ed8a2275ec/ff725701c_226.pdf","MD MECANICA DIESEL ESPECIALIZADA DAF LTDA","226","6a47fb59d873fe8ad533cf73","2026-07-03T18:11:37.868000","2026-07-03T18:44:21.483000","6a0720445c9dd6ed8a2275ed","grupof8.ely2026@gmail.com","false"
"2026-07-01","350","140253","CESTO AÉREO","CONSERTO","SERVIÇO DE PRESTÇÃO DE SOCORRO + CONSERTO E TROCA DE 3 PNEUS 
OC 63415","PNEUS","VW 9-160","LUE3B05","PREVENTIVO","https://base44.app/api/apps/6a0720445c9dd6ed8a2275ec/files/mp/public/6a0720445c9dd6ed8a2275ec/78e1ee42d_115.pdf","LUCIANO DE SOUZA FRAGA","115","6a47f7fe18f9975cf817072a","2026-07-03T17:57:18.504000","2026-07-03T18:44:48.534000","6a0720445c9dd6ed8a2275ed","grupof8.ely2026@gmail.com","false"
"2026-06-23","428","13256","CAVALO","FREIOS","OC 62685","SERVIÇOS","M.BENZ ACTROS 2651S","SCE8F89","CORRETIVO","","PADDOCK TRUCK SERVIÇOS LTDA","1066","6a441c86d2b2c47971d30697","2026-06-30T19:44:06.896000","2026-06-30T19:44:06.896000","6a0720445c9dd6ed8a2275ed","grupof8.ely2026@gmail.com","false"
"2026-06-10","282.8","132280","CAVALO","FREIOS","","PEÇAS","M.BENZ ACTROS 2651S","SCE8F89","CORRETIVO","","TRUKÃO DISTRIBUIDORA DE PEÇAS LTDA","2934","6a441c54a8952067e7ffb04e","2026-06-30T19:43:16.457000","2026-06-30T19:43:16.457000","6a0720445c9dd6ed8a2275ed","grupof8.ely2026@gmail.com","false"
"2026-06-23","380","103374","TRUCK","ALINH/BALANC","OC 62723","SERVIÇOS","M.BENZ ATEGO 2429CE BAU 9,5MTS","SCB8F89","PREVENTIVO","","PADDOCK TRUCK SERVIÇOS LTDA","1067","6a441b70055bf1d26da5d8ba","2026-06-30T19:39:28.566000","2026-06-30T19:39:28.566000","6a0720445c9dd6ed8a2275ed","grupof8.ely2026@gmail.com","false"
"2026-06-20","1760","104513","TRUCK","BATERIAS","OC 61834
COMPRA DE 02 BATERIAS BOSCH","PEÇAS","M.BENZ ATEGO 2429CE CAÇAMBA","SCA8F89","CORRETIVO","","ATACADAO BATERIAS LTDA","52130","6a44150e8879c0f387c3c88f","2026-06-30T19:12:14.441000","2026-06-30T19:12:14.441000","6a0720445c9dd6ed8a2275ed","grupof8.ely2026@gmail.com","false"
"2026-06-05","30","101251","TRUCK","CONSERTO","OC 60125","PNEUS","M.BENZ ATEGO 2429CE CAÇAMBA","SCA8F89","PREVENTIVO","","PADDOCK TRUCK SERVIÇOS LTDA","992","6a4414bf0b928af493323859","2026-06-30T19:10:55.577000","2026-06-30T19:10:55.577000","6a0720445c9dd6ed8a2275ed","grupof8.ely2026@gmail.com","false"
"2026-06-17","510","48127","CESTO AÉREO","FREIOS","","SERVIÇOS","VW 11-180","RET5E47","CORRETIVO","","ADRIANO DO NASCIMENTO","97","6a4412fb15a2983a00c910b0","2026-06-30T19:03:23.080000","2026-06-30T19:03:23.080000","6a0720445c9dd6ed8a2275ed","grupof8.ely2026@gmail.com","false"
"2026-06-17","650","48122","CESTO AÉREO","GUINCHO","OC 61447","SERVIÇOS","VW 11-180","RET5E47","CORRETIVO","","ADRIANO DO NASCIMENTO","97","6a441291c392e756cd0bd4fb","2026-06-30T19:01:37.843000","2026-06-30T19:04:48.415000","6a0720445c9dd6ed8a2275ed","grupof8.ely2026@gmail.com","false"
"2026-06-17","1220","46331","CESTO AÉREO","ÓLEOS E FILTROS","OC 61576 ","PEÇAS","VW 11-180","RET5E47","PREVENTIVO","","RORIZ AUTO PEÇAS LTDA","48801","6a4411704054413d8e992389","2026-06-30T18:56:48.080000","2026-06-30T18:56:48.080000","6a0720445c9dd6ed8a2275ed","grupof8.ely2026@gmail.com","false"
"2026-06-11","100","319960","CAVALO","FUNILARIA E PINTURA","OC 60932","SERVIÇOS","DAF XF FTT 530","RCN5F85","CORRETIVO","","KENNEDY RIBEIRO DA SILVA LTDA","2","6a4410ad6974be2f20799a99","2026-06-30T18:53:33.403000","2026-06-30T18:53:33.403000","6a0720445c9dd6ed8a2275ed","grupof8.ely2026@gmail.com","false"
"2026-06-11","420","319960","CAVALO","FUNILARIA E PINTURA","OC 60932","SERVIÇOS","DAF XF FTT 530","RCN5F85","CORRETIVO","","KENNEDY RIBEIRO DA SILVA LTDA","3","6a44104811d4b3ea8950c182","2026-06-30T18:51:52.207000","2026-06-30T18:51:52.207000","6a0720445c9dd6ed8a2275ed","grupof8.ely2026@gmail.com","false"
"2026-06-11","203","319960","CAVALO","FUNILARIA E PINTURA","OC 60932","SERVIÇOS","DAF XF FTT 530","RCN5F85","CORRETIVO","","KENNEDY RIBEIRO DA SILVA LTDA","629","6a440f48e7fd9d5430e2ee70","2026-06-30T18:47:36.923000","2026-06-30T18:47:36.923000","6a0720445c9dd6ed8a2275ed","grupof8.ely2026@gmail.com","false"
"2026-06-10","35","319960","CAVALO","FUNILARIA E PINTURA","ORDEM DE COMPRA 60932 SPRAY PRETO","PEÇAS","DAF XF FTT 530","RCN5F85","CORRETIVO","","KENNEDY RIBEIRO DA SILVA LTDA","628","6a440e9b6be07b6af4fb6739","2026-06-30T18:44:43.635000","2026-06-30T18:44:43.635000","6a0720445c9dd6ed8a2275ed","grupof8.ely2026@gmail.com","false"
"2026-06-22","4664.59","323183","CAVALO","ÓLEOS E FILTROS","COMPRA DE FILTROS E OLEO PARA TROCA DO OLEO COMPLETA DO MOTOR
OC 62079","PEÇAS","DAF XF FTT 530","RCN5F85","PREVENTIVO","https://base44.app/api/apps/6a0720445c9dd6ed8a2275ec/files/mp/public/6a0720445c9dd6ed8a2275ec/3c257abb4_16447.pdf","MADRI LUBRIFICANTES LTDA","16447","6a440a4a4f73db359c7bb911","2026-06-30T18:26:18.590000","2026-06-30T18:26:18.590000","6a0720445c9dd6ed8a2275ed","grupof8.ely2026@gmail.com","false"
"2026-06-23","3629","36027","CAVALO","ÓLEOS E FILTROS","OC 62737","PEÇAS","DAF XF FTS 480","RCJ1E32","PREVENTIVO","","MADRI LUBRIFICANTES LTDA","16460","6a440429eb2fc6100116dc72","2026-06-30T18:00:09.789000","2026-06-30T18:00:09.789000","6a0720445c9dd6ed8a2275ed","grupof8.ely2026@gmail.com","false"
"2026-06-05","240","356445","CAVALO","RODÍZIO","SERVIÇO DE RODIZIO DE PNEUS","PNEUS","DAF XF FTS 480","RCJ1E32","PREVENTIVO","","TOP TRUCK CENTER LTDA","943","6a4403f3e499d05e6d29a4a6","2026-06-30T17:59:15.753000","2026-06-30T17:59:15.753000","6a0720445c9dd6ed8a2275ed","grupof8.ely2026@gmail.com","false"
"2026-06-03","1190","355007","CAVALO","MOTOR","OC 58648","SERVIÇOS","DAF XF FTS 480","RCJ1E32","CORRETIVO","","MD MECANICA DIESEL ESPECIALIZADA DAF LTDA","179","6a4403b17d2c8f9229ecc3c4","2026-06-30T17:58:09.497000","2026-06-30T17:58:09.497000","6a0720445c9dd6ed8a2275ed","grupof8.ely2026@gmail.com","false"
"2026-06-03","2979","356445","CAVALO","RECAPAGEM","OC 59518
RECAPAGEM FEITA EM 04 PNEUS DO 1° EIXO DA CARRETA","PNEUS","DAF XF FTS 480","RCJ1E32","PREVENTIVO","","PNEUS EXPRESS REFORMADORA DE PNEUS ECOMOLD LTDA","2520","6a4403586bae651326c50510","2026-06-30T17:56:40.446000","2026-06-30T17:56:40.446000","6a0720445c9dd6ed8a2275ed","grupof8.ely2026@gmail.com","false"
"2026-06-03","40","319933","BI-CAÇAMBA","RODÍZIO","OC 59516","PNEUS","CARRETA LIBRELATO 2E BI","RCI5J45","PREVENTIVO","","ZILLI COMERCIO DE PNEUS LTDA","19670","6a44010ef0ec4c0c1ad88d1f","2026-06-30T17:46:54.624000","2026-06-30T17:46:54.624000","6a0720445c9dd6ed8a2275ed","grupof8.ely2026@gmail.com","false"
"2026-06-19","1890","103591","CESTO AÉREO","MOTOR","OC 62037 COMPRA DE 2 CABOS DE COMANDO","PEÇAS","VW 9-170","RBX9D43","CORRETIVO","","BELCAR CAMINHÕES E MAQUINAS LTDA","1045800","6a43ffdfb8ed8d9fd915ebd4","2026-06-30T17:41:51.355000","2026-06-30T17:41:51.355000","6a0720445c9dd6ed8a2275ed","grupof8.ely2026@gmail.com","false"
"2026-06-08","960","60012","CESTO AÉREO","SUSPENSÃO","OC 60938","SERVIÇOS","VW 9-170","RBX9D43","CORRETIVO","","LINCE DIESEL PEÇAS E SERVIÇOS LTDA","1617","6a43fe718e563266e28d1a3f","2026-06-30T17:35:45.285000","2026-06-30T17:35:45.285000","6a0720445c9dd6ed8a2275ed","grupof8.ely2026@gmail.com","false"
"2026-06-08","788","80900","CESTO AÉREO","ELÉTRICO","SERVIÇO ELETRICO FEITO NO MOTOR DE PARTIDA - PREST. SOCORRO","SERVIÇOS","VW 9-170","RBT2A64","CORRETIVO","","JCM AUTO ELETRICA LTDA","574","6a43fde751fcd820847319ae","2026-06-30T17:33:27.983000","2026-06-30T17:33:27.983000","6a0720445c9dd6ed8a2275ed","grupof8.ely2026@gmail.com","false"
"2026-06-03","384.35","4670","PRESIDÊNCIA","ÓLEOS E FILTROS","OC 59838
","PEÇAS","JEEP RENEGADE SPORT AT","RBO8B09","PREVENTIVO","","MADRI LUBRIFICANTES LTDA","16254","6a43fcc57083d24b4418b5f7","2026-06-30T17:28:37.902000","2026-06-30T17:28:37.902000","6a0720445c9dd6ed8a2275ed","grupof8.ely2026@gmail.com","false"
"2026-06-17","460","170826","RANGER","FREIOS","OC 61581
SERV. DE FREIO REALIZADO NA RANGER","SERVIÇOS","RANGER XLS 2.2","RBL4H34","CORRETIVO","","REVISA CENTRO AUTOMOTIVOS LTDA","114","6a43fc0e93a65e5a7cc8df12","2026-06-30T17:25:34.115000","2026-06-30T17:25:34.115000","6a0720445c9dd6ed8a2275ed","grupof8.ely2026@gmail.com","false"
"2026-06-17","76","170826","RANGER","FREIOS","FLUIDO DE FREIO
OC 61581
","PEÇAS","RANGER XLS 2.2","RBL4H34","CORRETIVO","","REVISA CENTRO AUTOMOTIVOS LTDA","2206","6a43fbc4febf1f6e014e5327","2026-06-30T17:24:20.140000","2026-06-30T17:24:20.140000","6a0720445c9dd6ed8a2275ed","grupof8.ely2026@gmail.com","false"
"2026-06-13","160","288605","GOL","ELÉTRICO","OC 61611 TROCA DE BOBINA","SERVIÇOS","VW GOL BRANCO","RBK2G21","CORRETIVO","","REVISA CENTRO AUTOMOTIVOS LTDA","111","6a43fa2171117bc992955a63","2026-06-30T17:17:21.097000","2026-06-30T17:17:21.097000","6a0720445c9dd6ed8a2275ed","grupof8.ely2026@gmail.com","false"
"2026-06-03","160","288605","GOL","ELÉTRICO","","PEÇAS","VW GOL BRANCO","RBK2G21","CORRETIVO","","CENTRO OESTE DISTRIBUIDORA DE PEÇAS AUTOMOTIVAS LTDA","1250835","6a43f9dbf98251f2efad1ab7","2026-06-30T17:16:11.547000","2026-06-30T17:16:11.547000","6a0720445c9dd6ed8a2275ed","grupof8.ely2026@gmail.com","false"
"2026-06-10","55","401895","STRADAS","MOTOR","OC 60244
RESERVATORIO AGUA","PEÇAS","FIAT STRADA","ONP5G56","CORRETIVO","","CENTRO OESTE DISTRIBUIDORA DE PEÇAS AUTOMOTIVAS LTDA","1253575","6a43f6ff95abe3e4b93c86b3","2026-06-30T17:03:59.531000","2026-06-30T17:03:59.531000","6a0720445c9dd6ed8a2275ed","grupof8.ely2026@gmail.com","false"
"2026-06-26","450","141093","CESTO AÉREO","VIDROS","OC 62743
COMPRA DE ESPELHO C/ BIFOCAL PARA CAMINHÃO","PEÇAS","VW 9-160","LUE3B05","CORRETIVO","https://base44.app/api/apps/6a0720445c9dd6ed8a2275ec/files/mp/public/6a0720445c9dd6ed8a2275ec/592ad4c07_404712.pdf","BIRIBA ACESSORIOS PEÇAS E IMPORTAÇÃO LTDA","404712","6a43d22907afb7f85839ce30","2026-06-30T14:26:49.665000","2026-06-30T14:26:49.665000","6a0720445c9dd6ed8a2275ed","grupof8.ely2026@gmail.com","false"
"2026-06-19","889","114989","CESTO AÉREO","HIDRÁULICO","ORDEM DE COMPRA 62048
","SERVIÇOS","VW 9-160","LTY4G44","CORRETIVO","","BASCULAR PEÇAS ACES HIDR BASCULANTES LTDA","392","6a43d0dcdf401d58ca20d951","2026-06-30T14:21:16.391000","2026-06-30T14:21:16.391000","6a0720445c9dd6ed8a2275ed","grupof8.ely2026@gmail.com","false"
"2026-06-18","300","114971","CESTO AÉREO","ELÉTRICO","ORDEM DE COMPRA 62072 SERVIÇO ELETRICO REALIZADO NO CAMINHÃO","SERVIÇOS","VW 9-160","LTY4G44","CORRETIVO","","DANIEL SANTIAGO DE SOUSA","6","6a43d0a65deb0ee6ab110f3e","2026-06-30T14:20:22.674000","2026-06-30T14:20:22.674000","6a0720445c9dd6ed8a2275ed","grupof8.ely2026@gmail.com","false"
"2026-06-05","175","113500","CESTO AÉREO","FREIOS","OC 59697
COMPRA FEITO C/ URGENCIA PARA VIAGEM 
ESPECIFICAÇÃO DA PEÇA:
INT FREIO VW CONSTELATION 4 SAIDAS
3RHO400 INT FREIO VW CONSTELATION 4
SAIDAS","PEÇAS","VW 9-160","LTY4G44","CORRETIVO","","CENTRO OESTE DISTRIBUIDORA DE PEÇAS AUTOMOTIVAS LTDA","84279","6a43d05c2f3795f6dc3b70c1","2026-06-30T14:19:08.978000","2026-06-30T14:19:08.978000","6a0720445c9dd6ed8a2275ed","grupof8.ely2026@gmail.com","false"
"2026-06-11","2985.49","109853","CESTO AÉREO","FREIOS","OC 61182
NF 1451
","PEÇAS","VW 9-170","LTT7F84","CORRETIVO","https://base44.app/api/apps/6a0720445c9dd6ed8a2275ec/files/mp/public/6a0720445c9dd6ed8a2275ec/1b6aa2d5e_NF1451.pdf","LINCE DIESEL PEÇAS E SERVIÇOS LTDA","1451","6a43cf8a139c28faa4d89657","2026-06-30T14:15:38.011000","2026-06-30T14:15:38.011000","6a0720445c9dd6ed8a2275ed","grupof8.ely2026@gmail.com","false"
"2026-06-11","420","109853","CESTO AÉREO","SUSPENSÃO","OC 61116","SERVIÇOS","VW 9-170","LTT7F84","CORRETIVO","","LINCE DIESEL PEÇAS E SERVIÇOS LTDA","1635","6a43cdacf54b35fcd849b057","2026-06-30T14:07:40.505000","2026-06-30T14:07:40.505000","6a0720445c9dd6ed8a2275ed","grupof8.ely2026@gmail.com","false"
"2026-06-11","120","109853","CESTO AÉREO","FREIOS","OC 61116","SERVIÇOS","VW 9-170","LTT7F84","CORRETIVO","","LINCE DIESEL PEÇAS E SERVIÇOS LTDA","1635","6a43cd8ce2697d90bd30d838","2026-06-30T14:07:08.036000","2026-06-30T14:07:08.036000","6a0720445c9dd6ed8a2275ed","grupof8.ely2026@gmail.com","false"
"2026-06-11","250","109853","CESTO AÉREO","MOTOR","OC 61116","SERVIÇOS","VW 9-170","LTT7F84","CORRETIVO","","LINCE DIESEL PEÇAS E SERVIÇOS LTDA","1635","6a43cd48c4b498f1b4cf96d2","2026-06-30T14:06:00.166000","2026-06-30T14:06:00.166000","6a0720445c9dd6ed8a2275ed","grupof8.ely2026@gmail.com","false"
"2026-06-11","150","109853","CESTO AÉREO","ALINH/BALANC","OC 61116","SERVIÇOS","VW 9-170","LTT7F84","PREVENTIVO","","LINCE DIESEL PEÇAS E SERVIÇOS LTDA","1635","6a43cc3739c151f881360307","2026-06-30T14:01:27.803000","2026-06-30T14:01:27.803000","6a0720445c9dd6ed8a2275ed","grupof8.ely2026@gmail.com","false"
"2026-06-30","250","114754","CESTO AÉREO","MOTOR","OC 61014","SERVIÇOS","VW 9-170","LTT7F84","CORRETIVO","","ADRIANO DO NASCIMENTO ","94","6a43c5c6a2d8d20517fb2262","2026-06-30T13:33:58.879000","2026-06-30T13:33:58.879000","6a0720445c9dd6ed8a2275ed","grupof8.ely2026@gmail.com","false"
"2026-06-17","450","114754","CESTO AÉREO","GUINCHO","OC 61014","SERVIÇOS","VW 9-170","LTT7F84","CORRETIVO","","ADRIANO DO NASCIMENTO","94","6a43c54b130329e7b0fff2be","2026-06-30T13:31:55.324000","2026-06-30T13:31:55.324000","6a0720445c9dd6ed8a2275ed","grupof8.ely2026@gmail.com","false"
"2026-06-12","450","114754","CESTO AÉREO","GUINCHO","OC 61003","SERVIÇOS","VW 9-170","LTT7F84","CORRETIVO","","ADRIANO DO NASCIMENTO ","95","6a43c50bde4a914d974e128a","2026-06-30T13:30:51.306000","2026-06-30T13:30:51.306000","6a0720445c9dd6ed8a2275ed","grupof8.ely2026@gmail.com","false"
"2026-06-12","380","114754","CESTO AÉREO","HIDRÁULICO","OC 61003 SERVIÇO MANGOTE HIDRAULICO COM REFORÇO","SERVIÇOS","VW 9-170","LTT7F84","CORRETIVO","","ADRIANO DO NASCIMENTO","95","6a43c4d4b16400b2d356d99f","2026-06-30T13:29:56.449000","2026-06-30T13:29:56.449000","6a0720445c9dd6ed8a2275ed","grupof8.ely2026@gmail.com","false"
"2026-06-10","1017","109853","CESTO AÉREO","ÓLEOS E FILTROS","OC 61022","PEÇAS","VW 9-170","LTT7F84","PREVENTIVO","","MADRI LUBRIFICANTES LTDA","16323","6a43c390c976241a6510dd5c","2026-06-30T13:24:32.080000","2026-06-30T13:24:32.080000","6a0720445c9dd6ed8a2275ed","grupof8.ely2026@gmail.com","false"
"2026-06-06","1500","30439","CESTO AÉREO","COMPRA DE PNEUS","OC 59852 COMPRA DE 02 PNEUS (225/75R16)","PNEUS","VW 9-160","JAC4I67","CORRETIVO","https://base44.app/api/apps/6a0720445c9dd6ed8a2275ec/files/mp/public/6a0720445c9dd6ed8a2275ec/a1243bcca_NF517.pdf","PNEUS EXPRESS COMERCIO DE PNEUS LTDA","517","6a43c0fa16ae8e986d1a6417","2026-06-30T13:13:30.019000","2026-06-30T13:22:03.879000","6a0720445c9dd6ed8a2275ed","grupof8.ely2026@gmail.com","false"
"2026-06-08","1482","30479","CESTO AÉREO","HIDRÁULICO","OC 59825","SERVIÇOS","VW 9-160","JAC4I67","CORRETIVO","","JA EQUIPAMENTOS INDUSTRIAIS LTDA","54","6a43c0c348a010c1675d3ea6","2026-06-30T13:12:35.357000","2026-06-30T13:12:35.357000","6a0720445c9dd6ed8a2275ed","grupof8.ely2026@gmail.com","false"
"2026-06-17","957","30439","CESTO AÉREO","ÓLEOS E FILTROS","OC 61548","PEÇAS","VW 9-160","JAC4I67","PREVENTIVO","","RORIZ AUTO PEÇAS LTDA","48811","6a43c0618d0cfd273ff87b1f","2026-06-30T13:10:57.023000","2026-06-30T13:14:48.074000","6a0720445c9dd6ed8a2275ed","grupof8.ely2026@gmail.com","false"
"2026-06-17","1138","60012","CESTO AÉREO","ÓLEOS E FILTROS","OC 61566","PEÇAS","VW 9-170","FON1F81","PREVENTIVO","","RORIZ AUTO PEÇAS LTDA","48802","6a43bf66183da63925cf1926","2026-06-30T13:06:46.781000","2026-06-30T13:06:46.781000","6a0720445c9dd6ed8a2275ed","grupof8.ely2026@gmail.com","false"
"2026-06-15","300","57287","CESTO AÉREO","SUSPENSÃO","OC 60112
MÃO DE OBRA REF. AO SUBSTITUIÇÃO DE COXIM DIANTEIRO","SERVIÇOS","VW 9-170","FIL2E25","CORRETIVO","","LINCE DIESEL PEÇAS E SERVIÇOS LTDA","1586","6a43bf0306858aa1fe290668","2026-06-30T13:05:07.147000","2026-06-30T13:05:07.147000","6a0720445c9dd6ed8a2275ed","grupof8.ely2026@gmail.com","false"
"2026-06-09","700","58997","CESTO AÉREO","HIDRÁULICO","OC 60128","SERVIÇOS","VW 9-170","FIL2E25","CORRETIVO","","HIDRAULICA SERRA DOURADA LTDA ME ","274","6a43be6fb9a641b90a06135a","2026-06-30T13:02:39.376000","2026-06-30T13:02:39.376000","6a0720445c9dd6ed8a2275ed","grupof8.ely2026@gmail.com","false"
"2026-06-05","340","56246","CESTO AÉREO","ALINH/BALANC","OC 60125","SERVIÇOS","VW 9-170","FIL2E25","PREVENTIVO","","PADDOCK TRUCK SERVIÇOS LTDA","990","6a43bd1a33abee7e8e54c56f","2026-06-30T12:56:58.217000","2026-06-30T12:56:58.217000","6a0720445c9dd6ed8a2275ed","grupof8.ely2026@gmail.com","false"
"2026-06-01","560","57287","CESTO AÉREO","VULCANIZAÇÃO","OC 62793
","PNEUS","VW 9-170","FIL2E25","PREVENTIVO","","PNEUS BRASIL COMÉRCIO LTDA","6082","6a43bcaf5639b885942acb60","2026-06-30T12:55:11.046000","2026-06-30T12:55:11.046000","6a0720445c9dd6ed8a2275ed","grupof8.ely2026@gmail.com","false"
"2026-06-17","889","60696","CESTO AÉREO","HIDRÁULICO","OC 61207","SERVIÇOS","VW 9-170","ERG1E95","CORRETIVO","","BASCULAR PEÇAS ACES HIDR BASCULANTES LTDA","379","6a43b9de9ab9666240777b77","2026-06-30T12:43:10.935000","2026-06-30T12:43:10.935000","6a0720445c9dd6ed8a2275ed","grupof8.ely2026@gmail.com","false"
"2026-06-15","400","60883","CESTO AÉREO","HIDRÁULICO","OC 60990
SERVIÇO DE SOCORRO + SERVIÇO DE MANUTENÇÃO LIMPEZA EM MANGUEIRA","SERVIÇOS","VW 9-170","ERG1E95","CORRETIVO","","ADRIANO DO NASCIMENTO ","96","6a43b97a04d5923eaaf45de8","2026-06-30T12:41:30.814000","2026-06-30T14:21:48.001000","6a0720445c9dd6ed8a2275ed","grupof8.ely2026@gmail.com","false"
"2026-06-17","1194","69374","CESTO AÉREO","ÓLEOS E FILTROS","OC 61557","PEÇAS","VW 9-170","ERG1E95","PREVENTIVO","","RORIZ AUTO PEÇAS LTDA","48800","6a43b93fb6471458527535bd","2026-06-30T12:40:31.653000","2026-06-30T12:40:31.653000","6a0720445c9dd6ed8a2275ed","grupof8.ely2026@gmail.com","false"
"2026-06-15","450","60883","CESTO AÉREO","GUINCHO","ORDEM DE COMPRA 60990
SERVIÇO DE SOCORRO + LIMPEZA NA MANGUEIRA EM VILA VELHA","SERVIÇOS","VW 9-170","ERG1E95","CORRETIVO","","ADRIANO DO NASCIMENTO ","96","6a43b8bb968d84232ac80d6e","2026-06-30T12:38:19.248000","2026-06-30T12:38:19.248000","6a0720445c9dd6ed8a2275ed","grupof8.ely2026@gmail.com","false"
"2026-05-08","190.23","","OUTROS","MANUTENÇÃO","SERRALHERIA","PEÇAS","EMPILHADEIRA","0000001","CORRETIVO","","TECBIG","4462","6a3149c5dfd0ada1293d4e72","2026-06-16T13:04:05.750000","2026-06-16T13:04:05.750000","6a0720445c9dd6ed8a2275ed","grupof8.ely2026@gmail.com","false"
"2026-05-14","515","","TRUCK","ACESSÓRIOS","retrovisor - junior enviou placa por whatsapp","PEÇAS","M.BENZ ATEGO 2429CE CAÇAMBA","SCA8F89","CORRETIVO","","SOLIDA DISTRIBUIDORA DE EQUIPAMENTOS E ACESSORIOS PARA CAMINHOES LTDA","66644","6a31478f5c84f8e68e000f7f","2026-06-16T12:54:39.377000","2026-06-16T12:54:39.377000","6a0720445c9dd6ed8a2275ed","grupof8.ely2026@gmail.com","false"
"2026-05-14","515","","TRUCK","ACESSÓRIOS","RETROVISOR
junior enviou as placas por whtasaap ","PEÇAS","M.BENZ ATEGO 2429CE CARROCERIA ALUMINIO","SCP8F89","CORRETIVO","","SOLIDA DISTRIBUIDORA DE EQUIPAMENTOS E ACESSORIOS PARA CAMINHOES LTDA","66644","6a31475f2b65ee0c1ae19d97","2026-06-16T12:53:51.964000","2026-06-16T12:53:51.964000","6a0720445c9dd6ed8a2275ed","grupof8.ely2026@gmail.com","false"
"2026-05-29","228","51123","TRUCK","VULCANIZAÇÃO","OC 58808","PNEUS","M.BENZ ATEGO 2429CE CARROCERIA ALUMINIO","SCP8F89","PREVENTIVO","","EXPRESS REFORMA E COMERCIO DE PNEUS LTDA","45362","6a3146f218d62e1797f16bda","2026-06-16T12:52:02.766000","2026-06-16T12:52:02.766000","6a0720445c9dd6ed8a2275ed","grupof8.ely2026@gmail.com","false"
"2026-05-07","1361","57275","CESTO AÉREO","ÓLEOS E FILTROS","OC 56550","PEÇAS","VW 9-170","FIL2E25","PREVENTIVO","https://base44.app/api/apps/6a0720445c9dd6ed8a2275ec/files/mp/public/6a0720445c9dd6ed8a2275ec/5d2a237be_NFCOMPRADEFILTROSEOLEOS.pdf","MADRI LUBRIFICANTES LTDA","15959","6a31469797cba609845d2f5a","2026-06-16T12:50:31.441000","2026-06-16T12:50:31.441000","6a0720445c9dd6ed8a2275ed","grupof8.ely2026@gmail.com","false"
"2026-05-13","538.98","59220","SAVEIROS","ÓLEOS E FILTROS","","PEÇAS","VW SAVEIRO CS RB MF","TGE8F88","PREVENTIVO","","BELCAR VEICULOS LTDA","182900","6a313d70054e5164a6785d6e","2026-06-16T12:11:28.706000","2026-06-16T12:11:28.706000","6a0720445c9dd6ed8a2275ed","grupof8.ely2026@gmail.com","false"
"2026-05-13","595.94","59220","SAVEIROS","MOTOR","CORREIAS","PEÇAS","VW SAVEIRO CS RB MF","TGE8F88","CORRETIVO","","BELCAR VEICULOS LTDA","182900","6a313d03d449d2f345904e78","2026-06-16T12:09:39.211000","2026-06-16T12:09:39.211000","6a0720445c9dd6ed8a2275ed","grupof8.ely2026@gmail.com","false"
"2026-05-13","546","59220","SAVEIROS","ÓLEOS E FILTROS","TROCA DE OLEO E REVISÃO","PEÇAS","VW SAVEIRO CS RB MF","TGE8F88","PREVENTIVO","","BELCAR VEICULOS LTDA","14575","6a313ca93d51f5bb7cbaa0b6","2026-06-16T12:08:09.245000","2026-06-16T12:08:09.245000","6a0720445c9dd6ed8a2275ed","grupof8.ely2026@gmail.com","false"
"2026-05-14","528.21","49309","SAVEIROS","ÓLEOS E FILTROS","","PEÇAS","VW SAVEIRO CS RB MF","TGB8F88","PREVENTIVO","","BELCAR VEICULOS LTDA","183444","6a313c4079dc670254622d0e","2026-06-16T12:06:24.956000","2026-06-16T12:06:24.956000","6a0720445c9dd6ed8a2275ed","grupof8.ely2026@gmail.com","false"
"2026-05-14","279.45","49313","SAVEIROS","ÓLEOS E FILTROS","REVISÃO DA GARANTIA - TROCA DE OLEO E FILTROS","PEÇAS","VW SAVEIRO CS RB MF","TGB8F88","PREVENTIVO","","BELCAR VEICULOS LTDA","14647","6a313beca26eb521058f69b0","2026-06-16T12:05:00.895000","2026-06-16T12:05:00.895000","6a0720445c9dd6ed8a2275ed","grupof8.ely2026@gmail.com","false"
"2026-05-25","8982","92061","BAÚ 3/4","COMPRA DE PNEUS","235/75R17
6 UNIDADES","PNEUS","M.BENZ ACCELO 1017 CE","SDN8F89","CORRETIVO","","PNEULANDIA COMERCIAL LTDA","197756","6a31395e97f1e0661a624579","2026-06-16T11:54:06.852000","2026-06-16T11:54:06.852000","6a0720445c9dd6ed8a2275ed","grupof8.ely2026@gmail.com","false"
"2026-06-25","220","92085","BAÚ 3/4","ALINH/BALANC","","SERVIÇOS","M.BENZ ACCELO 1017 CE","SDN8F89","PREVENTIVO","","PNEULANDIA REFORMADORA DE PNEUMATICOS LTDA","2210","6a3138fea653569622b9195c","2026-06-16T11:52:30.849000","2026-06-16T11:52:30.849000","6a0720445c9dd6ed8a2275ed","grupof8.ely2026@gmail.com","false"
"2026-05-15","200","1078468","BAÚ 3/4","ACESSÓRIOS","ILUMINAÇÃO (FAROL) - LENTE FAROL MERCEDES REEMBOLSO","PEÇAS","M.BENZ ACCELO 1017 CE","SDK8F89","CORRETIVO","","BUIU FAROIS LTDA","2","6a313594219e5a91240c39f1","2026-06-16T11:37:56.322000","2026-06-16T11:37:56.322000","6a0720445c9dd6ed8a2275ed","grupof8.ely2026@gmail.com","false"
"2026-05-06","198","113447","STRADAS","SUSPENSÃO","OC 56732 PEÇAS: JUNTA TAMPA DA VALVULA E BUCHAS FEIXO DE MOLA TRASEIRO","PEÇAS","FIAT STRADA ENDURANCE CS 1.4","SCS9D64","CORRETIVO","","REVISA CENTRO AUTOMOTIVOS LTDA","2178","6a3134d13c939a98621f37a7","2026-06-16T11:34:41.552000","2026-06-16T11:34:41.552000","6a0720445c9dd6ed8a2275ed","grupof8.ely2026@gmail.com","false"
"2026-05-06","1880","113447","STRADAS","REVISÃO","REVISÃO","SERVIÇOS","FIAT STRADA ENDURANCE CS 1.4","SCS9D64","PREVENTIVO","","REVISA CENTRO AUTOMOTIVOS LTDA","95","6a3133b8fffe67a9b93e255e","2026-06-16T11:30:00.859000","2026-06-16T11:30:00.859000","6a0720445c9dd6ed8a2275ed","grupof8.ely2026@gmail.com","false"
"2026-05-12","225","122865","CARRETAS LS","CONSERTO","","PNEUS","CARRETA LIBRELATO CRBAENI2","SCR8F89","PREVENTIVO","","PADDOCK PNEUS TRUCK LTDA","13954","6a313336553168de92c1eb02","2026-06-16T11:27:50.494000","2026-06-16T11:27:50.494000","6a0720445c9dd6ed8a2275ed","grupof8.ely2026@gmail.com","false"
"2026-05-07","133.67","49284","TRUCK","ALINH/BALANC","OC 56109
CALÇO MOLEJO FEIXE DE MOLA DIANT. LADO ESQUERDO","SERVIÇOS","M.BENZ ATEGO 2429CE CARROCERIA ALUMINIO","SCP8F89","PREVENTIVO","","BDF DISTRIBUIDORA LTDA","31002","6a3132c94a5125147b15fb6c","2026-06-16T11:26:01.164000","2026-06-16T11:26:01.164000","6a0720445c9dd6ed8a2275ed","grupof8.ely2026@gmail.com","false"
"2026-05-20","25","","TRUCK","LÂMPADAS","OC 57125","PEÇAS","M.BENZ ATEGO 2429CE BAU 10MTS","SCN8F89","CORRETIVO","","COMERCIAL CRM DE COMBUSTIVEIS LTDA","96667","6a31319fb551ac8e733e5787","2026-06-16T11:21:03.345000","2026-06-16T11:21:03.345000","6a0720445c9dd6ed8a2275ed","grupof8.ely2026@gmail.com","false"
"2026-05-19","120","83058","TRUCK","CONSERTO","REFRENTE A SERVIÇOS DE PNEUS","PNEUS","M.BENZ ATEGO 2429CE BAU 10MTS","SCN8F89","PREVENTIVO","","THIAGO DIVINO FERREIRA DE SA MENDES ","6789","6a312f74f3f8f19aee53876d","2026-06-16T11:11:48.370000","2026-06-16T11:11:48.370000","6a0720445c9dd6ed8a2275ed","grupof8.ely2026@gmail.com","false"
"2026-05-26","25","83058","TRUCK","ELÉTRICO","REEMBOLSO PARA THIAGO REF A TROCA DE LAMPADA PARA FAROL DE CAMINHÃO","SERVIÇOS","M.BENZ ATEGO 2429CE BAU 10MTS","SCN8F89","CORRETIVO","","THIAGO DIVINO FERREIRA DE SA MENDES","44","6a312f0220403fba9d2f1c10","2026-06-16T11:09:54.207000","2026-06-16T11:09:54.207000","6a0720445c9dd6ed8a2275ed","grupof8.ely2026@gmail.com","false"
"2026-05-07","120","159374","GOL","REVISÃO","MAO DE OBRA REVISÃO - OC 57665","SERVIÇOS","VW GOL CINZA","SCD6D92","PREVENTIVO","","REVISA CENTRO AUTOMOTIVOS LTDA","96","6a312b045f743b1aafd46691","2026-06-16T10:52:52.729000","2026-06-16T10:54:08.779000","6a0720445c9dd6ed8a2275ed","grupof8.ely2026@gmail.com","false"
"2026-05-22","1200","","TRUCK","ACESSÓRIOS","COMPRA DO CANTO FRONTAL DIREITO DO M. BENZ","PEÇAS","M.BENZ ATEGO 2429CE BAU 9,5MTS","SCB8F89","CORRETIVO","","JM SERVIÇOS E COMÉRCIO LTDA","614","6a31286e70e265e73f4e4efb","2026-06-16T10:41:50.596000","2026-06-16T10:41:50.596000","6a0720445c9dd6ed8a2275ed","grupof8.ely2026@gmail.com","false"
"2026-05-05","2395.31","197398","TRUCK","ÓLEOS E FILTROS","OC 57673 REVISÃO PERIODICA + COMPRA DE FILTROS","PEÇAS","M.BENZ ATEGO 2429CE BAU 9,5MTS","SCB8F89","PREVENTIVO","","MADRI LUBRIFICANTES  LTDA","16114","6a31281176b20b1e390f4ed8","2026-06-16T10:40:17.759000","2026-06-16T10:40:17.759000","6a0720445c9dd6ed8a2275ed","grupof8.ely2026@gmail.com","false"
"2026-05-04","430.6","97135","TRUCK","FUNILARIA E PINTURA","PARALAMA CARRETA RANDON + LANTERNA ESTRIBO MB ATEGO LADO DIREITO CRISTAL","PEÇAS","M.BENZ ATEGO 2429CE CAÇAMBA","SCA8F89","CORRETIVO","","SOLIDA DISTRIBUIDORA DE EQUIP E ACESSORIOS PARA CMAINHOES LTDA","65941","6a3126a9c5f457649e92b241","2026-06-16T10:34:17.533000","2026-06-16T10:34:17.533000","6a0720445c9dd6ed8a2275ed","grupof8.ely2026@gmail.com","false"
"2026-05-20","60","","TRUCK","CONSERTO","REEMBOLSO PARA MARCOS DE SERVIÇO NO M. BENZ (PNEU)","PNEUS","M.BENZ ATEGO 2429CE CAÇAMBA","SCA8F89","PREVENTIVO","","MARCOS BERNARDINO PEREIRA DE SOUZA","41","6a3125e38d4655c4d38ff9f8","2026-06-16T10:30:59.024000","2026-06-16T10:30:59.024000","6a0720445c9dd6ed8a2275ed","grupof8.ely2026@gmail.com","false"
"2026-05-04","74","42717","CESTO AÉREO","LÂMPADAS","COMPRA DE LAMPADAS","PEÇAS","VW 11-180","RET5E47","CORRETIVO","","RORIZ AUTO PEÇAS LTDA","47823","6a3124f395bf8c89d37bca24","2026-06-16T10:26:59.930000","2026-06-16T10:26:59.930000","6a0720445c9dd6ed8a2275ed","grupof8.ely2026@gmail.com","false"
"2026-05-18","472.77","106062","AMAROK","FREIOS","PASTILHA DE FREIO","PEÇAS","AMAROK V6","RCN9D48","CORRETIVO","","CENTRO OESTE DISTRIBUIDORA DE PEÇAS AUTOMOTIVAS EIRELLI","1243493","6a31244e14204f8bf317b5a2","2026-06-16T10:24:14.936000","2026-06-16T10:24:14.936000","6a0720445c9dd6ed8a2275ed","grupof8.ely2026@gmail.com","false"
"2026-05-20","300","106064","AMAROK","FREIOS","OC 57217","PEÇAS","AMAROK V6","RCN9D48","CORRETIVO","","BRAGA AUTO CENTER LTDA","272","6a3123d4bfe056263bb843f3","2026-06-16T10:22:12.305000","2026-06-16T10:22:12.305000","6a0720445c9dd6ed8a2275ed","grupof8.ely2026@gmail.com","false"
"2026-05-29","120","318929","CAVALO","FREIOS","SOCORRO REALIZADO NO PÁTIO DA PREFEITURA EM QUIRINOPOLIS, CAMINHÃO FICOU TRAVADO, DAF 530PLACA RCN-5F85 KM 318929, FOI FEITO ISOLAMENTO DE CUICA DE FREIO","SERVIÇOS","DAF XF FTT 530","RCN5F85","CORRETIVO","","OSANAM LUIZ ALMEIDA MACHADO LTDA","4835","6a31226dc7b4f165eba07290","2026-06-16T10:16:13.881000","2026-06-16T10:16:13.881000","6a0720445c9dd6ed8a2275ed","grupof8.ely2026@gmail.com","false"
"2026-05-14","2304","317277","CAVALO","MOTOR","REVISÃO + TROCA DE OLEO + TROCA DE TUBO DE VEDAÇÃO E COLETOR ESCAPE","PEÇAS","DAF XF FTT 530","RCN5F85","CORRETIVO","","SOMAFERTIL CAMINHÕES LTDA","37273","6a31216a388e9dd8440c6e62","2026-06-16T10:11:54.354000","2026-06-16T17:47:23.701000","6a0720445c9dd6ed8a2275ed","grupof8.ely2026@gmail.com","false"
"2026-05-29","10300","317715","CAVALO","ELÉTRICO","O TraXon é uma transmissão automatizada da ZF, e o módulo eletrônico é responsável pelo gerenciamento e controle do funcionamento do câmbio.","PEÇAS","DAF XF FTT 530","RCN5F85","CORRETIVO","","ELETROTURBO ELETRICA E TURBINA LTDA","24479","6a311f5239ab5612ade6944b","2026-06-16T10:02:58.438000","2026-06-16T10:02:58.438000","6a0720445c9dd6ed8a2275ed","grupof8.ely2026@gmail.com","false"
"2026-05-19","1553","354249","CAVALO","SUSPENSÃO","OC 57543","PEÇAS","DAF XF FTS 480","RCJ1E32","CORRETIVO","","SOMAFERTIL CAMINHÕES LTDA","37353","6a311daadcbf1905b8c3bbbf","2026-06-16T09:55:54.329000","2026-06-16T09:55:54.329000","6a0720445c9dd6ed8a2275ed","grupof8.ely2026@gmail.com","false"
"2026-05-06","380","317715","BI-CAÇAMBA","SUSPENSÃO","A bolsa de suspensão tem a função de absorver impactos, manter a estabilidade do veículo e suportar a carga transportada.","PEÇAS","CARRETA LIBRELATO 2E BI","RCI5J45","CORRETIVO","","AGUILERA AUTOPEÇAS DE GOIÁS  LTDA","859860","6a305b40d26538b26c77e039","2026-06-15T20:06:24.042000","2026-06-15T20:06:24.042000","6a0720445c9dd6ed8a2275ed","grupof8.ely2026@gmail.com","false"
"2026-05-21","1400","80513","CESTO AÉREO","BATERIAS","OC  57432
BATERIA Z 100 ZETTA","PEÇAS","VW 9-170","RBT2A64","CORRETIVO","","RORIZ AUTO PEÇAS LTDA","48232","6a3059d280fcf6e23835dd40","2026-06-15T20:00:18.259000","2026-06-15T20:00:18.259000","6a0720445c9dd6ed8a2275ed","grupof8.ely2026@gmail.com","false"
"2026-05-27","420","80605","CESTO AÉREO","HIDRÁULICO","ORDEM DE COMPRA 58618","PEÇAS","VW 9-170","RBT2A64","CORRETIVO","","CIRCUITO HIDRAULICO E PEÇAS E COMPONENTES LTDA","4016","6a3056c4a58271a3d9e18e57","2026-06-15T19:47:16.851000","2026-06-15T19:47:16.851000","6a0720445c9dd6ed8a2275ed","grupof8.ely2026@gmail.com","false"
"2026-05-28","170","80605","CESTO AÉREO","HIDRÁULICO","OC 58618","SERVIÇOS","VW 9-170","RBT2A64","CORRETIVO","","CIRCUITO HIDRAULICO E PEÇAS E COMPONENTES LTDA","2015","6a30568688f3fdf95959a624","2026-06-15T19:46:14.920000","2026-06-15T19:46:14.920000","6a0720445c9dd6ed8a2275ed","grupof8.ely2026@gmail.com","false"
"2026-05-13","556","169862","RANGER","ÓLEOS E FILTROS","OC 56580","PEÇAS","RANGER XLS 2.2","RBL4H34","PREVENTIVO","","MADRI LUBRIFICANTES LTDA","16012","6a30544efe69f55bdff99407","2026-06-15T19:36:46.095000","2026-06-15T19:36:46.095000","6a0720445c9dd6ed8a2275ed","grupof8.ely2026@gmail.com","false"
"2026-05-22","191","441000","SAVEIROS","ÓLEOS E FILTROS","OC 57588
TROCA DE OLEO E FILTROS","PEÇAS","VW SAVEIRO","NKV6598","PREVENTIVO","","MADRI LUBRIFICANTES LTDA","16108","6a304d404fda3f25a0c862b0","2026-06-15T19:06:40.377000","2026-06-15T19:06:40.377000","6a0720445c9dd6ed8a2275ed","grupof8.ely2026@gmail.com","false"
"2026-05-18","1290","184500","CESTO AÉREO","ELÉTRICO","PEÇA ALT. VW CONSTELLATION 24V / 80A refere-se a um alternador do caminhão Volkswagen Constellation, com especificação de 24 volts e 80 amperes.","PEÇAS","VW 9-170","LTT7F84","CORRETIVO","","AGUILERA AUTOPECAS NORTE LTDA","80269","6a304c1347d6910f290b72fd","2026-06-15T19:01:39.817000","2026-06-15T19:01:39.817000","6a0720445c9dd6ed8a2275ed","grupof8.ely2026@gmail.com","false"
"2026-05-07","1110.25","184487","CESTO AÉREO","MOTOR","OC 56281
PEÇAS COMPRADAS EM GURUPI - TO","PEÇAS","VW 9-170","LTT7F84","CORRETIVO","","LOPES E GONZAGA LTDA","3762","6a304aff71b82e43ece2e470","2026-06-15T18:57:03.466000","2026-06-15T18:57:03.466000","6a0720445c9dd6ed8a2275ed","grupof8.ely2026@gmail.com","false"
"2026-05-06","1770","57287","CESTO AÉREO","COMPRA DE PNEUS","OC 56321
COMPRA DE 2 PNEUS (215/75R17)(MARCA: UF195 EUDEMON) PARA O CESTO AEREO (FIL-2E25)","PNEUS","VW 9-170","FIL2E25","CORRETIVO","","","1773","6a3044a2da0abfec2949a204","2026-06-15T18:29:54.108000","2026-06-15T18:29:54.108000","6a0720445c9dd6ed8a2275ed","grupof8.ely2026@gmail.com","false"
"2026-05-28","85","58883","CESTO AÉREO","MOTOR","OC 58728","SERVIÇOS","VW 9-170","ERG1E95","CORRETIVO","","CIRCUITO HIDRAULICO E PEÇAS E COMPONENTES LTDA","4017","6a3043b5d8909618b79d8388","2026-06-15T18:25:57.991000","2026-06-15T18:25:57.991000","6a0720445c9dd6ed8a2275ed","grupof8.ely2026@gmail.com","false"
"2026-05-04","500","68343","CESTO AÉREO","MOTOR","SERVIÇO DE CARTER OC 51858","SERVIÇOS","VW 9-170","EDB0F96","CORRETIVO","","MADRI LUBRIFICANTES LTDA","20","6a3042909b798334347a3257","2026-06-15T18:21:04.409000","2026-06-15T18:21:04.409000","6a0720445c9dd6ed8a2275ed","grupof8.ely2026@gmail.com","false"
"2026-06-03","2750","317843","CAVALO","FREIOS","OC 58657","SERVIÇOS","DAF XF FTT 530","RCN5F85","CORRETIVO","","LOURIVAL JACINTO DE OLIVEIRA","181","6a1ee5a6930a6b48434a276e","2026-06-02T14:16:06.836000","2026-06-16T17:56:26.043000","6a0720445c9dd6ed8a2275ed","grupof8.ely2026@gmail.com","false"
"2026-06-03","1660","317842","CAVALO","MOTOR","OC58770","SERVIÇOS","DAF XF FTT 530","RCN5F85","CORRETIVO","","LOURIVAL JACINTO DE OLIVEIRA","180","6a1ee38647342855304a382f","2026-06-02T14:07:02.825000","2026-06-16T17:56:15.001000","6a0720445c9dd6ed8a2275ed","grupof8.ely2026@gmail.com","false"
"2026-05-06","60","46336","TRUCK","CONSERTO","","PNEUS","M.BENZ ATEGO 2429CE BAU 10MTS","SCN8F89","PREVENTIVO","","PADDOCK","898","6a1ee225c7c54f23fc35b4ed","2026-06-02T14:01:09.160000","2026-06-02T14:01:09.160000","6a0720445c9dd6ed8a2275ed","grupof8.ely2026@gmail.com","false"
"2026-05-06","120","47530","TRUCK","CONSERTO","","PNEUS","M.BENZ ATEGO 2429CE CARROCERIA ALUMINIO","SCP8F89","PREVENTIVO","","PADDOCK","898","6a1ee2069714834672f31ba7","2026-06-02T14:00:38.284000","2026-06-02T14:00:38.284000","6a0720445c9dd6ed8a2275ed","grupof8.ely2026@gmail.com","false"
"2026-05-06","150","91592","TRUCK","CONSERTO","","PNEUS","M.BENZ ATEGO 2429CE CAÇAMBA","SCA8F89","PREVENTIVO","","PADDOCK","898","6a1ee1e7c6606bc306f2bb64","2026-06-02T14:00:07.086000","2026-06-02T14:00:07.086000","6a0720445c9dd6ed8a2275ed","grupof8.ely2026@gmail.com","false"
"2026-05-06","55","347974","CAVALO","CONSERTO","","PNEUS","DAF XF FTS 480","RCJ1E32","PREVENTIVO","","PADDOCK","898","6a1ee1c0a37940577ddbe05c","2026-06-02T13:59:28.725000","2026-06-02T13:59:28.725000","6a0720445c9dd6ed8a2275ed","grupof8.ely2026@gmail.com","false"
"2026-05-06","420","46423","TRUCK","ALINH/BALANC","OC 58626","SERVIÇOS","M.BENZ ATEGO 2429CE CARROCERIA ALUMINIO","SCP8F89","PREVENTIVO","","PADDOCK TRUCK SERVIÇOS LTDA","899","6a1eb8b2f1d7c034f99fd36c","2026-06-02T11:04:18.846000","2026-06-02T11:04:18.846000","6a0720445c9dd6ed8a2275ed","grupof8.ely2026@gmail.com","false"
"2026-05-28","869.26","103290","CESTO AÉREO","SUSPENSÃO","OC 58517","PEÇAS","VW 9-170","RBX9D43","CORRETIVO","","GOIÁS VOLKS","219105","6a1dbb9177ccd65cfd3e5901","2026-06-01T17:04:17.221000","2026-06-01T17:04:17.221000","6a0720445c9dd6ed8a2275ed","grupof8.ely2026@gmail.com","false"
"2026-05-27","2006","103155","TRUCK","ÓLEOS E FILTROS","OC 58323
","PEÇAS","M.BENZ ATEGO 2429CE CAÇAMBA","SCA8F89","PREVENTIVO","","MADRI LUBRIFICANTES LTDA","16155","6a1dbb2c5e95ce40c6b909bb","2026-06-01T17:02:36.073000","2026-06-01T17:02:36.073000","6a0720445c9dd6ed8a2275ed","grupof8.ely2026@gmail.com","false"
"2026-05-26","395","57287","CESTO AÉREO","SUSPENSÃO","OC 58318","PEÇAS","VW 9-170","FIL2E25","CORRETIVO","","LINCE DIESEL PEÇAS E SERVIÇOS LTDA","1409","6a1dbad39f4394032de2c589","2026-06-01T17:01:07.400000","2026-06-01T17:01:07.400000","6a0720445c9dd6ed8a2275ed","grupof8.ely2026@gmail.com","false"
"2026-05-25","220","92085","BAÚ 3/4","ALINH/BALANC","OC 57958","SERVIÇOS","M.BENZ ACCELO 1017 CE","SDN8F89","PREVENTIVO","","PNEULANDIA ","2210","6a1dba5cf326e70175b1269d","2026-06-01T16:59:08.678000","2026-06-01T16:59:08.678000","6a0720445c9dd6ed8a2275ed","grupof8.ely2026@gmail.com","false"
"2026-05-19","242","103119","TRUCK","VULCANIZAÇÃO","OC 57794","PNEUS","M.BENZ ATEGO 2429CE CAÇAMBA","SCA8F89","PREVENTIVO","","EXPRESS REFORMA DE PNEUS ECOMOLD LTDA","45176","6a1db9f846932be06801a9e6","2026-06-01T16:57:28.356000","2026-06-01T16:57:28.356000","6a0720445c9dd6ed8a2275ed","grupof8.ely2026@gmail.com","false"
"2026-05-16","282","49341","SAVEIROS","TROCA DE ÓLEO","OC 56552","SERVIÇOS","VW SAVEIRO CS RB MF","TGA8F88","PREVENTIVO","","BELCAR VEICULOS LTDA","14819","6a1db38c1c20ba2e9c60cef5","2026-06-01T16:30:04.055000","2026-06-01T16:30:04.055000","6a0720445c9dd6ed8a2275ed","grupof8.ely2026@gmail.com","false"
"2026-05-16","525.32","49341","SAVEIROS","ÓLEOS E FILTROS","OC 56552","PEÇAS","VW SAVEIRO CS RB MF","TGA8F88","PREVENTIVO","","BELCAR VEICULOS","184175","6a1db1eacbd23eccb753b82c","2026-06-01T16:23:06.596000","2026-06-01T16:23:06.596000","6a0720445c9dd6ed8a2275ed","grupof8.ely2026@gmail.com","false"
"2026-06-01","300","319238","CAVALO","FREIOS"," OC 58837
CONSERTO DA CUICA TRAÇÃO LADO DIREITO","SERVIÇOS","DAF XF FTT 530","RCN5F85","CORRETIVO","","POLLIANA RODRIGUES MARTINS","123","6a1d97cec0dd2ccd0f509b02","2026-06-01T14:31:42.452000","2026-06-01T14:31:42.452000","6a0720445c9dd6ed8a2275ed","grupof8.ely2026@gmail.com","false"
"2026-05-22","1570","106064","AMAROK","ÓLEOS E FILTROS","SERVIÇOS MOTOR PRESTADOS - VEICULO AMAROK V6
OC 57532","PEÇAS","AMAROK V6","RCN9D48","PREVENTIVO","","ROVER MECANICA AUTOMOTIVA LTDA","16","6a1d8a3006a98ff30d064c6e","2026-06-01T13:33:36.661000","2026-06-01T13:33:36.661000","6a0720445c9dd6ed8a2275ed","grupof8.ely2026@gmail.com","false"
"2026-05-22","2500","106064","AMAROK","MOTOR","SERVIÇOS MOTOR PRESTADOS - VEICULO AMAROK V6
OC 57532","SERVIÇOS","AMAROK V6","RCN9D48","CORRETIVO","","ROVER MECANICA AUTOMOTIVA LTDA","16","6a1d89d7cba3af2b69a1e13e","2026-06-01T13:32:07.268000","2026-06-01T13:32:07.268000","6a0720445c9dd6ed8a2275ed","grupof8.ely2026@gmail.com","false"
"2026-05-22","8130","106060","AMAROK","MOTOR","SERVIÇOS MOTOR PRESTADOS - VEICULO AMAROK V6
OC 57532","PEÇAS","AMAROK V6","RCN9D48","CORRETIVO","","ROVER MECANICA AUTOMOTIVA LTDA","16","6a1d896fe9e45e25a44df5fb","2026-06-01T13:30:23.064000","2026-06-01T13:30:23.064000","6a0720445c9dd6ed8a2275ed","grupof8.ely2026@gmail.com","false"
"2026-05-07","650","184487","CESTO AÉREO","MOTOR","OC 56251
SERVIÇO NO MOTOR / SISTTEMA ARREFECIMENTO (EM GURUPI) - TROCAS DE BOMBA AGUA , CORREIAS E TENSORES , RESERV E OUTROS","SERVIÇOS","VW 9-170","LTT7F84","CORRETIVO","","PORTO E SILVA LTDA","291","6a1d7e5447ec28c90796a4da","2026-06-01T12:43:00.018000","2026-06-01T12:43:00.018000","6a0720445c9dd6ed8a2275ed","grupof8.ely2026@gmail.com","false"
"2026-04-27","117.79","113364","STRADAS","MOTOR","","PEÇAS","FIAT STRADA ENDURANCE CS 1.4","SCS9D64","CORRETIVO","","CENTRO OESTE DISTRIBUIDORA DE PEÇAS AUTOMOTIVAS LTDA","1234540","6a19dbabc5d0a1990ea28711","2026-05-29T18:32:11.670000","2026-05-29T18:32:11.670000","6a0720445c9dd6ed8a2275ed","grupof8.ely2026@gmail.com","false"
"2026-04-09","249.74","113364","STRADAS","MOTOR","OC 54774","SERVIÇOS","FIAT STRADA ENDURANCE CS 1.4","SCS9D64","CORRETIVO","","CENTRO OESTE DISTRIBUIDORA DE PEÇAS AUTOMOTIVAS LTDA","1234540","6a19c4ca64bffcf6e74db441","2026-05-29T16:54:34.547000","2026-05-29T18:29:30.887000","6a0720445c9dd6ed8a2275ed","grupof8.ely2026@gmail.com","false"
"2026-04-27","620.35","113364","STRADAS","SUSPENSÃO","OC 54774","PEÇAS","FIAT STRADA ENDURANCE CS 1.4","SCS9D64","CORRETIVO","","CENTRO OESTE DISTRIBUIDORA DE PEÇAS AUTOMOTIVAS LTDA","1234540","6a19c4521e4250a72b0f1f81","2026-05-29T16:52:34.907000","2026-05-29T16:52:34.907000","6a0720445c9dd6ed8a2275ed","grupof8.ely2026@gmail.com","false"
"2026-04-27","146.64","113364","STRADAS","ÓLEOS E FILTROS","OC 54774","PEÇAS","FIAT STRADA ENDURANCE CS 1.4","SCS9D64","PREVENTIVO","","CENTRO OESTE DISTRIBUIDORA DE PEÇAS AUTOMOTIVAS LTDA","1234540","6a19c4079882944f0df82219","2026-05-29T16:51:19.577000","2026-05-29T16:51:19.577000","6a0720445c9dd6ed8a2275ed","grupof8.ely2026@gmail.com","false"
"2026-04-09","220","97837","BAÚ 3/4","ALINH/BALANC","OC 56159","SERVIÇOS","M.BENZ ACCELO 1017 CE","SDK8F89","PREVENTIVO","","PNEULANDIA COMERCIAL LTDA","41","6a19c3763b3eab8c99cba09d","2026-05-29T16:48:54.099000","2026-05-29T16:48:54.099000","6a0720445c9dd6ed8a2275ed","grupof8.ely2026@gmail.com","false"
"2026-04-27","240","65109","STRADAS","EMBREAGEM","OC 56320","PEÇAS","FIAT STRADA ENDURAN CS13","SDN9A99","CORRETIVO","","REVISA CENTRO AUTOMOTIVOS LTDA","92","6a19c342cbd57b7cb44a1627","2026-05-29T16:48:02.283000","2026-05-29T16:48:02.283000","6a0720445c9dd6ed8a2275ed","grupof8.ely2026@gmail.com","false"
"2026-04-28","495","65109","BAÚ 3/4","EMBREAGEM","OC 56320","PEÇAS","M.BENZ ACCELO 1017 CE","SDN8F89","CORRETIVO","","REVISA CENTRO AUTOMOTIVOS LTDA","","6a19c2d14777eb96151db733","2026-05-29T16:46:09.592000","2026-05-29T16:46:09.592000","6a0720445c9dd6ed8a2275ed","grupof8.ely2026@gmail.com","false"
"2026-04-13","310.2","30288","SAVEIROS","TROCA DE ÓLEO","OC 55210","SERVIÇOS","VW SAVEIRO CS RB MF","TGC8F88","PREVENTIVO","","BELCAR VEICULOS LTDA","12707","6a19c109a5e3e988f4add145","2026-05-29T16:38:33.088000","2026-05-29T16:38:33.088000","6a0720445c9dd6ed8a2275ed","grupof8.ely2026@gmail.com","false"
"2026-04-13","762.21","30288","SAVEIROS","ÓLEOS E FILTROS","OLEO E FILTROS","PEÇAS","VW SAVEIRO CS RB MF","TGC8F88","PREVENTIVO","","BELCAR VEICULOS LTDA","174176","6a19c0d2a428a5e937f1412e","2026-05-29T16:37:38.919000","2026-05-29T16:37:38.919000","6a0720445c9dd6ed8a2275ed","grupof8.ely2026@gmail.com","false"
"2026-04-16","234.34","46578","TRUCK","FUNILARIA E PINTURA","RETROVISOR","PEÇAS","M.BENZ ATEGO 2429CE CARROCERIA ALUMINIO","SCP8F89","CORRETIVO","","SOLIDA DISTRIBUIDORA DE EQUIPAMENTOS E ACESSORIOS PARA CAMINHOES LTDA","65082","6a19c098d91f2b459290551f","2026-05-29T16:36:40.532000","2026-05-29T16:36:40.532000","6a0720445c9dd6ed8a2275ed","grupof8.ely2026@gmail.com","false"
"2026-04-28","560","50911","TRUCK","VULCANIZAÇÃO","","PNEUS","M.BENZ ATEGO 2429CE CARROCERIA ALUMINIO","SCP8F89","PREVENTIVO","","EXPRESS REFORMA E COMERCIO DE PNEUS LTDA","44825","6a19bf920c13dcb0a40a740b","2026-05-29T16:32:18.027000","2026-05-29T16:32:18.027000","6a0720445c9dd6ed8a2275ed","grupof8.ely2026@gmail.com","false"
"2026-04-14","345","38622","SAVEIROS","RODÍZIO","DESPESA COM PNEU","PNEUS","VW SAVEIRO CS RB MF","TGD8F88","PREVENTIVO","","DIEGO FELIPE RIBEIRO","15","6a19beeb0484b9d093a451ab","2026-05-29T16:29:31.033000","2026-05-29T16:29:31.033000","6a0720445c9dd6ed8a2275ed","grupof8.ely2026@gmail.com","false"
"2026-04-28","579","39032","SAVEIROS","ÓLEOS E FILTROS","","PEÇAS","VW SAVEIRO CS RB MF","TGD8F88","PREVENTIVO","","BELCAR VEICULOS LTDA","13544","6a19be8c3d9129279faf273a","2026-05-29T16:27:56.727000","2026-05-29T16:27:56.727000","6a0720445c9dd6ed8a2275ed","grupof8.ely2026@gmail.com","false"
"2026-04-28","712.27","39032","SAVEIROS","ÓLEOS E FILTROS","OC 56129","PEÇAS","VW SAVEIRO CS RB MF","TGD8F88","PREVENTIVO","","BELCAR VEICULOS LTDA","178584","6a19be41ad3a762d45ce774b","2026-05-29T16:26:41.990000","2026-05-29T16:26:41.990000","6a0720445c9dd6ed8a2275ed","grupof8.ely2026@gmail.com","false"
"2026-04-15","290.7","30704","STRADAS","REVISÃO","","SERVIÇOS","FIAT STRADA ENDURAN CS13","SDB0G19","PREVENTIVO","","PINHEIRO S VEICULOS LTDA","7565","6a19bb0d2a8830d5b54efd48","2026-05-29T16:13:01.498000","2026-05-29T16:21:44.472000","6a0720445c9dd6ed8a2275ed","grupof8.ely2026@gmail.com","false"
"2026-04-15","49.9","30704","STRADAS","REVISÃO","OC 51489","SERVIÇOS","FIAT STRADA ENDURAN CS13","SDB0G19","PREVENTIVO","","PINHEIRO S VEICULOS LTDA","7564","6a19ba6fe6b7ee4ff1a8d0ba","2026-05-29T16:10:23.066000","2026-05-29T16:10:23.066000","6a0720445c9dd6ed8a2275ed","grupof8.ely2026@gmail.com","false"
"2026-04-15","207","30704","STRADAS","REVISÃO","OC 51489","SERVIÇOS","FIAT STRADA ENDURAN CS13","SDB0G19","PREVENTIVO","","PINHEIRO S VEICULOS LTDA","814198","6a19ba122c984cbb87ecf95e","2026-05-29T16:08:50.336000","2026-05-29T16:08:50.336000","6a0720445c9dd6ed8a2275ed","grupof8.ely2026@gmail.com","false"
"2026-04-15","636.87","30704","STRADAS","ÓLEOS E FILTROS","OC 51489","PEÇAS","FIAT STRADA ENDURAN CS13","SDB0G19","PREVENTIVO","","PINHEIRO D VEICULOS LTDA","814201","6a19b7e772fcded6a20ef496","2026-05-29T15:59:35.036000","2026-05-29T15:59:35.036000","6a0720445c9dd6ed8a2275ed","grupof8.ely2026@gmail.com","false"
"2026-04-16","3901.5","119567","CAVALO","SIST. PNEUMATICO","","SERVIÇOS","M.BENZ ACTROS 2651S","SCE8F89","CORRETIVO","","TECAR CAMINHOES E SERVICOS LTDA","51427","6a19b6d6c3657e63e04f5990","2026-05-29T15:55:02.552000","2026-05-29T15:55:02.552000","6a0720445c9dd6ed8a2275ed","grupof8.ely2026@gmail.com","false"
"2026-04-16","738.18","119567","CAVALO","SIST. PNEUMATICO","","SERVIÇOS","M.BENZ ACTROS 2651S","SCE8F89","CORRETIVO","","TECAR CAMINHOES E SERVICOS LTDA","138612","6a19b6a7a67a9e167f1e5d50","2026-05-29T15:54:15.465000","2026-05-29T15:54:15.465000","6a0720445c9dd6ed8a2275ed","grupof8.ely2026@gmail.com","false"
"2026-04-22","220","120217","CAVALO","ALINH/BALANC","","SERVIÇOS","M.BENZ ACTROS 2651S","SCE8F89","PREVENTIVO","","PNEULANDIA COMERCIAL LTDA","3109","6a19b64b47456bad475bf0b8","2026-05-29T15:52:43.915000","2026-05-29T15:52:43.915000","6a0720445c9dd6ed8a2275ed","grupof8.ely2026@gmail.com","false"
"2026-04-28","40","121003","CAVALO","CONSERTO","","PNEUS","M.BENZ ACTROS 2651S","SCE8F89","PREVENTIVO","","PNEUS EXPRESS COMERCIO DE PNEUS LTDA","310","6a19b4e30b3e9fa379a0fcb5","2026-05-29T15:46:43.988000","2026-05-29T15:46:43.988000","6a0720445c9dd6ed8a2275ed","grupof8.ely2026@gmail.com","false"
"2026-04-28","391.82","","CAVALO","SUSPENSÃO","","PEÇAS","M.BENZ ACTROS 2651S","SCE8F89","CORRETIVO","","LINCE DIESEL PECAS E SERVICOS LTDA","1504","6a19b483dacbf0a981c421f0","2026-05-29T15:45:07.042000","2026-05-29T15:45:07.042000","6a0720445c9dd6ed8a2275ed","grupof8.ely2026@gmail.com","false"
"2026-04-28","220","47931","TRUCK","FUNILARIA E PINTURA","RETROVISOR AUX. LADO ESQUERDO","PEÇAS","M.BENZ ATEGO 2429CE CARROCERIA ALUMINIO","SCP8F89","CORRETIVO","","4E EQUIPAMENTOS PARA CAMINHOES LTDA","337986","6a19b1faf1545610c6e3c37b","2026-05-29T15:34:18.437000","2026-05-29T15:34:18.437000","6a0720445c9dd6ed8a2275ed","grupof8.ely2026@gmail.com","false"
"2026-04-29","1131.89","106110","BAÚ 3/4","ÓLEOS E FILTROS","OC 56661","PEÇAS","M.BENZ ACCELO 1017 CE","SDK8F89","PREVENTIVO","","MADRI LUBRIFICANTES LTDA","15850","6a19b0e62831d292bea32596","2026-05-29T15:29:42.057000","2026-05-29T15:29:42.057000","6a0720445c9dd6ed8a2275ed","grupof8.ely2026@gmail.com","false"
"2026-04-29","565","","STRADAS","BATERIAS","","PEÇAS","FIAT STRADA FREEDOM CD 1.3","SDF7I44","CORRETIVO","","MOURA","352059","6a19b085cb90cbc950fe25ab","2026-05-29T15:28:05.727000","2026-05-29T15:28:05.727000","6a0720445c9dd6ed8a2275ed","grupof8.ely2026@gmail.com","false"
"2026-04-29","53","113364","STRADAS","SUSPENSÃO","","SERVIÇOS","FIAT STRADA ENDURANCE CS 1.4","SCS9D64","CORRETIVO","","CENTRO OESTE DISTRIBUIDORA DE PEÇAS AUTOMOTIVAS LTDA","1235548","6a19b012c0b5094169a4d146","2026-05-29T15:26:10.845000","2026-05-29T15:26:10.845000","6a0720445c9dd6ed8a2275ed","grupof8.ely2026@gmail.com","false"
"2026-04-29","175","113364","STRADAS","SUSPENSÃO","","SERVIÇOS","FIAT STRADA ENDURANCE CS 1.4","SCS9D64","CORRETIVO","","CENTRO OESTE DISTRIBUIDORA DE PEÇAS AUTOMOTIVAS LTDA","1235808","6a19afae1a3d94b9d7feb1c0","2026-05-29T15:24:30.364000","2026-05-29T15:24:30.364000","6a0720445c9dd6ed8a2275ed","grupof8.ely2026@gmail.com","false"
"2026-04-27","588","42709","CESTO AÉREO","HIDRÁULICO","SERVIÇO HIDRAULICO FEITO EM LUZIANIA - GO
AUTOR. POR ALESSANDRO URZEDA","SERVIÇOS","VW 11-180","RET5E47","CORRETIVO","","CIRCUITO HIDRAULICO E PEÇAS E COMPONENTES LTDA","1968","6a1995b161b535d6da1daed4","2026-05-29T13:33:37.253000","2026-05-29T13:33:37.253000","6a0720445c9dd6ed8a2275ed","grupof8.ely2026@gmail.com","false"
"2026-04-27","112","42709","CESTO AÉREO","HIDRÁULICO","SERVIÇO HIDRAULICO ","PEÇAS","VW 11-180","RET5E47","CORRETIVO","","CIRCUITO HIDRAULICO E PEÇAS E COMPONENTES LTDA","3930","6a19954dc5bea841ac4b4a55","2026-05-29T13:31:57.873000","2026-05-29T18:43:09.450000","6a0720445c9dd6ed8a2275ed","grupof8.ely2026@gmail.com","false"
"2026-04-08","2000","102829","AMAROK","HIDRÁULICO","OC 50428 SERVIÇO DA BOMBA DIREÇÃO E RECUPERAÇÃO DO SETOR DE DIREÇÃO EM NOVO GAMA
PED 50399","SERVIÇOS","AMAROK V6","RCN9D48","CORRETIVO","","HIDRAULICA BHD COMERCIO E SERVICOS LTDA","85","6a199420639e6d3c2cbefe15","2026-05-29T13:26:56.352000","2026-05-29T13:26:56.352000","6a0720445c9dd6ed8a2275ed","grupof8.ely2026@gmail.com","false"
"2026-04-29","155.2","347908","CAVALO","SUSPENSÃO","Retentor cubo roda VW/Carg","PEÇAS","DAF XF FTS 480","RCJ1E32","CORRETIVO","","LINCE DIESEL PEÇAS E SERVIÇOS LTDA","1335","6a19925aa22cbfff0a370def","2026-05-29T13:19:22.185000","2026-05-29T13:19:22.185000","6a0720445c9dd6ed8a2275ed","grupof8.ely2026@gmail.com","false"
"2026-04-29","484","80327","CESTO AÉREO","SUSPENSÃO","COXIM CABINE  TRASEIRA VW DELIVERY","PEÇAS","VW 9-170","RBT2A64","CORRETIVO","","LINCE DIESEL PECAS E SERVICOS LTDA","1333","6a1989cf8910d15e51710629","2026-05-29T12:42:55.930000","2026-05-29T12:42:55.930000","6a0720445c9dd6ed8a2275ed","grupof8.ely2026@gmail.com","false"
"2026-04-07","1156","46008","SAVEIROS","COMPRA DE PNEUS","NÃO FOI PASSADO O KM DOS VEICULOS","PNEUS","VW SAVEIRO CS RB MF","TGA8F88","CORRETIVO","https://base44.app/api/apps/6a0720445c9dd6ed8a2275ec/files/mp/public/6a0720445c9dd6ed8a2275ec/e98dcaf38_49866OC.pdf","PNEULÂNDIA COMERCIAL LTDA","84592","6a198202630890d77965241f","2026-05-29T12:09:38.874000","2026-06-16T12:00:53.702000","6a0720445c9dd6ed8a2275ed","grupof8.ely2026@gmail.com","false"
"2026-04-29","705","57287","CESTO AÉREO","FREIOS","COMPRA DE PEÇAS PARA TROCA - SERVIÇO FREIO","PEÇAS","VW 9-170","FIL2E25","CORRETIVO","","LINCE DIESEL PEÇAS E SERVIÇOS LTDA","1334","6a1975d6d9719a4c582db16b","2026-05-29T11:17:42.793000","2026-05-29T11:17:42.793000","6a0720445c9dd6ed8a2275ed","grupof8.ely2026@gmail.com","false"
"2026-04-01","250","","OUTROS","MANUTENÇÃO","DESPESA COM MANUTENÇÃO DA EMPILHADEIRA + TROCA DE CABO","SERVIÇOS","EMPILHADEIRA","0000001","CORRETIVO","","CARLOS PEREIRA GUEDES ","206","6a1973fd9017e96d070e936c","2026-05-29T11:09:49.265000","2026-05-29T11:11:19.223000","6a0720445c9dd6ed8a2275ed","grupof8.ely2026@gmail.com","false"
"2026-04-28","1100","","OUTROS","REVISÃO","REVISÃO DE EMPILHADEIRAS LUBRIFICAÇÃO E LIMPEZA","SERVIÇOS","EMPILHADEIRA","0000001","PREVENTIVO","","ASTEROIDE RENTAL EQUIPAMENTOS E SERVIÇOS LTDA","1498","6a1972783c01358d419e48f6","2026-05-29T11:03:20.540000","2026-05-29T11:03:20.540000","6a0720445c9dd6ed8a2275ed","grupof8.ely2026@gmail.com","false"
"2026-04-15","1030.02","68310","CESTO AÉREO","ÓLEOS E FILTROS","OC 51858 COMPRA DE OLEO E FILTROS","PEÇAS","VW 9-170","EDB0F96","PREVENTIVO","","MADRI LUBRIFICANTES LTDA","15707","6a196fa8718be79676f33a0b","2026-05-29T10:51:20.774000","2026-05-29T10:53:58.814000","6a0720445c9dd6ed8a2275ed","grupof8.ely2026@gmail.com","false"
"2026-04-18","240","68375","CESTO AÉREO","ALINH/BALANC","ALINHAMENTO (120) E BALANCEAMENTO (120) EM DUAS RODAS","SERVIÇOS","VW 9-170","EDB0F96","PREVENTIVO","","PNEUS EXPRESS COMERCIO DE PNEUS LTDA","421","6a196f1e21566d34ee464a8f","2026-05-29T10:49:02.810000","2026-05-29T10:49:02.810000","6a0720445c9dd6ed8a2275ed","grupof8.ely2026@gmail.com","false"
"2026-05-27","4600","128077","CAVALO","COMPRA DE PNEUS","ORDEM DE COMPRA: 58082
PNEU 295/80 22 (GOODYEAR) LADO ESQUERDO 2° EIXO DA TRAÇÃO
MOTIVO: PNEU ESTOUROU EM VIAGEM PARA CIDADE OCIDENTAL","PNEUS","M.BENZ ACTROS 2651S","SCE8F89","CORRETIVO","https://base44.app/api/apps/6a0720445c9dd6ed8a2275ec/files/mp/public/6a0720445c9dd6ed8a2275ec/10863594f_COMPROVANTEREFANF4407.pdf","NORTE SUL COMERCIO E RECAPAGEM DE PNEUS LTDA","4407","6a1820924a3f3af19d89c82e","2026-05-28T11:01:38.320000","2026-05-29T12:21:23.285000","6a0720445c9dd6ed8a2275ed","grupof8.ely2026@gmail.com","false"
"2026-05-06","750","184500","CESTO AÉREO","MOTOR","COMPRA DE PEÇAS PARA REVISÃO (MOTOR) EM VEICULO DA FROTA
TEVE DEVOLUÇÃO DE UMA PEÇA NO VALOR DE 1300,00","PEÇAS","VW 9-170","LTT7F84","CORRETIVO","","AGUILERA AUTOPECAS NORTE LTDA","78770","6a15a303a60965e627b99d13","2026-05-26T13:41:23.722000","2026-05-26T13:43:44.174000","6a0720445c9dd6ed8a2275ed","grupof8.ely2026@gmail.com","false"
"2026-03-31","120","","","CONSERTO","DESPESA COM SERVIÇOS DE BORRACHARIA","PNEUS","","SCE8F89","PREVENTIVO","","PADDOCK TRUCK SERVICOS LTDA","803","6a088457361a770d12821b4c","2026-05-16T14:51:03.052000","2026-05-16T14:51:03.052000","6a0720445c9dd6ed8a2275ed","grupof8.ely2026@gmail.com","false"
"2026-03-31","30","","","CONSERTO","DESPESA COM SERVIÇOS DE BORRACHARIA","PNEUS","","RCJ1E32","PREVENTIVO","","PADDOCK TRUCK SERVICOS LTDA","803","6a088457361a770d12821b4a","2026-05-16T14:51:03.052000","2026-05-16T14:51:03.052000","6a0720445c9dd6ed8a2275ed","grupof8.ely2026@gmail.com","false"
"2026-03-31","120","","","CONSERTO","DESPESA COM SERVIÇOS DE BORRACHARIA","PNEUS","","SCB8F89","PREVENTIVO","","PADDOCK TRUCK SERVICOS LTDA","803","6a088457361a770d12821b4b","2026-05-16T14:51:03.052000","2026-05-16T14:51:03.052000","6a0720445c9dd6ed8a2275ed","grupof8.ely2026@gmail.com","false"
"2026-01-23","405","78357","","RODIZIO","MANUTENÇÃO DE VEICULO","PNEUS","","SCB8F89","PREVENTIVO","","ZILLI COMERCIO DE PNEUS LTDA","135419","6a088457361a770d12821b4d","2026-05-16T14:51:03.052000","2026-05-16T14:51:03.052000","6a0720445c9dd6ed8a2275ed","grupof8.ely2026@gmail.com","false"
"2026-03-31","8544","97758","","COMPRA DE PNEUS","COMPRA DE 6 PNEUS","PNEUS","","SDK8F89","CORRETIVO","","PNEULANDIA COMERCIAL LTDA","196270","6a088457361a770d12821b49","2026-05-16T14:51:03.052000","2026-05-16T14:51:03.052000","6a0720445c9dd6ed8a2275ed","grupof8.ely2026@gmail.com","false"
"2026-04-22","4772","120219","","COMPRA DE PNEUS","COMPRA DE 2 PNEUS","PNEUS","","SCE8F89","CORRETIVO","","PNEULANDIA COMERCIAL LTDA","196896","6a088457361a770d12821b48","2026-05-16T14:51:03.052000","2026-05-16T14:51:03.052000","6a0720445c9dd6ed8a2275ed","grupof8.ely2026@gmail.com","false"
"2026-01-23","1122","52453","","COMPRA DE PNEUS","PNEU","PNEUS","","SDN9A99","CORRETIVO","","PNEULÂNDIA COMERCIAL LTDA","83725","6a088457361a770d12821b41","2026-05-16T14:51:03.051000","2026-05-16T14:51:03.051000","6a0720445c9dd6ed8a2275ed","grupof8.ely2026@gmail.com","false"
"2026-04-16","230","46010","","CONSERTO","ORDEM DE COMPRA 52273","PNEUS","","TGA8F88","PREVENTIVO","","DIEGO FELIPE RIBEIRO","17","6a088457361a770d12821b3d","2026-05-16T14:51:03.051000","2026-05-16T14:51:03.051000","6a0720445c9dd6ed8a2275ed","grupof8.ely2026@gmail.com","false"
"2026-04-07","1156","38622","","COMPRA DE PNEUS","COMPRA DE PNEUS","PNEUS","","TGD8F88","CORRETIVO","","PNEULÂNDIA COMERCIAL LTDA","84592","6a088457361a770d12821b46","2026-05-16T14:51:03.051000","2026-06-16T12:01:06.528000","6a0720445c9dd6ed8a2275ed","grupof8.ely2026@gmail.com","false"
"2026-04-02","228","46578","","VULCANIZAÇÃO","serviço de vulcanização 275/80r22 e reparo com manchão","PNEUS","","SCP8F89","PREVENTIVO","","EXPRESS REFORMA E COMERCIO DE PNEUS LTDA","44416","6a088457361a770d12821b2e","2026-05-16T14:51:03.051000","2026-05-16T14:51:03.051000","6a0720445c9dd6ed8a2275ed","grupof8.ely2026@gmail.com","false"
"2026-03-31","80","","","CONSERTO","SERVIÇO BORRACHARIA","PNEUS","","SCR8F89","PREVENTIVO","","LEANDRO BENEDITO BORGES DE OLIVEIRA","369","6a088457361a770d12821b3c","2026-05-16T14:51:03.051000","2026-05-16T14:51:03.051000","6a0720445c9dd6ed8a2275ed","grupof8.ely2026@gmail.com","false"
"2026-03-25","1068","61925","","COMPRA DE PNEUS","PNEU","PNEUS","","SDN9A99","CORRETIVO","","PNEULÂNDIA COMERCIAL LTDA","84440","6a088457361a770d12821b3f","2026-05-16T14:51:03.051000","2026-05-16T14:51:03.051000","6a0720445c9dd6ed8a2275ed","grupof8.ely2026@gmail.com","false"
"2026-02-26","40","114417","","CONSERTO","DESPESA COM MANUTENÇÃO DE VEICULOS.","PNEUS","","SCE8F89","PREVENTIVO","","ZILLI COMERCIO DE PNEUS LTDA","18932","6a088457361a770d12821b35","2026-05-16T14:51:03.051000","2026-05-16T14:51:03.051000","6a0720445c9dd6ed8a2275ed","grupof8.ely2026@gmail.com","false"
"2026-02-06","60","305572","","RODIZIO","SERVICOS DE RODIZIO DE PNEUS","PNEUS","","RCN5F85","PREVENTIVO","","ZILLI COMERCIO DE PNEUS LTDA","631","6a088457361a770d12821b36","2026-05-16T14:51:03.051000","2026-05-16T14:51:03.051000","6a0720445c9dd6ed8a2275ed","grupof8.ely2026@gmail.com","false"
"2026-02-02","260","","","CONSERTO","SERVIÇO DE BORRACHARIA","PNEUS","","RCJ1E32","PREVENTIVO","","LEANDRO BENEDITO BORGES DE OLIVEIRA","304","6a088457361a770d12821b37","2026-05-16T14:51:03.051000","2026-05-16T14:51:03.051000","6a0720445c9dd6ed8a2275ed","grupof8.ely2026@gmail.com","false"
"2026-03-01","60","","","CONSERTO","DESPESA COM MANUTENÇAO DE VEICULO","PNEUS","","FIL2E25","PREVENTIVO","","PADDOCK TRUCK SERVICOS LTDA","724","6a088457361a770d12821b34","2026-05-16T14:51:03.051000","2026-05-16T14:51:03.051000","6a0720445c9dd6ed8a2275ed","grupof8.ely2026@gmail.com","false"
"2026-01-09","3438","336693","","RECAPAGEM","SERVIÇO DE RECAPAGEM 4 PNEUS","PNEUS","","RCJ1E32","PREVENTIVO","","PNEULANDIA REFORMADORA DE PNEUMATICOS LTDA","882","6a088457361a770d12821b44","2026-05-16T14:51:03.051000","2026-05-16T14:51:03.051000","6a0720445c9dd6ed8a2275ed","grupof8.ely2026@gmail.com","false"
"2026-03-25","130","61925","","CONSERTO","DESPESA COM PNEUS","PNEUS","","SDN9A99","PREVENTIVO","","PNEULÂNDIA COMERCIAL LTDA","1265","6a088457361a770d12821b3a","2026-05-16T14:51:03.051000","2026-05-16T14:51:03.051000","6a0720445c9dd6ed8a2275ed","grupof8.ely2026@gmail.com","false"
"2026-04-01","476","91186","","VULCANIZAÇÃO","DESPESA COM MANUTENÇÃO DE VEICULO.","PNEUS","","SCA8F89","PREVENTIVO","","EXPRESS REFORMA E COMERCIO DE PNEUS LTDA","44371","6a088457361a770d12821b2f","2026-05-16T14:51:03.051000","2026-05-16T14:51:03.051000","6a0720445c9dd6ed8a2275ed","grupof8.ely2026@gmail.com","false"
"2026-02-28","430","91358","","RODIZIO","DESPESA COM MANUTENCAO DE VEICULO","PNEUS","","SDF8F89","PREVENTIVO","","PADDOCK TRUCK SERVICOS LTDA","725","6a088457361a770d12821b32","2026-05-16T14:51:03.051000","2026-05-16T14:51:03.051000","6a0720445c9dd6ed8a2275ed","grupof8.ely2026@gmail.com","false"
"2026-01-23","1122","25279","","COMPRA DE PNEUS","PNEU","PNEUS","","SDB0G19","CORRETIVO","","PNEULÂNDIA COMERCIAL LTDA","83726","6a088457361a770d12821b40","2026-05-16T14:51:03.051000","2026-05-16T14:51:03.051000","6a0720445c9dd6ed8a2275ed","grupof8.ely2026@gmail.com","false"
"2026-01-29","598","417794","","COMPRA DE PNEUS","UP QQB2688 -- KM 417794 RCTE/GO.","PNEUS","","OOB2688","CORRETIVO","","RPS PNEUS E SERVICOS LTDA","43480","6a088457361a770d12821b3e","2026-05-16T14:51:03.051000","2026-05-16T14:51:03.051000","6a0720445c9dd6ed8a2275ed","grupof8.ely2026@gmail.com","false"
"2026-03-02","85","42955","","CONSERTO","MANUTENÇÃO DE VEICULO.","PNEUS","","SCP8F89","PREVENTIVO","","PADDOCK PNEUS TRUCK CENTER LTDA - ME","13693","6a088457361a770d12821b31","2026-05-16T14:51:03.051000","2026-05-16T14:51:03.051000","6a0720445c9dd6ed8a2275ed","grupof8.ely2026@gmail.com","false"
"2026-02-02","120","","CESTO AÉREO","CONSERTO","SERVIÇO DE BORRACHARIA","PNEUS","VW 9-170","FCG0F18","PREVENTIVO","","LEANDRO BENEDITO BORGES DE OLIVEIRA","304","6a088457361a770d12821b38","2026-05-16T14:51:03.051000","2026-07-15T14:36:31.513000","6a0720445c9dd6ed8a2275ed","grupof8.ely2026@gmail.com","false"
"2026-02-28","60","","","CONSERTO","DESPESA COM MANUTENÇAO DE VEICULO","PNEUS","","RCI5J45","PREVENTIVO","","PADDOCK TRUCK SERVICOS LTDA","724","6a088457361a770d12821b33","2026-05-16T14:51:03.051000","2026-05-16T14:51:03.051000","6a0720445c9dd6ed8a2275ed","grupof8.ely2026@gmail.com","false"
"2026-03-27","228","89899","","CONSERTO","DESPESA COM VULCANIZAÇÃO","PNEUS","","SCB8F89","PREVENTIVO","","EXPRESS REFORMA E COMERCIO DE PNEUS LTDA","44324","6a088457361a770d12821b30","2026-05-16T14:51:03.051000","2026-05-16T14:51:03.051000","6a0720445c9dd6ed8a2275ed","grupof8.ely2026@gmail.com","false"
"2026-04-14","150","56100","","CONSERTO","","PNEUS","","TGE8F88","PREVENTIVO","","DIEGO FELIPE RIBEIRO","14","6a088457361a770d12821b2d","2026-05-16T14:51:03.051000","2026-05-16T14:51:03.051000","6a0720445c9dd6ed8a2275ed","grupof8.ely2026@gmail.com","false"
"2026-04-07","1156","56100","SAVEIROS","COMPRA DE PNEUS","COMPRA DE PNEUS","PNEUS","VW SAVEIRO CS RB MF","TGE8F88","CORRETIVO","","PNEULÂNDIA COMERCIAL LTDA","84592","6a088457361a770d12821b45","2026-05-16T14:51:03.051000","2026-06-16T12:00:39.458000","6a0720445c9dd6ed8a2275ed","grupof8.ely2026@gmail.com","false"
"2026-02-02","80","","","CONSERTO","SERVIÇO DE BORRACHARIA","PNEUS","","SCE8F89","PREVENTIVO","","LEANDRO BENEDITO BORGES DE OLIVEIRA","304","6a088457361a770d12821b39","2026-05-16T14:51:03.051000","2026-05-16T14:51:03.051000","6a0720445c9dd6ed8a2275ed","grupof8.ely2026@gmail.com","false"
"2026-01-23","1122","165305","","COMPRA DE PNEUS","PNEU","PNEUS","","SDF7I44","CORRETIVO","","PNEULÂNDIA COMERCIAL LTDA","83721","6a088457361a770d12821b42","2026-05-16T14:51:03.051000","2026-05-16T14:51:03.051000","6a0720445c9dd6ed8a2275ed","grupof8.ely2026@gmail.com","false"
"2026-04-18","1870","68375","","COMPRA DE PNEUS","PNEUS","PNEUS","","EDB0F96","CORRETIVO","","PNEUS EXPRESS COMERCIO DE PNEUS LTDA","6590","6a088457361a770d12821b43","2026-05-16T14:51:03.051000","2026-05-16T14:51:03.051000","6a0720445c9dd6ed8a2275ed","grupof8.ely2026@gmail.com","false"
"2026-03-31","80","","","COMPRA DE PNEUS","ORDEM DE COMPRA 49376 SERVIÇO DE BORRACHARIA EM LUZIANIA (GO)","PNEUS","","SCE8F89","CORRETIVO","","LEANDRO BENEDITO BORGES DE OLIVEIRA","368","6a088457361a770d12821b3b","2026-05-16T14:51:03.051000","2026-05-16T14:51:03.051000","6a0720445c9dd6ed8a2275ed","grupof8.ely2026@gmail.com","false"
"2026-03-11","1070","307831","","ELÉTRICO","OC 47275 SERV ELETRICO","SERVIÇOS","","RCN5F85","CORRETIVO","","REVISA CENTRO AUTOMOTIVOS LTDA","68","6a0883faa834dc7ed8a8a57b","2026-05-16T14:49:30.274000","2026-05-16T14:49:30.274000","6a0720445c9dd6ed8a2275ed","grupof8.ely2026@gmail.com","false"
"2026-02-11","160","84771","","ELÉTRICO","","SERVIÇOS","","SDF8F89","CORRETIVO","","OSMAR MILHOMEM JUNIOR","107","6a0883faa834dc7ed8a8a59c","2026-05-16T14:49:30.274000","2026-05-16T14:49:30.274000","6a0720445c9dd6ed8a2275ed","grupof8.ely2026@gmail.com","false"
"2026-01-12","819.1","333001","","SUSPENSÃO","41522 SERVIÇO RODIZIO DOS PNEUS, ALINHAMENTO, BALANCEAMENTO, TROCA DE LONAS LD TRACAO","SERVIÇOS","","RCJ1E32","CORRETIVO","","PADDOCK TRUCK SERVICOS LTDA","594","6a0883faa834dc7ed8a8a584","2026-05-16T14:49:30.274000","2026-05-16T14:49:30.274000","6a0720445c9dd6ed8a2275ed","grupof8.ely2026@gmail.com","false"
"2026-02-06","250","304435","","ELÉTRICO","","SERVIÇOS","","RCI5J55","CORRETIVO","","JOSEMAR FRANCISCO DE MORAES 81443609153","268","6a0883faa834dc7ed8a8a59e","2026-05-16T14:49:30.274000","2026-05-16T14:49:30.274000","6a0720445c9dd6ed8a2275ed","grupof8.ely2026@gmail.com","false"
"2026-02-13","80","306628","","HIDRÁULICO","43232 SERVIÇO HIDRAULICO","SERVIÇOS","","RCI5J45","CORRETIVO","","CIRCUITO HIDRAULICO E PEÇAS E COMPONENTES LTDA","1847","6a0883faa834dc7ed8a8a586","2026-05-16T14:49:30.274000","2026-05-16T14:49:30.274000","6a0720445c9dd6ed8a2275ed","grupof8.ely2026@gmail.com","false"
"2026-03-14","120","","","ELÉTRICO","","SERVIÇOS","","SDF8F89","CORRETIVO","","57.425.887 DANIEL SANTIAGO DE SOUSA","71","6a0883faa834dc7ed8a8a599","2026-05-16T14:49:30.274000","2026-05-16T14:49:30.274000","6a0720445c9dd6ed8a2275ed","grupof8.ely2026@gmail.com","false"
"2026-03-13","1624.5","344297","","ELÉTRICO","47061 SERVIÇO LUBRIFICAÇÃO, LIMPEZA, TROCA DO CONECTOR DO CHICOTE ELETRICO E FUSIVEL","SERVIÇOS","","RCJ1E32","CORRETIVO","","SOMAFERTIL CAMINHÕES LTDA","40157","6a0883faa834dc7ed8a8a582","2026-05-16T14:49:30.274000","2026-05-16T14:49:30.274000","6a0720445c9dd6ed8a2275ed","grupof8.ely2026@gmail.com","false"
"2026-03-12","120","","","ELÉTRICO","","SERVIÇOS","","SCP8F89","CORRETIVO","","57.425.887 DANIEL SANTIAGO DE SOUSA","71","6a0883faa834dc7ed8a8a597","2026-05-16T14:49:30.274000","2026-05-16T14:49:30.274000","6a0720445c9dd6ed8a2275ed","grupof8.ely2026@gmail.com","false"
"2026-03-20","60","103125","","ELÉTRICO","48656 SERV ELETRICO","SERVIÇOS","","RBX9D43","CORRETIVO","","JOSEMAR FRANCISCO DE MORAES 81443609153","377","6a0883faa834dc7ed8a8a587","2026-05-16T14:49:30.274000","2026-05-16T14:49:30.274000","6a0720445c9dd6ed8a2275ed","grupof8.ely2026@gmail.com","false"
"2026-02-11","150","343665","","ELÉTRICO","","SERVIÇOS","","RCJ1E32","CORRETIVO","","JOSEMAR FRANCISCO DE MORAES 81443609153","274","6a0883faa834dc7ed8a8a59b","2026-05-16T14:49:30.274000","2026-05-16T14:49:30.274000","6a0720445c9dd6ed8a2275ed","grupof8.ely2026@gmail.com","false"
"2026-03-30","570","184275","","HIDRÁULICO","OC 49135 SERV HIDRAULICO","SERVIÇOS","","LTT7F84","CORRETIVO","","HIDRAULICA SERRA DOURADA LTDA ME","157","6a0883faa834dc7ed8a8a58f","2026-05-16T14:49:30.274000","2026-05-16T14:49:30.274000","6a0720445c9dd6ed8a2275ed","grupof8.ely2026@gmail.com","false"
"2026-03-11","120","","","ELÉTRICO","","SERVIÇOS","","SCK8F89","CORRETIVO","","57.425.887 DANIEL SANTIAGO DE SOUSA","71","6a0883faa834dc7ed8a8a596","2026-05-16T14:49:30.274000","2026-05-16T14:49:30.274000","6a0720445c9dd6ed8a2275ed","grupof8.ely2026@gmail.com","false"
"2026-03-03","360","433046","","MOTOR","44921 TROCA DA CORREIA DO ALTERNADOR E TROCA DO RADIADOR","SERVIÇOS","","NKV6598","CORRETIVO","","ALEX DE SOUSA LTDA","48","6a0883faa834dc7ed8a8a58e","2026-05-16T14:49:30.274000","2026-05-16T14:49:30.274000","6a0720445c9dd6ed8a2275ed","grupof8.ely2026@gmail.com","false"
"2026-04-10","250","55993","","HIDRÁULICO","50757 SERV MANGUEIRA HIDRAULICO","SERVIÇOS","","ERG1E95","CORRETIVO","","ULTITECH CROMAGEM HIDRAULICA LTDA","80","6a0883faa834dc7ed8a8a591","2026-05-16T14:49:30.274000","2026-05-16T14:49:30.274000","6a0720445c9dd6ed8a2275ed","grupof8.ely2026@gmail.com","false"
"2026-01-22","320","338115","","SUSPENSÃO","40458 INSTALAÇÃO DA 5º RODA E PROTETOR TECNIL","SERVIÇOS","","RCJ1E32","CORRETIVO","","PADDOCK SERVICOS AUTOMOTIVOS LTDA","387","6a0883faa834dc7ed8a8a583","2026-05-16T14:49:30.274000","2026-05-16T14:49:30.274000","6a0720445c9dd6ed8a2275ed","grupof8.ely2026@gmail.com","false"
"2026-04-06","350","347811","","ELÉTRICO","DESPESA COM DIAGNOSTICO ELETRONICO","SERVIÇOS","","RCJ1E32","CORRETIVO","","JMA SOLUCOES EM DIAGNOSTICOS LTDA","950","6a0883faa834dc7ed8a8a580","2026-05-16T14:49:30.274000","2026-05-16T14:49:30.274000","6a0720445c9dd6ed8a2275ed","grupof8.ely2026@gmail.com","false"
"2026-04-22","325.5","347908","","MOTOR","53167 SERVIÇO DE BOMBA E BICO INJETOR","SERVIÇOS","","RCJ1E32","CORRETIVO","","CENTRO AR REFRIGERACAO AUTOMOTIVA LTDA","1250","6a0883faa834dc7ed8a8a57f","2026-05-16T14:49:30.274000","2026-05-16T14:49:30.274000","6a0720445c9dd6ed8a2275ed","grupof8.ely2026@gmail.com","false"
"2026-01-27","588","305569","","ELÉTRICO","OC 43549 SERV. VALVULA APU E SERV. DIAGNOSTICO","SERVIÇOS","","RCN5F85","CORRETIVO","","LINCE DIESEL PECAS E SERVICOS LTDA","1221","6a0883faa834dc7ed8a8a57d","2026-05-16T14:49:30.274000","2026-05-16T14:49:30.274000","6a0720445c9dd6ed8a2275ed","grupof8.ely2026@gmail.com","false"
"2026-03-15","120","","","ELÉTRICO","","SERVIÇOS","","SDK8F89","CORRETIVO","","57.425.887 DANIEL SANTIAGO DE SOUSA","76","6a0883faa834dc7ed8a8a59a","2026-05-16T14:49:30.274000","2026-05-16T14:49:30.274000","6a0720445c9dd6ed8a2275ed","grupof8.ely2026@gmail.com","false"
"2026-04-22","1800","419474","","FUNILARIA E PINTURA","PINTURA DE PARACHOQUE DIANTEIRO. CAPO PARALAMA ESQUERDO, LANTERNAGEM DO PARALAMA","SERVIÇOS","","OOB2688","CORRETIVO","","MAGNALDO PEREIRA DE SOUZA","9","6a0883faa834dc7ed8a8a58a","2026-05-16T14:49:30.274000","2026-05-16T14:49:30.274000","6a0720445c9dd6ed8a2275ed","grupof8.ely2026@gmail.com","false"
"2026-03-04","90","434387","","ELÉTRICO","45083 TROCA DO CABO POSITIVO DA BATERIA DA SAVEIRO","SERVIÇOS","","NKV6598","CORRETIVO","","JOSEMAR FRANCISCO DE MORAES 81443609153","324","6a0883faa834dc7ed8a8a58c","2026-05-16T14:49:30.274000","2026-05-16T14:49:30.274000","6a0720445c9dd6ed8a2275ed","grupof8.ely2026@gmail.com","false"
"2026-04-10","700","55993","","FREIOS","50761 REPARO DO DIAFRAGMA E TROCA DAS MOLAS DA CUICA SISTEMA DE FREIO","SERVIÇOS","","ERG1E95","CORRETIVO","","49.932.096 ANTONIEL MUNIZ DE JESUS","185","6a0883faa834dc7ed8a8a590","2026-05-16T14:49:30.274000","2026-05-16T14:49:30.274000","6a0720445c9dd6ed8a2275ed","grupof8.ely2026@gmail.com","false"
"2026-01-30","300","164599","","ALINH/BALANC","43359 + RODIZIO","SERVIÇOS","","RBL4H34","PREVENTIVO","","ZILLI COMERCIO DE PNEUS LTDA","135699","6a0883faa834dc7ed8a8a589","2026-05-16T14:49:30.274000","2026-05-16T14:49:30.274000","6a0720445c9dd6ed8a2275ed","grupof8.ely2026@gmail.com","false"
"2026-03-31","800","11111","","MOTOR","49573 REGULAGEM DA VALVULA","SERVIÇOS","","RCJ1E32","CORRETIVO","","LINCE DIESEL PECAS E SERVICOS LTDA","1422","6a0883faa834dc7ed8a8a581","2026-05-16T14:49:30.274000","2026-05-16T14:49:30.274000","6a0720445c9dd6ed8a2275ed","grupof8.ely2026@gmail.com","false"
"2026-03-16","400","184274","","ELÉTRICO","","SERVIÇOS","","LTT7F84","CORRETIVO","","59.685.759 PEDRO HENRIQUE DIAS CARVALHO","44","6a0883faa834dc7ed8a8a594","2026-05-16T14:49:30.274000","2026-05-16T14:49:30.274000","6a0720445c9dd6ed8a2275ed","grupof8.ely2026@gmail.com","false"
"2026-02-06","200","164619","","FREIOS","42632 TROCA DE DISCO DO FREIO E PASTILHA","SERVIÇOS","","RBL4H34","CORRETIVO","","ALEX DE SOUSA LTDA","38","6a0883faa834dc7ed8a8a588","2026-05-16T14:49:30.274000","2026-05-16T14:49:30.274000","6a0720445c9dd6ed8a2275ed","grupof8.ely2026@gmail.com","false"
"2026-03-13","120","","","ELÉTRICO","","SERVIÇOS","","SDN8F89","CORRETIVO","","57.425.887 DANIEL SANTIAGO DE SOUSA","71","6a0883faa834dc7ed8a8a598","2026-05-16T14:49:30.274000","2026-05-16T14:49:30.274000","6a0720445c9dd6ed8a2275ed","grupof8.ely2026@gmail.com","false"
"2026-01-14","735","305333","","SUSPENSÃO","SERVIÇO RODA DIANTEIRA / TRASEIRA","SERVIÇOS","","RCI5J55","CORRETIVO","","LINCE DIESEL PECAS E SERVICOS LTDA","1173","6a0883faa834dc7ed8a8a585","2026-05-16T14:49:30.274000","2026-05-16T14:49:30.274000","6a0720445c9dd6ed8a2275ed","grupof8.ely2026@gmail.com","false"
"2026-01-08","675","65163","","HIDRÁULICO","41291 SERV HIDRAULICO","SERVIÇOS","","EDB0F96","CORRETIVO","","JA EQUIPAMENTOS INDUSTRIAIS LTDA","5","6a0883faa834dc7ed8a8a593","2026-05-16T14:49:30.274000","2026-05-16T14:49:30.274000","6a0720445c9dd6ed8a2275ed","grupof8.ely2026@gmail.com","false"
"2026-01-27","505","63703","","ELÉTRICO","","SERVIÇOS","","SCN8F89","CORRETIVO","","PADDOCK TRUCK ACESSORIOS E SERVIÇOS LTDA","5512","6a0883faa834dc7ed8a8a59f","2026-05-16T14:49:30.274000","2026-05-16T14:49:30.274000","6a0720445c9dd6ed8a2275ed","grupof8.ely2026@gmail.com","false"
"2026-04-30","780","347908","","MOTOR","53869 SERVIÇO DE BOMBA E BICO INJETOR","SERVIÇOS","","RCJ1E32","CORRETIVO","","PROJECAO DIESEL MANUTENCAO E COMERCIO LTDA","207","6a0883faa834dc7ed8a8a57e","2026-05-16T14:49:30.274000","2026-05-16T14:49:30.274000","6a0720445c9dd6ed8a2275ed","grupof8.ely2026@gmail.com","false"
"2026-03-10","120","","","ELÉTRICO","","SERVIÇOS","","SCA8F89","CORRETIVO","","57.425.887 DANIEL SANTIAGO DE SOUSA","71","6a0883faa834dc7ed8a8a595","2026-05-16T14:49:30.274000","2026-05-16T14:49:30.274000","6a0720445c9dd6ed8a2275ed","grupof8.ely2026@gmail.com","false"
"2026-01-29","170","417794","","ALINH/BALANC","43071 + MONTAGEM PNEU","SERVIÇOS","","OOB2688","PREVENTIVO","","RPS PNEUS E SERVICOS LTDA","923","6a0883faa834dc7ed8a8a58b","2026-05-16T14:49:30.274000","2026-05-16T14:49:30.274000","6a0720445c9dd6ed8a2275ed","grupof8.ely2026@gmail.com","false"
"2026-02-10","350","305569","","ELÉTRICO","","SERVIÇOS","","RCN5F85","CORRETIVO","","BRANCO DIESEL PECAS E SERVICOS LTDA","417","6a0883faa834dc7ed8a8a59d","2026-05-16T14:49:30.274000","2026-05-16T14:49:30.274000","6a0720445c9dd6ed8a2275ed","grupof8.ely2026@gmail.com","false"
"2026-04-15","593","103159","","HIDRÁULICO","TROCA DE CONEXÕES E AJUSTE DE PRESSÃO HIDRAULICA NO EQUIPAMENTO APRESENTOU VAZAMENTOS","SERVIÇOS","","RBX9D43","CORRETIVO","","JA EQUIPAMENTOS INDUSTRIAIS LTDA","33","6a0883faa834dc7ed8a8a5a0","2026-05-16T14:49:30.274000","2026-05-16T14:49:30.274000","6a0720445c9dd6ed8a2275ed","grupof8.ely2026@gmail.com","false"
"2026-03-06","5700","307300","","AR CONDICIONADO","OC 45924 RETIFICA DO COMPRESSOR DE AR","SERVIÇOS","","RCN5F85","CORRETIVO","","HIDRACOM COMPONENTES AUTOMOTIVOS LTDA","280","6a0883faa834dc7ed8a8a57c","2026-05-16T14:49:30.274000","2026-05-16T14:49:30.274000","6a0720445c9dd6ed8a2275ed","grupof8.ely2026@gmail.com","false"
"2026-03-03","80","432889","","FREIOS","44925 TROCA DE PASTILHA DE FREIO DIANT","SERVIÇOS","","NKV6598","CORRETIVO","","ALEX DE SOUSA LTDA","50","6a0883faa834dc7ed8a8a58d","2026-05-16T14:49:30.274000","2026-05-16T14:49:30.274000","6a0720445c9dd6ed8a2275ed","grupof8.ely2026@gmail.com","false"
"2026-01-27","430","50805","","ELÉTRICO","41783 REVISAO ELETRICA","SERVIÇOS","","ERG1E95","CORRETIVO","","PADDOCK TRUCK SERVICOS LTDA","642","6a0883faa834dc7ed8a8a592","2026-05-16T14:49:30.274000","2026-05-16T14:49:30.274000","6a0720445c9dd6ed8a2275ed","grupof8.ely2026@gmail.com","false"
"2026-03-27","230","","","ELÉTRICO","","SERVIÇOS","","SCB8F89","CORRETIVO","","57.425.887 DANIEL SANTIAGO DE SOUSA","74","6a0883faa834dc7ed8a8a55b","2026-05-16T14:49:30.273000","2026-05-16T14:49:30.273000","6a0720445c9dd6ed8a2275ed","grupof8.ely2026@gmail.com","false"
"2026-03-03","80","26407","","FREIOS","OC 44917 TROCA DE PASTILHA DIANTEIRA","SERVIÇOS","","SDB0G19","CORRETIVO","","ALEX DE SOUSA LTDA","49","6a0883faa834dc7ed8a8a571","2026-05-16T14:49:30.273000","2026-05-16T14:49:30.273000","6a0720445c9dd6ed8a2275ed","grupof8.ely2026@gmail.com","false"
"2026-03-27","180","","","ELÉTRICO","","SERVIÇOS","","SCN8F89","CORRETIVO","","57.425.887 DANIEL SANTIAGO DE SOUSA","74","6a0883faa834dc7ed8a8a55c","2026-05-16T14:49:30.273000","2026-05-16T14:49:30.273000","6a0720445c9dd6ed8a2275ed","grupof8.ely2026@gmail.com","false"
"2026-04-01","4000","","","FUNILARIA E PINTURA","OC 48781 TROCA DO TETO DO BAU (VAZAMENTO)","SERVIÇOS","","SDF8F89","CORRETIVO","","22131556 ABRAAO MENDES DE SOUSA","15","6a0883faa834dc7ed8a8a56d","2026-05-16T14:49:30.273000","2026-05-16T14:49:30.273000","6a0720445c9dd6ed8a2275ed","grupof8.ely2026@gmail.com","false"
"2026-03-20","324.9","59914","","REVISÃO","SERVIÇO DE REVISÃO DO VEICULO SDN9A99 - MODELO STRADA ENDURANCE CS 1.3 FLEX KM 59914","SERVIÇOS","","SDN9A99","PREVENTIVO","","BELCAR AUTOMOVEIS LTDA","3880","6a0883faa834dc7ed8a8a568","2026-05-16T14:49:30.273000","2026-05-16T14:49:30.273000","6a0720445c9dd6ed8a2275ed","grupof8.ely2026@gmail.com","false"
"2026-02-09","735.14","39852","","TROCA DE OLEO","DESPESA COM MANUTENCAO DE VEICULO","SERVIÇOS","","TGE8F88","PREVENTIVO","","SAGA SOCIEDADE ANONIMA GOIAS DE AUTOMOVEIS","6190","6a0883faa834dc7ed8a8a562","2026-05-16T14:49:30.273000","2026-05-16T14:49:30.273000","6a0720445c9dd6ed8a2275ed","grupof8.ely2026@gmail.com","false"
"2026-03-20","2000","308087","","HIDRÁULICO","MODULO VALVULA APM / BOMBA HIDRAULICA","SERVIÇOS","","RCN5F85","CORRETIVO","","HIDRACOM SERVICE LTDA","537","6a0883faa834dc7ed8a8a579","2026-05-16T14:49:30.273000","2026-05-16T14:49:30.273000","6a0720445c9dd6ed8a2275ed","grupof8.ely2026@gmail.com","false"
"2026-02-05","300","78554","","ELÉTRICO","OC 42203 SERV ELETRICO","SERVIÇOS","","SCB8F89","CORRETIVO","","57.425.887 DANIEL SANTIAGO DE SOUSA","64","6a0883faa834dc7ed8a8a577","2026-05-16T14:49:30.273000","2026-05-16T14:49:30.273000","6a0720445c9dd6ed8a2275ed","grupof8.ely2026@gmail.com","false"
"2026-03-23","282","49704","","TROCA DE OLEO","OC 48172 TROCA DE OLEO E FILTROS COMPLETOS","SERVIÇOS","","TGE8F88","PREVENTIVO","","BELCAR VEICULOS LTDA","11227","6a0883faa834dc7ed8a8a561","2026-05-16T14:49:30.273000","2026-05-16T14:49:30.273000","6a0720445c9dd6ed8a2275ed","grupof8.ely2026@gmail.com","false"
"2026-01-23","130","25279","","ALINH/BALANC","OC 43019","SERVIÇOS","","SDB0G19","PREVENTIVO","","PNEULÂNDIA COMERCIAL LTDA","823","6a0883faa834dc7ed8a8a572","2026-05-16T14:49:30.273000","2026-05-16T14:49:30.273000","6a0720445c9dd6ed8a2275ed","grupof8.ely2026@gmail.com","false"
"2026-03-13","463.7","39812","","TROCA DE OLEO","OC 46509","SERVIÇOS","","TGA8F88","PREVENTIVO","","SAGA SOCIEDADE ANONIMA GOIAS DE AUTOMOVEIS","7629","6a0883faa834dc7ed8a8a567","2026-05-16T14:49:30.273000","2026-05-16T14:49:30.273000","6a0720445c9dd6ed8a2275ed","grupof8.ely2026@gmail.com","false"
"2026-03-13","200","117487","","ALINH/BALANC","46836","SERVIÇOS","","SCR8F89","PREVENTIVO","","REAL FREIOS PECAS PARA VEICULOS SERVICOS E TRANSPORTES LTDA EPP","7675","6a0883faa834dc7ed8a8a573","2026-05-16T14:49:30.273000","2026-05-16T14:49:30.273000","6a0720445c9dd6ed8a2275ed","grupof8.ely2026@gmail.com","false"
"2026-01-06","2000","37570","","FUNILARIA E PINTURA","OC 39951 SERVIÇO DE FABRICAÇÃO DA TAMPA LATERAL LADO DIREITO DO CARROCERIA","SERVIÇOS","","SCP8F89","CORRETIVO","","RODABEM IMPLEMENTOS E MAQUINAS LTDA","35","6a0883faa834dc7ed8a8a576","2026-05-16T14:49:30.273000","2026-05-16T14:49:30.273000","6a0720445c9dd6ed8a2275ed","grupof8.ely2026@gmail.com","false"
"2026-01-14","2500","84495","","MOTOR","OC 41309 SERV. TROCA SENSOR TEMPER. DO CATALIZADOR SERVIÇ DIAGNOS - COMPLETO","SERVIÇOS","","SDF8F89","CORRETIVO","","TECAR CAMINHOES E SERVICOS LTDA","49744","6a0883faa834dc7ed8a8a56f","2026-05-16T14:49:30.273000","2026-05-16T14:49:30.273000","6a0720445c9dd6ed8a2275ed","grupof8.ely2026@gmail.com","false"
"2026-03-26","167.4","94516","","AR CONDICIONADO","OC 49188 SERVIÇO NO ARCONDICIONADO COMPLETO","SERVIÇOS","","SDF8F89","CORRETIVO","","CENTRO AR REFRIGERACAO AUTOMOTIVA LTDA","1100","6a0883faa834dc7ed8a8a56e","2026-05-16T14:49:30.273000","2026-05-16T14:49:30.273000","6a0720445c9dd6ed8a2275ed","grupof8.ely2026@gmail.com","false"
"2026-01-15","359.1","50434","","TROCA DE OLEO","OC 41900","SERVIÇOS","","SDN9A99","PREVENTIVO","","BELCAR AUTOMOVEIS LTDA","2190","6a0883faa834dc7ed8a8a56b","2026-05-16T14:49:30.273000","2026-05-16T14:49:30.273000","6a0720445c9dd6ed8a2275ed","grupof8.ely2026@gmail.com","false"
"2026-03-18","612","307831","","ELÉTRICO","OC 47038 SERV. DE PROGRAMAÇÃO DE MODULO APU","SERVIÇOS","","RCN5F85","CORRETIVO","","SOMAFERTIL CAMINHÕES LTDA","40226","6a0883faa834dc7ed8a8a57a","2026-05-16T14:49:30.273000","2026-05-16T14:49:30.274000","6a0720445c9dd6ed8a2275ed","grupof8.ely2026@gmail.com","false"
"2026-01-12","400","","","SUSPENSÃO","OC 41526 SERV. DE TROCA CATRACA 2EIXO LE SERV. DE CT. AUTOMATICA 28 ESTRIA","SERVIÇOS","","RAE7F23","CORRETIVO","","PADDOCK TRUCK SERVICOS LTDA","595","6a0883faa834dc7ed8a8a560","2026-05-16T14:49:30.273000","2026-05-16T14:49:30.273000","6a0720445c9dd6ed8a2275ed","grupof8.ely2026@gmail.com","false"
"2026-02-06","80","52024","","FREIOS","OC 42627 TROCA DE PASTILHA DE FREIO","SERVIÇOS","","SDN9A99","CORRETIVO","","ALEX DE SOUSA LTDA","39","6a0883faa834dc7ed8a8a569","2026-05-16T14:49:30.273000","2026-05-16T14:49:30.273000","6a0720445c9dd6ed8a2275ed","grupof8.ely2026@gmail.com","false"
"2026-03-27","170","","","ELÉTRICO","MANUTENÇÃO DE VEICULO","SERVIÇOS","","ONP5G56","CORRETIVO","","57.425.887 DANIEL SANTIAGO DE SOUSA","74","6a0883faa834dc7ed8a8a55a","2026-05-16T14:49:30.273000","2026-05-16T14:49:30.273000","6a0720445c9dd6ed8a2275ed","grupof8.ely2026@gmail.com","false"
"2026-03-23","160","","","FREIOS","OC 47818 TAMBOR DE FREIO E SAPATA DE FREIO","SERVIÇOS","","SDF7I44","CORRETIVO","","REVISA CENTRO AUTOMOTIVOS LTDA","72","6a0883faa834dc7ed8a8a55e","2026-05-16T14:49:30.273000","2026-05-16T14:49:30.273000","6a0720445c9dd6ed8a2275ed","grupof8.ely2026@gmail.com","false"
"2026-01-23","130","52453","","ALINH/BALANC","OC 42766","SERVIÇOS","","SDN9A99","PREVENTIVO","","PNEULÂNDIA COMERCIAL LTDA","822","6a0883faa834dc7ed8a8a56a","2026-05-16T14:49:30.273000","2026-05-16T14:49:30.273000","6a0720445c9dd6ed8a2275ed","grupof8.ely2026@gmail.com","false"
"2026-01-29","291.95","30362","","TROCA DE OLEO","OC 43422 TROCA DE OLEO E FILTROS","SERVIÇOS","","TGB8F88","PREVENTIVO","","SAGA SOCIEDADE ANONIMA GOIAS DE AUTOMOVEIS","5558","6a0883faa834dc7ed8a8a566","2026-05-16T14:49:30.273000","2026-05-16T14:49:30.273000","6a0720445c9dd6ed8a2275ed","grupof8.ely2026@gmail.com","false"
"2026-01-27","588","81166","","FREIOS","OC 43552 SERVIÇO DE FREIO, RODAS DIANTEIRA E TRASEIRA","SERVIÇOS","","SCA8F89","CORRETIVO","","LINCE DIESEL PECAS E SERVICOS LTDA","1222","6a0883faa834dc7ed8a8a578","2026-05-16T14:49:30.273000","2026-05-16T14:49:30.273000","6a0720445c9dd6ed8a2275ed","grupof8.ely2026@gmail.com","false"
"2026-03-13","1670","307831","","ELÉTRICO","OC 46874 TROCAR SENSOR ABS DE 2 RODAS REMOVER E INSTALAR COMPRESSOR DE AR","SERVIÇOS","","RCN5F85","CORRETIVO","","BRANCO DIESEL PECAS E SERVICOS LTDA","504","6a0883faa834dc7ed8a8a55f","2026-05-16T14:49:30.273000","2026-05-16T14:49:30.273000","6a0720445c9dd6ed8a2275ed","grupof8.ely2026@gmail.com","false"
"2026-02-10","319.5","29998","","TROCA DE OLEO","DESPESA COM MANUTENCAO DE VEICULO","SERVIÇOS","","TGD8F88","PREVENTIVO","","SAGA SOCIEDADE ANONIMA GOIAS DE AUTOMOVEIS","6243","6a0883faa834dc7ed8a8a563","2026-05-16T14:49:30.273000","2026-05-16T14:49:30.273000","6a0720445c9dd6ed8a2275ed","grupof8.ely2026@gmail.com","false"
"2026-03-27","270","","","ELÉTRICO","","SERVIÇOS","","SCE8F89","CORRETIVO","","57.425.887 DANIEL SANTIAGO DE SOUSA","74","6a0883faa834dc7ed8a8a55d","2026-05-16T14:49:30.273000","2026-05-16T14:49:30.273000","6a0720445c9dd6ed8a2275ed","grupof8.ely2026@gmail.com","false"
"2026-04-08","80","94336","","AR CONDICIONADO","SERVIÇO FOI REALIZADO CEBOLÃO PARA ARRUMAR O CLIMATIZADOR DO BAUZINHO","SERVIÇOS","","SDF8F89","CORRETIVO","","EQUIPADORA CEBOLAO","470","6a0883faa834dc7ed8a8a56c","2026-05-16T14:49:30.273000","2026-05-16T14:49:30.273000","6a0720445c9dd6ed8a2275ed","grupof8.ely2026@gmail.com","false"
"2026-02-10","480","111945","","FREIOS","OC 44093 REVISÃO DOS FREIOS","SERVIÇOS","","SCR8F89","CORRETIVO","","PADDOCK SERVICOS AUTOMOTIVOS LTDA","463","6a0883faa834dc7ed8a8a574","2026-05-16T14:49:30.273000","2026-05-16T14:49:30.273000","6a0720445c9dd6ed8a2275ed","grupof8.ely2026@gmail.com","false"
"2026-03-21","557.6","39947","","TROCA DE OLEO","OC 48837 TROCA DE OLEO E FILTROS","SERVIÇOS","","TGB8F88","PREVENTIVO","","BELCAR VEICULOS LTDA","11175","6a0883faa834dc7ed8a8a565","2026-05-16T14:49:30.273000","2026-05-16T14:49:30.273000","6a0720445c9dd6ed8a2275ed","grupof8.ely2026@gmail.com","false"
"2026-01-23","130","165305","","SUSPENSÃO","OC 43024 SERVIÇOS PNEUS DIANTEIROS","SERVIÇOS","","SDF7I44","CORRETIVO","","PNEULÂNDIA COMERCIAL LTDA","820","6a0883faa834dc7ed8a8a570","2026-05-16T14:49:30.273000","2026-05-16T14:49:30.273000","6a0720445c9dd6ed8a2275ed","grupof8.ely2026@gmail.com","false"
"2026-04-08","230","44053","","ALINH/BALANC","OC 51940 ALINHAMENTO E BALANCEAMENTO","SERVIÇOS","","TGB8F88","PREVENTIVO","","ZILLI COMERCIO DE PNEUS LTDA","138312","6a0883faa834dc7ed8a8a564","2026-05-16T14:49:30.273000","2026-05-16T14:49:30.273000","6a0720445c9dd6ed8a2275ed","grupof8.ely2026@gmail.com","false"
"2026-01-12","180","104925","","SUSPENSÃO","OC 41528 SERVIÇO FEIXE DE MOLA 3º EIXO","SERVIÇOS","","SCR8F89","CORRETIVO","","PADDOCK TRUCK ACESSORIOS E SERVIÇOS LTDA","5480","6a0883faa834dc7ed8a8a575","2026-05-16T14:49:30.273000","2026-05-16T14:49:30.273000","6a0720445c9dd6ed8a2275ed","grupof8.ely2026@gmail.com","false"
"2026-03-31","7450","120000","","SIST. PNEUMÁTICO","OC 49671 PEÇA VALVULA APU","PEÇAS","","SCE8F89","CORRETIVO","","TECAR CAMINHOES E SERVICOS LTDA","137743","6a08832a9852eb89eb86f838","2026-05-16T14:46:02.113000","2026-05-16T14:46:02.113000","6a0720445c9dd6ed8a2275ed","grupof8.ely2026@gmail.com","false"
"2026-03-06","153.11","","","ELÉTRICO","MODULO DE CARGA BIVOLT C/SAIDA FIOS SINA5000003060 MODULO DE CARGA","PEÇAS","","SDN8F89","CORRETIVO","","CENTRO OESTE DISTRIBUIDORA DE PEÇAS AUTOMOTIVAS LTDA","1211359","6a08832a9852eb89eb86f820","2026-05-16T14:46:02.113000","2026-05-16T14:46:02.113000","6a0720445c9dd6ed8a2275ed","grupof8.ely2026@gmail.com","false"
"2026-03-23","474.27","49704","","ÓLEO E FILTROS","TROCA DE OLEO E FILTROS","PEÇAS","","TGE8F88","PREVENTIVO","","BELCAR VEICULOS LTDA","167982","6a08832a9852eb89eb86f833","2026-05-16T14:46:02.113000","2026-05-16T14:46:02.113000","6a0720445c9dd6ed8a2275ed","grupof8.ely2026@gmail.com","false"
"2026-03-13","1380","307831","","FREIOS","REPARO E SENSOR DE FREIO","PEÇAS","","RCN5F85","CORRETIVO","","BRANCO DIESEL PECAS E SERVICOS LTDA","9780","6a08832a9852eb89eb86f82c","2026-05-16T14:46:02.113000","2026-05-16T14:46:02.113000","6a0720445c9dd6ed8a2275ed","grupof8.ely2026@gmail.com","false"
"2026-03-20","163","103125","","ELÉTRICO","TROCA DE INTERRUPTOR DE TRANSF. CONECTOR 2 VIAS","PEÇAS","","RBX9D43","CORRETIVO","","JOSEMAR FRANCISCO DE MORAES 81443609153","7118","6a08832a9852eb89eb86f831","2026-05-16T14:46:02.113000","2026-05-16T14:46:02.113000","6a0720445c9dd6ed8a2275ed","grupof8.ely2026@gmail.com","false"
"2026-03-04","342.03","399768","","EMBREAGEM","KIT EMBREAGEM","PEÇAS","","ONP5G56","CORRETIVO","","CENTRO OESTE DISTRIBUIDORA DE PEÇAS AUTOMOTIVAS LTDA","1210026","6a08832a9852eb89eb86f81c","2026-05-16T14:46:02.113000","2026-05-16T14:46:02.113000","6a0720445c9dd6ed8a2275ed","grupof8.ely2026@gmail.com","false"
"2026-03-06","153.11","","","ELÉTRICO","MODULO DE CARGA BIVOLT C/SAIDA FIOS SINA5000003060 MODULO DE CARGA","PEÇAS","","SCK8F89","CORRETIVO","","CENTRO OESTE DISTRIBUIDORA DE PEÇAS AUTOMOTIVAS LTDA","1211359","6a08832a9852eb89eb86f81e","2026-05-16T14:46:02.113000","2026-05-16T14:46:02.113000","6a0720445c9dd6ed8a2275ed","grupof8.ely2026@gmail.com","false"
"2026-03-11","150","399768","","MOTOR","COLA E JUNTA DA TAMPA DE VALVULA","PEÇAS","","ONP5G56","CORRETIVO","","REVISA CENTRO AUTOMOTIVOS LTDA","2134","6a08832a9852eb89eb86f828","2026-05-16T14:46:02.113000","2026-05-16T14:46:02.113000","6a0720445c9dd6ed8a2275ed","grupof8.ely2026@gmail.com","false"
"2026-03-09","215","434445","","ÓLEO E FILTROS","TROCA DE OLEO E FILTROS","PEÇAS","","NKV6598","PREVENTIVO","","MADRI LUBRIFICANTES LTDA","15201","6a08832a9852eb89eb86f825","2026-05-16T14:46:02.113000","2026-05-16T14:46:02.113000","6a0720445c9dd6ed8a2275ed","grupof8.ely2026@gmail.com","false"
"2026-03-06","153.11","","","ELÉTRICO","MODULO DE CARGA BIVOLT C/SAIDA FIOS SINA5000003060 MODULO DE CARGA","PEÇAS","","SCP8F89","CORRETIVO","","CENTRO OESTE DISTRIBUIDORA DE PEÇAS AUTOMOTIVAS LTDA","1211359","6a08832a9852eb89eb86f822","2026-05-16T14:46:02.113000","2026-05-16T14:46:02.113000","6a0720445c9dd6ed8a2275ed","grupof8.ely2026@gmail.com","false"
"2026-03-16","253.36","184274","","ELÉTRICO","OC 46765 - PEÇAS PARA CONSERTO DE UM CURTO NA FIAÇÃO DOS VIDROS ELET.","PEÇAS","","LTT7F84","CORRETIVO","","59.685.759 PEDRO HENRIQUE DIAS CARVALHO","49","6a08832a9852eb89eb86f82f","2026-05-16T14:46:02.113000","2026-05-16T14:46:02.113000","6a0720445c9dd6ed8a2275ed","grupof8.ely2026@gmail.com","false"
"2026-03-06","153.11","","","ELÉTRICO","MODULO DE CARGA BIVOLT C/SAIDA FIOS SINA5000003060 MODULO DE CARGA","PEÇAS","","SDK8F89","CORRETIVO","","CENTRO OESTE DISTRIBUIDORA DE PEÇAS AUTOMOTIVAS LTDA","1211359","6a08832a9852eb89eb86f821","2026-05-16T14:46:02.113000","2026-05-16T14:46:02.113000","6a0720445c9dd6ed8a2275ed","grupof8.ely2026@gmail.com","false"
"2026-04-10","430","45870","","VIDROS","QUEBROU PARABRISA DIANTEIRO OC 50534","PEÇAS","","TGA8F88","CORRETIVO","","STOCK-AUTO VIDROS E PEÇAS LTDA-ME","190671","6a08832a9852eb89eb86f83c","2026-05-16T14:46:02.113000","2026-05-16T14:46:02.113000","6a0720445c9dd6ed8a2275ed","grupof8.ely2026@gmail.com","false"
"2026-03-06","153.11","","","ELÉTRICO","MODULO DE CARGA BIVOLT C/SAIDA FIOS SINA5000003060 MODULO DE CARGA","PEÇAS","","SCA8F89","CORRETIVO","","CENTRO OESTE DISTRIBUIDORA DE PEÇAS AUTOMOTIVAS LTDA","1211359","6a08832a9852eb89eb86f823","2026-05-16T14:46:02.113000","2026-05-16T14:46:02.113000","6a0720445c9dd6ed8a2275ed","grupof8.ely2026@gmail.com","false"
"2026-03-14","1431.63","307831","","ELÉTRICO","CHICOTE ELETRICO","PEÇAS","","RCN5F85","CORRETIVO","","SOMAFERTIL CAMINHÕES LTDA","82635","6a08832a9852eb89eb86f82e","2026-05-16T14:46:02.113000","2026-05-16T14:46:02.113000","6a0720445c9dd6ed8a2275ed","grupof8.ely2026@gmail.com","false"
"2026-03-10","325","307300","","SIST. PNEUMÁTICO","OC 47075 TUBO CONEXÃO PARA COMPRENSOR DE AR","PEÇAS","","RCN5F85","CORRETIVO","","SOMAFERTIL CAMINHÕES LTDA","82462","6a08832a9852eb89eb86f826","2026-05-16T14:46:02.113000","2026-05-16T14:46:02.113000","6a0720445c9dd6ed8a2275ed","grupof8.ely2026@gmail.com","false"
"2026-04-14","460","","","VIDROS","OC 50549 PARABRISA QUEBRADO NO BRILHA GOIANIA","PEÇAS","","SDB0G19","CORRETIVO","","LL COMERCIO DE VIDROS AUTOMOTIVOS LTDA","19549","6a08832a9852eb89eb86f83d","2026-05-16T14:46:02.113000","2026-05-16T14:46:02.113000","6a0720445c9dd6ed8a2275ed","grupof8.ely2026@gmail.com","false"
"2026-04-10","245","55993","","HIDRAULICO","OC 50757 MANGUEIRA HIDRAULICA","PEÇAS","","ERG1E95","CORRETIVO","","ULTITECH CROMAGEM HIDRAULICA LTDA","243","6a08832a9852eb89eb86f83b","2026-05-16T14:46:02.113000","2026-05-16T14:46:02.113000","6a0720445c9dd6ed8a2275ed","grupof8.ely2026@gmail.com","false"
"2026-04-30","5459.99","347908","","MOTOR","OC 53869 SERV. BOMBA E BICO INJETOR","PEÇAS","","RCJ1E32","CORRETIVO","","PROJECAO DIESEL MANUTENCAO E COMERCIO LTDA","2181","6a08832a9852eb89eb86f842","2026-05-16T14:46:02.113000","2026-05-16T14:46:02.113000","6a0720445c9dd6ed8a2275ed","grupof8.ely2026@gmail.com","false"
"2026-04-01","120","400579","","AR CONDICIONADO","OC 51306 TROCA DA RESISTENCIA DA CAIXA DO AR CONDICIONADO","PEÇAS","","ONP5G56","CORRETIVO","","CLEYTON RODRIGUES DA SILVA","2351","6a08832a9852eb89eb86f839","2026-05-16T14:46:02.113000","2026-05-16T14:46:02.113000","6a0720445c9dd6ed8a2275ed","grupof8.ely2026@gmail.com","false"
"2026-03-23","549","172646","","FREIOS","TAMBOR DE FREIO E SAPATA DE FREIO","PEÇAS","","SDF7I44","CORRETIVO","","REVISA CENTRO AUTOMOTIVOS LTDA","2142","6a08832a9852eb89eb86f834","2026-05-16T14:46:02.113000","2026-05-16T14:46:02.113000","6a0720445c9dd6ed8a2275ed","grupof8.ely2026@gmail.com","false"
"2026-03-06","153.11","","","ELÉTRICO","MODULO DE CARGA BIVOLT C/SAIDA FIOS SINA5000003060 MODULO DE CARGA","PEÇAS","","SDF8F89","CORRETIVO","","CENTRO OESTE DISTRIBUIDORA DE PEÇAS AUTOMOTIVAS LTDA","1211359","6a08832a9852eb89eb86f81f","2026-05-16T14:46:02.113000","2026-05-16T14:46:02.113000","6a0720445c9dd6ed8a2275ed","grupof8.ely2026@gmail.com","false"
"2026-03-13","736.3","39812","","ÓLEO E FILTROS","TROCA DE OLEO FILTROS / ANEL E VELA","PEÇAS","","TGA8F88","PREVENTIVO","","SAGA SOCIEDADE ANONIMA GOIAS DE AUTOMOVEIS","898253","6a08832a9852eb89eb86f82a","2026-05-16T14:46:02.113000","2026-05-16T14:46:02.113000","6a0720445c9dd6ed8a2275ed","grupof8.ely2026@gmail.com","false"
"2026-03-04","60","434387","","BATERIAS","CABO BATERIA E TERMINAL DE BATERIA","PEÇAS","","NKV6598","CORRETIVO","","JOSEMAR FRANCISCO DE MORAES 81443609153","7066","6a08832a9852eb89eb86f81d","2026-05-16T14:46:02.113000","2026-05-16T14:46:02.113000","6a0720445c9dd6ed8a2275ed","grupof8.ely2026@gmail.com","false"
"2026-03-11","450","400159","","AR CONDICIONADO","CARGA DE GAS / HIGIENIZAÇÃO E RESISTENCIA (AR CONDICIONADO) S/ OC","PEÇAS","","ONP5G56","CORRETIVO","","CLEYTON RODRIGUES DA SILVA","2318","6a08832a9852eb89eb86f827","2026-05-16T14:46:02.113000","2026-05-16T14:46:02.113000","6a0720445c9dd6ed8a2275ed","grupof8.ely2026@gmail.com","false"
"2026-03-13","1973.13","344297","","MOTOR","S/OC GAXETA TAMPA VALV. FILTRO ELEMENTO COMB.","PEÇAS","","RCJ1E32","CORRETIVO","","SOMAFERTIL CAMINHÕES LTDA","82621","6a08832a9852eb89eb86f82d","2026-05-16T14:46:02.113000","2026-05-16T14:46:02.113000","6a0720445c9dd6ed8a2275ed","grupof8.ely2026@gmail.com","false"
"2026-04-08","108","94336","","AR CONDICIONADO","ORDEM DE COMPRA: 52463 PARA USO NO CONSERTO DO CLIMATIZADOR DO BAUZINHO","PEÇAS","","SDF8F89","CORRETIVO","","CEBOLAO ACESSORIOS E EQUIPAMENTOS PARA CAMINHOES LTDA","57366","6a08832a9852eb89eb86f83a","2026-05-16T14:46:02.113000","2026-05-16T14:46:02.113000","6a0720445c9dd6ed8a2275ed","grupof8.ely2026@gmail.com","false"
"2026-03-21","642.4","39947","","ÓLEO E FILTROS","TROCA DE OLEO E FILTROS","PEÇAS","","TGB8F88","PREVENTIVO","","BELCAR VEICULOS LTDA","167446","6a08832a9852eb89eb86f832","2026-05-16T14:46:02.113000","2026-05-16T14:46:02.113000","6a0720445c9dd6ed8a2275ed","grupof8.ely2026@gmail.com","false"
"2026-03-09","84","106102","","ÓLEO E FILTROS","FILTRO","PEÇAS","","SCE8F89","PREVENTIVO","","MADRI LUBRIFICANTES LTDA","15211","6a08832a9852eb89eb86f824","2026-05-16T14:46:02.113000","2026-05-16T14:46:02.113000","6a0720445c9dd6ed8a2275ed","grupof8.ely2026@gmail.com","false"
"2026-03-25","1320","55919","","BATERIAS","BATERIA Z100E ZETTA","PEÇAS","","FIL2E25","CORRETIVO","","RORIZ AUTO PEÇAS LTDA","47094","6a08832a9852eb89eb86f836","2026-05-16T14:46:02.113000","2026-05-16T14:46:02.113000","6a0720445c9dd6ed8a2275ed","grupof8.ely2026@gmail.com","false"
"2026-03-12","751","102769","","BATERIAS","BATERIA M100 QD","PEÇAS","","RCN9D48","CORRETIVO","","MOURA","348472","6a08832a9852eb89eb86f829","2026-05-16T14:46:02.113000","2026-05-16T14:46:02.113000","6a0720445c9dd6ed8a2275ed","grupof8.ely2026@gmail.com","false"
"2026-04-15","5560","347908","","MOTOR","OC 53830","PEÇAS","","RCJ1E32","CORRETIVO","","SOMAFERTIL CAMINHÕES LTDA","83823","6a08832a9852eb89eb86f83e","2026-05-16T14:46:02.113000","2026-05-16T14:46:02.113000","6a0720445c9dd6ed8a2275ed","grupof8.ely2026@gmail.com","false"
"2026-04-22","29.29","347908","","ELÉTRICO","FUSIVEL 100A","PEÇAS","","RCJ1E32","CORRETIVO","","CENTRO AR REFRIGERACAO AUTOMOTIVA LTDA","587710","6a08832a9852eb89eb86f841","2026-05-16T14:46:02.113000","2026-05-16T14:46:02.113000","6a0720445c9dd6ed8a2275ed","grupof8.ely2026@gmail.com","false"
"2026-03-26","724","94516","","AR CONDICIONADO","OC 49188 FILTRO E VENTILADOR E LIMPEZA DO SISTEMA AR CONDICONADO","PEÇAS","","SDF8F89","CORRETIVO","","CENTRO AR REFRIGERACAO AUTOMOTIVA LTDA","587535","6a08832a9852eb89eb86f837","2026-05-16T14:46:02.113000","2026-05-16T14:46:02.113000","6a0720445c9dd6ed8a2275ed","grupof8.ely2026@gmail.com","false"
"2026-03-25","6360","119237","","ÓLEO E FILTROS","TROCA DE OLEO E FILTROS COMPLETO","PEÇAS","","SCE8F89","PREVENTIVO","","TECAR CAMINHOES E SERVICOS LTDA","137363","6a08832a9852eb89eb86f835","2026-05-16T14:46:02.113000","2026-05-16T14:46:02.113000","6a0720445c9dd6ed8a2275ed","grupof8.ely2026@gmail.com","false"
"2026-03-20","575.1","59914","","ÓLEO E FILTROS","TROCA DE OLEO E FILTROS + CORREIA DE TRANSMIS.","PEÇAS","","SDN9A99","PREVENTIVO","","BELCAR AUTOMOVEIS LTDA","67836","6a08832a9852eb89eb86f830","2026-05-16T14:46:02.113000","2026-05-16T14:46:02.113000","6a0720445c9dd6ed8a2275ed","grupof8.ely2026@gmail.com","false"
"2026-03-13","257","117487","","FREIOS","PEÇAS PARA SERVIÇO EM FREIO TRAS. (MOLA, LONA DE FREIO, COLA E RIBITES)","PEÇAS","","SCR8F89","CORRETIVO","","REAL FREIOS PECAS PARA VEICULOS","66607","6a08832a9852eb89eb86f82b","2026-05-16T14:46:02.113000","2026-05-16T14:46:02.113000","6a0720445c9dd6ed8a2275ed","grupof8.ely2026@gmail.com","false"
"2026-01-08","178","65163","","MOTOR","RETENTOR E OLEO 68","PEÇAS","","EDB0F96","CORRETIVO","","JA EQUIPAMENTOS INDUSTRIAIS LTDA","604","6a08832a9852eb89eb86f7f6","2026-05-16T14:46:02.112000","2026-05-16T14:46:02.112000","6a0720445c9dd6ed8a2275ed","grupof8.ely2026@gmail.com","false"
"2026-01-29","507.33","30362","","ÓLEO E FILTROS","TROCA DE OLEO E FILTROS","PEÇAS","","TGB8F88","PREVENTIVO","","SAGA SOCIEDADE ANONIMA GOIAS DE AUTOMOVEIS","890416","6a08832a9852eb89eb86f806","2026-05-16T14:46:02.112000","2026-05-16T14:46:02.112000","6a0720445c9dd6ed8a2275ed","grupof8.ely2026@gmail.com","false"
"2026-02-12","1105.25","91137","","ÓLEO E FILTROS","TROCA DE OLEO E FILTROS","PEÇAS","","SDF8F89","PREVENTIVO","","MADRI LUBRIFICANTES LTDA","14942","6a08832a9852eb89eb86f816","2026-05-16T14:46:02.112000","2026-05-16T14:46:02.112000","6a0720445c9dd6ed8a2275ed","grupof8.ely2026@gmail.com","false"
"2026-02-06","1070.25","88897","","ÓLEO E FILTROS","TROCA DE OLEO E FILTROS","PEÇAS","","SDK8F89","PREVENTIVO","","MADRI LUBRIFICANTES LTDA","14889","6a08832a9852eb89eb86f80a","2026-05-16T14:46:02.112000","2026-05-16T14:46:02.112000","6a0720445c9dd6ed8a2275ed","grupof8.ely2026@gmail.com","false"
"2026-02-18","367.27","433941","","ARREFECIMENTO","CORREIA 6PK1200 RV. RADIADOR","PEÇAS","","NKV6598","CORRETIVO","","PPL DISTRIBUIDORA DE PECAS LTDA","253164","6a08832a9852eb89eb86f819","2026-05-16T14:46:02.112000","2026-05-16T14:46:02.112000","6a0720445c9dd6ed8a2275ed","grupof8.ely2026@gmail.com","false"
"2026-03-03","140","399768","","SUSPENSÃO","ROLAMENTO RODA DIANTEIRA STRADA","PEÇAS","","ONP5G56","CORRETIVO","","AGUILERA AUTOPEÇAS DE GOIÁS LTDA","410480","6a08832a9852eb89eb86f81b","2026-05-16T14:46:02.112000","2026-05-16T14:46:02.112000","6a0720445c9dd6ed8a2275ed","grupof8.ely2026@gmail.com","false"
"2026-01-21","940","63703","","BATERIAS","BATERIA M150 BD","PEÇAS","","SCN8F89","CORRETIVO","","MOURA","344835","6a08832a9852eb89eb86f801","2026-05-16T14:46:02.112000","2026-05-16T14:46:02.112000","6a0720445c9dd6ed8a2275ed","grupof8.ely2026@gmail.com","false"
"2026-02-10","438.51","29998","","ÓLEO E FILTROS","TROCA DE OLEO E FILTROS","PEÇAS","","TGD8F88","PREVENTIVO","","SAGA SOCIEDADE ANONIMA GOIAS DE AUTOMOVEIS","892694","6a08832a9852eb89eb86f810","2026-05-16T14:46:02.112000","2026-05-16T14:46:02.112000","6a0720445c9dd6ed8a2275ed","grupof8.ely2026@gmail.com","false"
"2026-01-20","5300","305333","","SIST. PNEUMÁTICO","VALVULA SECADORA","PEÇAS","","RCN5F85","CORRETIVO","","HIDRACOM COMPONENTES AUTOMOTIVOS LTDA","45102","6a08832a9852eb89eb86f7fe","2026-05-16T14:46:02.112000","2026-05-16T14:46:02.112000","6a0720445c9dd6ed8a2275ed","grupof8.ely2026@gmail.com","false"
"2026-01-16","271.25","305333","","ELÉTRICO","FREIOS / PEÇAS : LONA DE FREIO, MOLA DO PATIM COLA E OUTROS","PEÇAS","","RCI5J55","CORRETIVO","","TRUKAO DISTRIBUIDORA DE PECAS LTDA","2358","6a08832a9852eb89eb86f7fb","2026-05-16T14:46:02.112000","2026-05-16T14:46:02.112000","6a0720445c9dd6ed8a2275ed","grupof8.ely2026@gmail.com","false"
"2026-01-27","1295.2","82226","","ÓLEO E FILTROS","TROCA DE OELO E FILTROS","PEÇAS","","SCA8F89","PREVENTIVO","","MADRI LUBRIFICANTES LTDA","14807","6a08832a9852eb89eb86f805","2026-05-16T14:46:02.112000","2026-05-16T14:46:02.112000","6a0720445c9dd6ed8a2275ed","grupof8.ely2026@gmail.com","false"
"2026-02-02","107","340202","","ACESSÓRIOS","FAIXA REFLETIVA PARACHOQUE","PEÇAS","","RAE7F23","CORRETIVO","","RORIZ AUTO PEÇAS LTDA","46009","6a08832a9852eb89eb86f808","2026-05-16T14:46:02.112000","2026-05-16T14:46:02.112000","6a0720445c9dd6ed8a2275ed","grupof8.ely2026@gmail.com","false"
"2026-02-06","622","56882","CESTO AÉREO","ÓLEOS E FILTROS","TROCA DE OLEO E FILTRO","PEÇAS","VW 9-170","FCG0F18","PREVENTIVO","","MADRI LUBRIFICANTES LTDA","14890","6a08832a9852eb89eb86f80c","2026-05-16T14:46:02.112000","2026-07-15T14:36:17.411000","6a0720445c9dd6ed8a2275ed","grupof8.ely2026@gmail.com","false"
"2026-01-24","248.5","165325","","ÓLEO E FILTROS","TROCA DE OLEO E FILTROS","PEÇAS","","SDF7I44","PREVENTIVO","","COOPERATIVA ESPECIALIZADA EM SERV PECAS COOPERVEL","163914","6a08832a9852eb89eb86f802","2026-05-16T14:46:02.112000","2026-05-16T14:46:02.112000","6a0720445c9dd6ed8a2275ed","grupof8.ely2026@gmail.com","false"
"2026-01-06","339","336653","","ÓLEO E FILTROS","FILTRO E OLEOS","PEÇAS","","RCJ1E32","PREVENTIVO","","MADRI LUBRIFICANTES LTDA","14576","6a08832a9852eb89eb86f7f5","2026-05-16T14:46:02.112000","2026-05-16T14:46:02.112000","6a0720445c9dd6ed8a2275ed","grupof8.ely2026@gmail.com","false"
"2026-02-05","1054.95","71179","","ÓLEO E FILTROS","TROCA DE OLEO E FILTROS","PEÇAS","","SDN8F89","PREVENTIVO","","MADRI LUBRIFICANTES LTDA","14879","6a08832a9852eb89eb86f809","2026-05-16T14:46:02.112000","2026-05-16T14:46:02.112000","6a0720445c9dd6ed8a2275ed","grupof8.ely2026@gmail.com","false"
"2026-03-02","4500","343951","","ARREFECIMENTO","SENSOR TEMPERATURA","PEÇAS","","RCJ1E32","CORRETIVO","","SOMAFERTIL CAMINHÕES LTDA","82115","6a08832a9852eb89eb86f81a","2026-05-16T14:46:02.112000","2026-05-16T14:46:02.112000","6a0720445c9dd6ed8a2275ed","grupof8.ely2026@gmail.com","false"
"2026-01-12","328","104925","","SUSPENSÃO","PINO/PORCA E MOLA MESTRE","PEÇAS","","SCR8F89","CORRETIVO","","PADDOCK TRUCK ACESSORIOS E SERVIÇOS LTDA","4323","6a08832a9852eb89eb86f7f7","2026-05-16T14:46:02.112000","2026-05-16T14:46:02.112000","6a0720445c9dd6ed8a2275ed","grupof8.ely2026@gmail.com","false"
"2026-01-12","3624","336757","","ÓLEO E FILTROS","TROCA DE OLEO E FILTROS","PEÇAS","","RCJ1E32","PREVENTIVO","","MADRI LUBRIFICANTES LTDA","14644","6a08832a9852eb89eb86f7f8","2026-05-16T14:46:02.112000","2026-05-16T14:46:02.112000","6a0720445c9dd6ed8a2275ed","grupof8.ely2026@gmail.com","false"
"2026-01-19","265.25","81166","","FREIOS","LONA DE FREIO E COLA","PEÇAS","","SCA8F89","CORRETIVO","","TRUKAO DISTRIBUIDORA DE PECAS LTDA","2385","6a08832a9852eb89eb86f7fc","2026-05-16T14:46:02.112000","2026-05-16T14:46:02.112000","6a0720445c9dd6ed8a2275ed","grupof8.ely2026@gmail.com","false"
"2026-02-10","117.33","26277","","FREIOS","PASTILHA FREIO","PEÇAS","","SDB0G19","CORRETIVO","","PPL DISTRIBUIDORA DE PECAS LTDA","253056","6a08832a9852eb89eb86f811","2026-05-16T14:46:02.112000","2026-05-16T14:46:02.112000","6a0720445c9dd6ed8a2275ed","grupof8.ely2026@gmail.com","false"
"2026-01-26","1400","65249","","ÓLEO E FILTROS","FILTRO COMBUSTIVE E ELEMENTO","PEÇAS","","SCN8F89","PREVENTIVO","","B & M AUTO PECAS","455","6a08832a9852eb89eb86f803","2026-05-16T14:46:02.112000","2026-05-16T14:46:02.112000","6a0720445c9dd6ed8a2275ed","grupof8.ely2026@gmail.com","false"
"2026-02-06","234","305535","","ELÉTRICO","MATERIAIS DESTINADOS À MANUTENÇÃO ELÉTRICA DO VEÍCULO","PEÇAS","","RCI5J45","CORRETIVO","","JOSEMAR FRANCISCO DE MORAES 81443609153","6992","6a08832a9852eb89eb86f80b","2026-05-16T14:46:02.112000","2026-05-16T14:46:02.112000","6a0720445c9dd6ed8a2275ed","grupof8.ely2026@gmail.com","false"
"2026-02-10","97.1","432768","","MOTOR","TAMPA DE OLEO MOTOR (ONP-5G56) E PASTILHA DIANTEIRA (NKV-6F98)","PEÇAS","","NKV6598","CORRETIVO","","CENTRO OESTE DISTRIBUIDORA DE PEÇAS AUTOMOTIVAS LTDA","1199508","6a08832a9852eb89eb86f813","2026-05-16T14:46:02.112000","2026-05-16T14:46:02.112000","6a0720445c9dd6ed8a2275ed","grupof8.ely2026@gmail.com","false"
"2026-02-13","1195","50417","","ÓLEO E FILTROS","TROCA DE OLEO E FILTROS","PEÇAS","","FON1F81","PREVENTIVO","","MADRI LUBRIFICANTES LTDA","14957","6a08832a9852eb89eb86f818","2026-05-16T14:46:02.112000","2026-05-16T14:46:02.112000","6a0720445c9dd6ed8a2275ed","grupof8.ely2026@gmail.com","false"
"2026-02-11","1500","432768","","AR CONDICIONADO","SERVIÇO EM AR CONDICIONADO","PEÇAS","","NKV6598","CORRETIVO","","CLEYTON RODRIGUES DA SILVA","2290","6a08832a9852eb89eb86f815","2026-05-16T14:46:02.112000","2026-05-16T14:46:02.112000","6a0720445c9dd6ed8a2275ed","grupof8.ely2026@gmail.com","false"
"2026-02-09","376","111945","","FREIOS","LONA DE FREIO MOLA PATIM E COLA","PEÇAS","","SCR8F89","CORRETIVO","","AGUILERA AUTOPEÇAS DE GOIÁS LTDA","407241","6a08832a9852eb89eb86f80e","2026-05-16T14:46:02.112000","2026-05-16T14:46:02.112000","6a0720445c9dd6ed8a2275ed","grupof8.ely2026@gmail.com","false"
"2026-02-11","263","343665","","LAMPADAS","LAMPADAS","PEÇAS","","RCJ1E32","CORRETIVO","","JOSEMAR FRANCISCO DE MORAES 81443609153","6999","6a08832a9852eb89eb86f814","2026-05-16T14:46:02.112000","2026-05-16T14:46:02.112000","6a0720445c9dd6ed8a2275ed","grupof8.ely2026@gmail.com","false"
"2026-01-20","610","81166","","FREIOS","TAMBOR DE FREIO","PEÇAS","","SCA8F89","CORRETIVO","","BANDEIRA DISTRIBUIDORA DE PECAS PARA CAMINHOES LTDA","7670","6a08832a9852eb89eb86f7fd","2026-05-16T14:46:02.112000","2026-05-16T14:46:02.112000","6a0720445c9dd6ed8a2275ed","grupof8.ely2026@gmail.com","false"
"2026-01-21","119.69","","","FREIOS","PASTILHA DE FREIO","PEÇAS","","SDN9A99","CORRETIVO","","PPL DISTRIBUIDORA DE PECAS LTDA","252697","6a08832a9852eb89eb86f800","2026-05-16T14:46:02.112000","2026-05-16T14:46:02.112000","6a0720445c9dd6ed8a2275ed","grupof8.ely2026@gmail.com","false"
"2026-02-10","668","111945","","FREIOS","OC 44093 REVISÃO DE FREIOS","PEÇAS","","SCR8F89","CORRETIVO","","PADDOCK SERVICOS AUTOMOTIVOS LTDA","8681","6a08832a9852eb89eb86f812","2026-05-16T14:46:02.112000","2026-05-16T14:46:02.112000","6a0720445c9dd6ed8a2275ed","grupof8.ely2026@gmail.com","false"
"2026-01-15","300.9","50434","","ÓLEO E FILTROS","TROCA DE OLEO E FILTROS","PEÇAS","","SDN9A99","PREVENTIVO","","BELCAR AUTOMOVEIS LTDA","64493","6a08832a9852eb89eb86f7fa","2026-05-16T14:46:02.112000","2026-05-16T14:46:02.112000","6a0720445c9dd6ed8a2275ed","grupof8.ely2026@gmail.com","false"
"2026-02-09","832.76","39852","","ÓLEO E FILTROS","TROCA DE ÓLEO LUBRIFICANTE, FILTROS, FLUIDO DE FREIO E VELA","PEÇAS","","TGE8F88","PREVENTIVO","","SAGA SOCIEDADE ANONIMA GOIAS DE AUTOMOVEIS","892449","6a08832a9852eb89eb86f80d","2026-05-16T14:46:02.112000","2026-05-16T14:46:02.112000","6a0720445c9dd6ed8a2275ed","grupof8.ely2026@gmail.com","false"
"2026-02-13","296.3","306628","","HIDRAULICO","S/ OC _ COMPRA DE MANGUEIRAS E CONEXOES","PEÇAS","","RCI5J45","CORRETIVO","","CIRCUITO HIDRAULICO E PEÇAS E COMPONENTES LTDA","3688","6a08832a9852eb89eb86f817","2026-05-16T14:46:02.112000","2026-05-16T14:46:02.112000","6a0720445c9dd6ed8a2275ed","grupof8.ely2026@gmail.com","false"
"2026-01-14","210","305333","","FUNILARIA E PINTURA","SUPORTE PARALAMA CARRETA","PEÇAS","","RCI5J55","CORRETIVO","","LINCE DIESEL PECAS E SERVICOS LTDA","1104","6a08832a9852eb89eb86f7f9","2026-05-16T14:46:02.112000","2026-05-16T14:46:02.112000","6a0720445c9dd6ed8a2275ed","grupof8.ely2026@gmail.com","false"
"2026-01-27","470","63703","","ELÉTRICO","PEÇAS MODULO DE CARGA LED BIVOLT/ LANTERNA LATERAL / PLUGUE 2 VIAS","PEÇAS","","SCN8F89","CORRETIVO","","PADDOCK TRUCK ACESSORIOS E SERVIÇOS LTDA","4350","6a08832a9852eb89eb86f804","2026-05-16T14:46:02.112000","2026-05-16T14:46:02.112000","6a0720445c9dd6ed8a2275ed","grupof8.ely2026@gmail.com","false"
"2026-02-09","780","41277","","VIDROS","OC 42480 PEÇA PARA PARABRISA DO CAMINHÃO","PEÇAS","","RET5E47","CORRETIVO","","STOCK-AUTO VIDROS E PEÇAS LTDA-ME","185265","6a08832a9852eb89eb86f80f","2026-05-16T14:46:02.112000","2026-05-16T14:46:02.112000","6a0720445c9dd6ed8a2275ed","grupof8.ely2026@gmail.com","false"
"2026-01-20","3420","338115","","SUSPENSÃO","PEÇAS DESTINADAS À MANUTENÇÃO DA QUINTA RODA DO CAVALO MECÂNICO.","PEÇAS","","RCJ1E32","CORRETIVO","","TRUKAO DISTRIBUIDORA DE PECAS LTDA","2388","6a08832a9852eb89eb86f7ff","2026-05-16T14:46:02.112000","2026-05-16T14:46:02.112000","6a0720445c9dd6ed8a2275ed","grupof8.ely2026@gmail.com","false"
"2026-01-30","673.13","164627","","FREIOS","PASTILHA E DISCO DE FREIO","PEÇAS","","RBL4H34","CORRETIVO","","PPL DISTRIBUIDORA DE PECAS LTDA","252886","6a08832a9852eb89eb86f807","2026-05-16T14:46:02.112000","2026-05-16T14:46:02.112000","6a0720445c9dd6ed8a2275ed","grupof8.ely2026@gmail.com","false"